symbol,bar_start_utc,bar_end_utc,open,high,low,close,volume,bar_vwap
ONEQ,2026-07-01T13:30:00+00:00,2026-07-01T13:35:00+00:00,102.63,102.74,102.26,102.4848,12992,102.4949
ONEQ,2026-07-01T13:35:00+00:00,2026-07-01T13:40:00+00:00,102.55,102.55,102.22,102.36,9391,102.3767
ONEQ,2026-07-01T13:40:00+00:00,2026-07-01T13:45:00+00:00,102.375,102.59,102.27,102.53,9677,102.4633
ONEQ,2026-07-01T13:45:00+00:00,2026-07-01T13:50:00+00:00,102.26,102.84,102.26,102.43,35143,102.51
ONEQ,2026-07-01T13:50:00+00:00,2026-07-01T13:55:00+00:00,102.4834,102.5,102.475,102.5,1475,102.4917
ONEQ,2026-07-01T13:55:00+00:00,2026-07-01T14:00:00+00:00,102.5241,102.58,102.37,102.58,1732,102.51
ONEQ,2026-07-01T14:00:00+00:00,2026-07-01T14:05:00+00:00,102.61,102.74,102.61,102.71,2234,102.6867
ONEQ,2026-07-01T14:05:00+00:00,2026-07-01T14:10:00+00:00,102.805,102.9,102.64,102.9,1324,102.8133
ONEQ,2026-07-01T14:10:00+00:00,2026-07-01T14:15:00+00:00,102.92,102.99,102.76,102.76,6492,102.8367
ONEQ,2026-07-01T14:15:00+00:00,2026-07-01T14:20:00+00:00,102.845,102.895,102.8434,102.8824,3745,102.8736
ONEQ,2026-07-01T14:20:00+00:00,2026-07-01T14:25:00+00:00,102.885,102.885,102.885,102.885,1577,102.885
ONEQ,2026-07-01T14:25:00+00:00,2026-07-01T14:30:00+00:00,102.905,102.905,102.82,102.82,2771,102.8483
ONEQ,2026-07-01T14:30:00+00:00,2026-07-01T14:35:00+00:00,102.905,102.905,102.69,102.69,15377,102.7617
ONEQ,2026-07-01T14:35:00+00:00,2026-07-01T14:40:00+00:00,102.725,102.85,102.725,102.85,646,102.8083
ONEQ,2026-07-01T14:40:00+00:00,2026-07-01T14:45:00+00:00,102.86,102.87,102.765,102.82,6846,102.8183
ONEQ,2026-07-01T14:45:00+00:00,2026-07-01T14:50:00+00:00,102.76,102.76,102.584,102.74,2225,102.6947
ONEQ,2026-07-01T14:50:00+00:00,2026-07-01T14:55:00+00:00,102.75,102.99,102.75,102.99,3359,102.91
ONEQ,2026-07-01T14:55:00+00:00,2026-07-01T15:00:00+00:00,102.725,102.74,102.5,102.74,1903,102.66
ONEQ,2026-07-01T15:00:00+00:00,2026-07-01T15:05:00+00:00,102.79,103.065,102.79,103.03,7610,102.9617
ONEQ,2026-07-01T15:05:00+00:00,2026-07-01T15:10:00+00:00,103.03,103.03,102.88,102.91,2522,102.94
ONEQ,2026-07-01T15:10:00+00:00,2026-07-01T15:15:00+00:00,102.86,102.95,102.8301,102.8401,2393,102.8734
ONEQ,2026-07-01T15:15:00+00:00,2026-07-01T15:20:00+00:00,103.1,103.149,103.1,103.14,4202,103.1297
ONEQ,2026-07-01T15:20:00+00:00,2026-07-01T15:25:00+00:00,103.14,103.3,103.14,103.26,10567,103.2333
ONEQ,2026-07-01T15:25:00+00:00,2026-07-01T15:30:00+00:00,103.215,103.32,103.215,103.31,2643,103.2817
ONEQ,2026-07-01T15:30:00+00:00,2026-07-01T15:35:00+00:00,103.33,103.33,103.15,103.23,3640,103.2367
ONEQ,2026-07-01T15:35:00+00:00,2026-07-01T15:40:00+00:00,103.03,103.12,103.03,103.12,1431,103.09
ONEQ,2026-07-01T15:40:00+00:00,2026-07-01T15:45:00+00:00,103.14,103.14,103.14,103.14,212,103.14
ONEQ,2026-07-01T15:45:00+00:00,2026-07-01T15:50:00+00:00,102.881,103.035,102.881,103.035,2527,102.9837
ONEQ,2026-07-01T15:50:00+00:00,2026-07-01T15:55:00+00:00,103.025,103.025,103.025,103.025,383,103.025
ONEQ,2026-07-01T15:55:00+00:00,2026-07-01T16:00:00+00:00,102.985,102.985,102.94,102.965,2580,102.9633
ONEQ,2026-07-01T16:00:00+00:00,2026-07-01T16:05:00+00:00,102.945,103.06,102.945,103.06,1202,103.0217
ONEQ,2026-07-01T16:05:00+00:00,2026-07-01T16:10:00+00:00,103.05,103.05,103.05,103.05,1134,103.05
ONEQ,2026-07-01T16:10:00+00:00,2026-07-01T16:15:00+00:00,102.99,102.99,102.95,102.95,2638,102.9633
ONEQ,2026-07-01T16:15:00+00:00,2026-07-01T16:20:00+00:00,102.9438,102.97,102.915,102.96,1975,102.9483
ONEQ,2026-07-01T16:25:00+00:00,2026-07-01T16:30:00+00:00,102.99,103.0,102.99,102.99,1719,102.9933
ONEQ,2026-07-01T16:30:00+00:00,2026-07-01T16:35:00+00:00,102.925,102.925,102.925,102.925,1817,102.925
ONEQ,2026-07-01T16:35:00+00:00,2026-07-01T16:40:00+00:00,102.99,102.99,102.96,102.96,830,102.97
ONEQ,2026-07-01T16:40:00+00:00,2026-07-01T16:45:00+00:00,102.96,102.96,102.77,102.77,1803,102.8333
ONEQ,2026-07-01T16:45:00+00:00,2026-07-01T16:50:00+00:00,102.895,102.96,102.885,102.95,2035,102.9317
ONEQ,2026-07-01T16:50:00+00:00,2026-07-01T16:55:00+00:00,102.95,102.95,102.865,102.865,683,102.8933
ONEQ,2026-07-01T16:55:00+00:00,2026-07-01T17:00:00+00:00,102.8896,102.9699,102.8896,102.9699,622,102.9431
ONEQ,2026-07-01T17:00:00+00:00,2026-07-01T17:05:00+00:00,102.85,102.85,102.85,102.85,651,102.85
ONEQ,2026-07-01T17:05:00+00:00,2026-07-01T17:10:00+00:00,102.86,102.86,102.86,102.86,161,102.86
ONEQ,2026-07-01T17:10:00+00:00,2026-07-01T17:15:00+00:00,102.85,102.89,102.81,102.89,1289,102.8633
ONEQ,2026-07-01T17:15:00+00:00,2026-07-01T17:20:00+00:00,102.91,102.925,102.91,102.925,2207,102.92
ONEQ,2026-07-01T17:20:00+00:00,2026-07-01T17:25:00+00:00,103.04,103.04,103.04,103.04,610,103.04
ONEQ,2026-07-01T17:25:00+00:00,2026-07-01T17:30:00+00:00,103.05,103.05,102.97,102.97,2085,102.9967
ONEQ,2026-07-01T17:30:00+00:00,2026-07-01T17:35:00+00:00,103.03,103.04,102.965,102.965,1704,102.99
ONEQ,2026-07-01T17:35:00+00:00,2026-07-01T17:40:00+00:00,102.99,102.99,102.99,102.99,1046,102.99
ONEQ,2026-07-01T17:40:00+00:00,2026-07-01T17:45:00+00:00,102.9,102.9,102.895,102.895,620,102.8967
ONEQ,2026-07-01T17:45:00+00:00,2026-07-01T17:50:00+00:00,102.935,102.935,102.76,102.76,3737,102.8183
ONEQ,2026-07-01T17:50:00+00:00,2026-07-01T17:55:00+00:00,102.94,102.965,102.94,102.965,1501,102.9567
ONEQ,2026-07-01T17:55:00+00:00,2026-07-01T18:00:00+00:00,102.95,102.95,102.95,102.95,244,102.95
ONEQ,2026-07-01T18:00:00+00:00,2026-07-01T18:05:00+00:00,102.97,102.97,102.9301,102.9301,834,102.9434
ONEQ,2026-07-01T18:05:00+00:00,2026-07-01T18:10:00+00:00,103.0,103.0,102.93,102.93,601,102.9533
ONEQ,2026-07-01T18:10:00+00:00,2026-07-01T18:15:00+00:00,102.71,102.9175,102.71,102.9175,1876,102.8483
ONEQ,2026-07-01T18:15:00+00:00,2026-07-01T18:20:00+00:00,102.82,102.96,102.82,102.96,3182,102.9133
ONEQ,2026-07-01T18:20:00+00:00,2026-07-01T18:25:00+00:00,102.87,102.87,102.79,102.845,791,102.835
ONEQ,2026-07-01T18:25:00+00:00,2026-07-01T18:30:00+00:00,102.875,102.875,102.85,102.85,1093,102.8583
ONEQ,2026-07-01T18:30:00+00:00,2026-07-01T18:35:00+00:00,102.856,102.856,102.856,102.856,524,102.856
ONEQ,2026-07-01T18:35:00+00:00,2026-07-01T18:40:00+00:00,102.86,102.92,102.83,102.92,8658,102.89
ONEQ,2026-07-01T18:40:00+00:00,2026-07-01T18:45:00+00:00,102.8408,102.8451,102.83,102.83,3629,102.835
ONEQ,2026-07-01T18:45:00+00:00,2026-07-01T18:50:00+00:00,102.7938,102.8199,102.53,102.645,8757,102.665
ONEQ,2026-07-01T18:50:00+00:00,2026-07-01T18:55:00+00:00,102.7229,102.76,102.66,102.66,20485,102.6933
ONEQ,2026-07-01T18:55:00+00:00,2026-07-01T19:00:00+00:00,102.685,102.76,102.68,102.72,2471,102.72
ONEQ,2026-07-01T19:00:00+00:00,2026-07-01T19:05:00+00:00,102.7848,102.95,102.76,102.95,11858,102.8867
ONEQ,2026-07-01T19:05:00+00:00,2026-07-01T19:10:00+00:00,102.9,102.93,102.84,102.8951,820,102.8884
ONEQ,2026-07-01T19:10:00+00:00,2026-07-01T19:15:00+00:00,102.86,102.9,102.86,102.86,4645,102.8733
ONEQ,2026-07-01T19:15:00+00:00,2026-07-01T19:20:00+00:00,102.92,102.92,102.78,102.87,3497,102.8567
ONEQ,2026-07-01T19:20:00+00:00,2026-07-01T19:25:00+00:00,102.91,102.92,102.87,102.91,3964,102.9
ONEQ,2026-07-01T19:25:00+00:00,2026-07-01T19:30:00+00:00,102.9,102.9,102.77,102.82,3579,102.83
ONEQ,2026-07-01T19:30:00+00:00,2026-07-01T19:35:00+00:00,102.83,102.9,102.8,102.8,2114,102.8333
ONEQ,2026-07-01T19:35:00+00:00,2026-07-01T19:40:00+00:00,102.885,102.885,102.75,102.75,853,102.795
ONEQ,2026-07-01T19:40:00+00:00,2026-07-01T19:45:00+00:00,102.645,102.7197,102.645,102.6984,964,102.6877
ONEQ,2026-07-01T19:45:00+00:00,2026-07-01T19:50:00+00:00,102.7152,102.775,102.7092,102.775,3034,102.7531
ONEQ,2026-07-01T19:50:00+00:00,2026-07-01T19:55:00+00:00,102.73,102.73,102.62,102.62,4118,102.6567
ONEQ,2026-07-01T19:55:00+00:00,2026-07-01T20:00:00+00:00,102.64,102.67,102.51,102.6,8754,102.5933
ONEQ,2026-07-02T13:30:00+00:00,2026-07-02T13:35:00+00:00,102.74,102.9399,102.49,102.9399,21583,102.7899
ONEQ,2026-07-02T13:35:00+00:00,2026-07-02T13:40:00+00:00,102.815,102.99,102.75,102.75,14357,102.83
ONEQ,2026-07-02T13:40:00+00:00,2026-07-02T13:45:00+00:00,102.84,103.18,102.795,103.02,2475,102.9983
ONEQ,2026-07-02T13:45:00+00:00,2026-07-02T13:50:00+00:00,103.13,103.13,102.9,103.045,2427,103.025
ONEQ,2026-07-02T13:50:00+00:00,2026-07-02T13:55:00+00:00,103.09,103.2723,103.09,103.21,6549,103.1908
ONEQ,2026-07-02T13:55:00+00:00,2026-07-02T14:00:00+00:00,103.2334,103.2955,103.1929,103.1929,914,103.2271
ONEQ,2026-07-02T14:00:00+00:00,2026-07-02T14:05:00+00:00,103.3125,103.4799,103.3125,103.34,1986,103.3775
ONEQ,2026-07-02T14:05:00+00:00,2026-07-02T14:10:00+00:00,103.3464,103.3464,103.16,103.16,488,103.2221
ONEQ,2026-07-02T14:10:00+00:00,2026-07-02T14:15:00+00:00,103.11,103.4399,103.01,103.4399,1773,103.2966
ONEQ,2026-07-02T14:15:00+00:00,2026-07-02T14:20:00+00:00,103.16,103.16,103.0,103.12,1648,103.0933
ONEQ,2026-07-02T14:20:00+00:00,2026-07-02T14:25:00+00:00,103.075,103.2199,102.92,103.2199,1348,103.1199
ONEQ,2026-07-02T14:25:00+00:00,2026-07-02T14:30:00+00:00,102.91,102.91,102.54,102.555,3337,102.6683
ONEQ,2026-07-02T14:30:00+00:00,2026-07-02T14:35:00+00:00,102.5,102.76,102.5,102.76,4762,102.6733
ONEQ,2026-07-02T14:35:00+00:00,2026-07-02T14:40:00+00:00,102.58,102.71,102.465,102.7,3233,102.625
ONEQ,2026-07-02T14:40:00+00:00,2026-07-02T14:45:00+00:00,102.585,102.585,102.19,102.3,8165,102.3583
ONEQ,2026-07-02T14:45:00+00:00,2026-07-02T14:50:00+00:00,102.37,102.44,102.15,102.26,5051,102.2833
ONEQ,2026-07-02T14:50:00+00:00,2026-07-02T14:55:00+00:00,102.31,102.34,102.09,102.15,4722,102.1933
ONEQ,2026-07-02T14:55:00+00:00,2026-07-02T15:00:00+00:00,102.0801,102.3974,102.0801,102.39,2218,102.2892
ONEQ,2026-07-02T15:00:00+00:00,2026-07-02T15:05:00+00:00,102.42,102.42,102.33,102.33,1421,102.36
ONEQ,2026-07-02T15:05:00+00:00,2026-07-02T15:10:00+00:00,102.0,102.0,101.705,101.92,6773,101.875
ONEQ,2026-07-02T15:10:00+00:00,2026-07-02T15:15:00+00:00,101.91,102.22,101.8501,102.0227,2276,102.0309
ONEQ,2026-07-02T15:15:00+00:00,2026-07-02T15:20:00+00:00,101.92,101.92,101.71,101.75,2400,101.7933
ONEQ,2026-07-02T15:20:00+00:00,2026-07-02T15:25:00+00:00,101.71,101.95,101.7001,101.95,2632,101.8667
ONEQ,2026-07-02T15:25:00+00:00,2026-07-02T15:30:00+00:00,102.049,102.049,101.74,101.965,7150,101.918
ONEQ,2026-07-02T15:30:00+00:00,2026-07-02T15:35:00+00:00,101.94,102.1029,101.94,102.1029,2084,102.0486
ONEQ,2026-07-02T15:35:00+00:00,2026-07-02T15:40:00+00:00,102.14,102.195,102.11,102.11,708,102.1383
ONEQ,2026-07-02T15:40:00+00:00,2026-07-02T15:45:00+00:00,102.1364,102.29,102.005,102.005,3420,102.1
ONEQ,2026-07-02T15:45:00+00:00,2026-07-02T15:50:00+00:00,102.0,102.0,101.84,101.84,2468,101.8933
ONEQ,2026-07-02T15:50:00+00:00,2026-07-02T15:55:00+00:00,101.83,101.83,101.74,101.8,5236,101.79
ONEQ,2026-07-02T15:55:00+00:00,2026-07-02T16:00:00+00:00,101.89,101.89,101.78,101.87,1693,101.8467
ONEQ,2026-07-02T16:00:00+00:00,2026-07-02T16:05:00+00:00,101.8799,101.8799,101.61,101.695,5032,101.7283
ONEQ,2026-07-02T16:05:00+00:00,2026-07-02T16:10:00+00:00,101.695,101.77,101.5001,101.555,3180,101.6084
ONEQ,2026-07-02T16:10:00+00:00,2026-07-02T16:15:00+00:00,101.61,101.71,101.61,101.6597,3927,101.6599
ONEQ,2026-07-02T16:15:00+00:00,2026-07-02T16:20:00+00:00,101.76,101.76,101.614,101.7,1867,101.6913
ONEQ,2026-07-02T16:20:00+00:00,2026-07-02T16:25:00+00:00,101.6496,101.6496,101.46,101.5599,5108,101.5565
ONEQ,2026-07-02T16:25:00+00:00,2026-07-02T16:30:00+00:00,101.57,101.61,101.5101,101.5101,1398,101.5434
ONEQ,2026-07-02T16:30:00+00:00,2026-07-02T16:35:00+00:00,101.57,101.57,101.43,101.44,1499,101.48
ONEQ,2026-07-02T16:35:00+00:00,2026-07-02T16:40:00+00:00,101.32,101.36,101.21,101.21,5707,101.26
ONEQ,2026-07-02T16:40:00+00:00,2026-07-02T16:45:00+00:00,101.4113,101.46,101.37,101.46,2959,101.43
ONEQ,2026-07-02T16:45:00+00:00,2026-07-02T16:50:00+00:00,101.45,101.45,101.45,101.45,111,101.45
ONEQ,2026-07-02T16:50:00+00:00,2026-07-02T16:55:00+00:00,101.46,101.46,101.33,101.4,2364,101.3967
ONEQ,2026-07-02T16:55:00+00:00,2026-07-02T17:00:00+00:00,101.22,101.25,101.22,101.25,1738,101.24
ONEQ,2026-07-02T17:00:00+00:00,2026-07-02T17:05:00+00:00,101.17,101.17,101.035,101.035,2175,101.08
ONEQ,2026-07-02T17:05:00+00:00,2026-07-02T17:10:00+00:00,101.0,101.29,101.0,101.21,4746,101.1667
ONEQ,2026-07-02T17:15:00+00:00,2026-07-02T17:20:00+00:00,101.23,101.27,101.23,101.23,2154,101.2433
ONEQ,2026-07-02T17:20:00+00:00,2026-07-02T17:25:00+00:00,101.35,101.35,101.35,101.35,890,101.35
ONEQ,2026-07-02T17:25:00+00:00,2026-07-02T17:30:00+00:00,101.12,101.2499,101.12,101.2499,521,101.2066
ONEQ,2026-07-02T17:30:00+00:00,2026-07-02T17:35:00+00:00,101.24,101.27,101.195,101.2,1331,101.2217
ONEQ,2026-07-02T17:35:00+00:00,2026-07-02T17:40:00+00:00,101.065,101.065,101.06,101.06,654,101.0617
ONEQ,2026-07-02T17:40:00+00:00,2026-07-02T17:45:00+00:00,101.0883,101.1,100.96,101.1,3247,101.0533
ONEQ,2026-07-02T17:45:00+00:00,2026-07-02T17:50:00+00:00,101.1,101.1,101.1,101.1,586,101.1
ONEQ,2026-07-02T17:50:00+00:00,2026-07-02T17:55:00+00:00,101.05,101.08,100.93,101.03,2113,101.0133
ONEQ,2026-07-02T17:55:00+00:00,2026-07-02T18:00:00+00:00,100.9401,100.9899,100.94,100.94,5444,100.9566
ONEQ,2026-07-02T18:00:00+00:00,2026-07-02T18:05:00+00:00,100.93,101.09,100.93,101.08,2834,101.0333
ONEQ,2026-07-02T18:05:00+00:00,2026-07-02T18:10:00+00:00,101.095,101.35,101.095,101.35,1372,101.265
ONEQ,2026-07-02T18:10:00+00:00,2026-07-02T18:15:00+00:00,101.42,101.42,101.395,101.395,922,101.4033
ONEQ,2026-07-02T18:15:00+00:00,2026-07-02T18:20:00+00:00,101.343,101.343,101.1747,101.23,3623,101.2492
ONEQ,2026-07-02T18:20:00+00:00,2026-07-02T18:25:00+00:00,101.26,101.31,101.2,101.3,4561,101.27
ONEQ,2026-07-02T18:25:00+00:00,2026-07-02T18:30:00+00:00,101.265,101.365,101.26,101.365,2365,101.33
ONEQ,2026-07-02T18:30:00+00:00,2026-07-02T18:35:00+00:00,101.4,101.56,101.4,101.56,2323,101.5067
ONEQ,2026-07-02T18:35:00+00:00,2026-07-02T18:40:00+00:00,101.4,101.44,101.4,101.44,1156,101.4267
ONEQ,2026-07-02T18:40:00+00:00,2026-07-02T18:45:00+00:00,101.45,101.45,101.35,101.35,3764,101.3833
ONEQ,2026-07-02T18:45:00+00:00,2026-07-02T18:50:00+00:00,101.39,101.39,101.275,101.3603,10078,101.3418
ONEQ,2026-07-02T18:50:00+00:00,2026-07-02T18:55:00+00:00,101.429,101.4941,101.37,101.37,2448,101.4114
ONEQ,2026-07-02T18:55:00+00:00,2026-07-02T19:00:00+00:00,101.345,101.4,101.345,101.3899,5379,101.3783
ONEQ,2026-07-02T19:00:00+00:00,2026-07-02T19:05:00+00:00,101.3899,101.3899,101.21,101.21,1135,101.27
ONEQ,2026-07-02T19:05:00+00:00,2026-07-02T19:10:00+00:00,101.14,101.22,101.08,101.18,2883,101.16
ONEQ,2026-07-02T19:15:00+00:00,2026-07-02T19:20:00+00:00,101.24,101.2599,101.22,101.2599,2116,101.2466
ONEQ,2026-07-02T19:20:00+00:00,2026-07-02T19:25:00+00:00,101.05,101.1499,101.05,101.1499,1514,101.1166
ONEQ,2026-07-02T19:25:00+00:00,2026-07-02T19:30:00+00:00,101.105,101.36,101.03,101.36,3168,101.25
ONEQ,2026-07-02T19:30:00+00:00,2026-07-02T19:35:00+00:00,101.31,101.39,101.2801,101.38,3315,101.35
ONEQ,2026-07-02T19:35:00+00:00,2026-07-02T19:40:00+00:00,101.4,101.4,101.305,101.385,1817,101.3633
ONEQ,2026-07-02T19:40:00+00:00,2026-07-02T19:45:00+00:00,101.4,101.4,101.33,101.345,3876,101.3583
ONEQ,2026-07-02T19:45:00+00:00,2026-07-02T19:50:00+00:00,101.345,101.415,101.3,101.33,6420,101.3483
ONEQ,2026-07-02T19:50:00+00:00,2026-07-02T19:55:00+00:00,101.36,101.58,101.36,101.5,9728,101.48
ONEQ,2026-07-02T19:55:00+00:00,2026-07-02T20:00:00+00:00,101.56,101.785,101.56,101.71,15600,101.685
ONEQ,2026-07-06T13:30:00+00:00,2026-07-06T13:35:00+00:00,102.15,102.72,102.15,102.72,22232,102.53
ONEQ,2026-07-06T13:35:00+00:00,2026-07-06T13:40:00+00:00,102.5009,102.5009,102.2758,102.4,3907,102.3922
ONEQ,2026-07-06T13:40:00+00:00,2026-07-06T13:45:00+00:00,102.49,102.575,102.42,102.535,3868,102.51
ONEQ,2026-07-06T13:45:00+00:00,2026-07-06T13:50:00+00:00,102.66,102.67,102.54,102.67,5976,102.6267
ONEQ,2026-07-06T13:50:00+00:00,2026-07-06T13:55:00+00:00,102.67,102.79,102.52,102.79,6781,102.7
ONEQ,2026-07-06T13:55:00+00:00,2026-07-06T14:00:00+00:00,102.7287,102.7287,102.52,102.52,7961,102.5896
ONEQ,2026-07-06T14:00:00+00:00,2026-07-06T14:05:00+00:00,102.62,102.675,102.56,102.615,2478,102.6167
ONEQ,2026-07-06T14:05:00+00:00,2026-07-06T14:10:00+00:00,102.71,102.825,102.49,102.805,6328,102.7067
ONEQ,2026-07-06T14:10:00+00:00,2026-07-06T14:15:00+00:00,102.765,102.78,102.75,102.78,1911,102.77
ONEQ,2026-07-06T14:15:00+00:00,2026-07-06T14:20:00+00:00,102.83,102.83,102.66,102.76,3987,102.75
ONEQ,2026-07-06T14:20:00+00:00,2026-07-06T14:25:00+00:00,102.825,102.825,102.7601,102.7601,2889,102.7817
ONEQ,2026-07-06T14:25:00+00:00,2026-07-06T14:30:00+00:00,102.855,102.855,102.72,102.83,3627,102.8017
ONEQ,2026-07-06T14:30:00+00:00,2026-07-06T14:35:00+00:00,102.9,102.9,102.84,102.84,704,102.86
ONEQ,2026-07-06T14:35:00+00:00,2026-07-06T14:40:00+00:00,102.85,102.85,102.82,102.82,308,102.83
ONEQ,2026-07-06T14:40:00+00:00,2026-07-06T14:45:00+00:00,102.74,102.87,102.74,102.87,1034,102.8267
ONEQ,2026-07-06T14:45:00+00:00,2026-07-06T14:50:00+00:00,102.855,102.89,102.855,102.89,2131,102.8783
ONEQ,2026-07-06T14:50:00+00:00,2026-07-06T14:55:00+00:00,102.875,102.94,102.82,102.82,3301,102.86
ONEQ,2026-07-06T14:55:00+00:00,2026-07-06T15:00:00+00:00,102.88,102.8899,102.88,102.8899,760,102.8866
ONEQ,2026-07-06T15:00:00+00:00,2026-07-06T15:05:00+00:00,102.88,102.88,102.875,102.875,846,102.8767
ONEQ,2026-07-06T15:05:00+00:00,2026-07-06T15:10:00+00:00,102.91,102.91,102.845,102.845,1014,102.8667
ONEQ,2026-07-06T15:10:00+00:00,2026-07-06T15:15:00+00:00,102.895,102.905,102.87,102.87,1021,102.8817
ONEQ,2026-07-06T15:15:00+00:00,2026-07-06T15:20:00+00:00,102.8285,102.8699,102.6875,102.73,5081,102.7625
ONEQ,2026-07-06T15:20:00+00:00,2026-07-06T15:25:00+00:00,102.795,102.795,102.79,102.79,611,102.7917
ONEQ,2026-07-06T15:25:00+00:00,2026-07-06T15:30:00+00:00,102.874,103.01,102.874,103.01,9370,102.9647
ONEQ,2026-07-06T15:30:00+00:00,2026-07-06T15:35:00+00:00,103.02,103.09,103.01,103.01,2038,103.0367
ONEQ,2026-07-06T15:40:00+00:00,2026-07-06T15:45:00+00:00,103.04,103.105,103.04,103.105,4791,103.0833
ONEQ,2026-07-06T15:45:00+00:00,2026-07-06T15:50:00+00:00,103.105,103.16,103.09,103.16,3018,103.1367
ONEQ,2026-07-06T15:50:00+00:00,2026-07-06T15:55:00+00:00,103.08,103.08,103.08,103.08,393,103.08
ONEQ,2026-07-06T15:55:00+00:00,2026-07-06T16:00:00+00:00,103.07,103.12,103.07,103.12,742,103.1033
ONEQ,2026-07-06T16:00:00+00:00,2026-07-06T16:05:00+00:00,103.16,103.16,103.16,103.16,767,103.16
ONEQ,2026-07-06T16:05:00+00:00,2026-07-06T16:10:00+00:00,103.1499,103.165,103.1499,103.165,1049,103.16
ONEQ,2026-07-06T16:10:00+00:00,2026-07-06T16:15:00+00:00,103.12,103.19,103.12,103.18,2814,103.1633
ONEQ,2026-07-06T16:20:00+00:00,2026-07-06T16:25:00+00:00,103.145,103.145,103.075,103.075,1469,103.0983
ONEQ,2026-07-06T16:25:00+00:00,2026-07-06T16:30:00+00:00,102.9901,102.9901,102.9901,102.9901,179,102.9901
ONEQ,2026-07-06T16:30:00+00:00,2026-07-06T16:35:00+00:00,103.0699,103.0699,102.9655,103.045,3034,103.0268
ONEQ,2026-07-06T16:35:00+00:00,2026-07-06T16:40:00+00:00,103.03,103.0699,102.965,103.0699,2419,103.0349
ONEQ,2026-07-06T16:40:00+00:00,2026-07-06T16:45:00+00:00,103.03,103.03,102.96,102.98,2910,102.99
ONEQ,2026-07-06T16:45:00+00:00,2026-07-06T16:50:00+00:00,103.0056,103.035,103.0056,103.035,1192,103.0252
ONEQ,2026-07-06T16:50:00+00:00,2026-07-06T16:55:00+00:00,103.1,103.1,102.9201,102.9201,2674,102.9801
ONEQ,2026-07-06T16:55:00+00:00,2026-07-06T17:00:00+00:00,103.02,103.03,102.935,102.935,3052,102.9667
ONEQ,2026-07-06T17:00:00+00:00,2026-07-06T17:05:00+00:00,102.95,102.95,102.95,102.95,3727,102.95
ONEQ,2026-07-06T17:05:00+00:00,2026-07-06T17:10:00+00:00,103.0,103.1,103.0,103.1,4179,103.0667
ONEQ,2026-07-06T17:10:00+00:00,2026-07-06T17:15:00+00:00,103.06,103.06,103.06,103.06,2316,103.06
ONEQ,2026-07-06T17:20:00+00:00,2026-07-06T17:25:00+00:00,102.95,102.95,102.93,102.93,615,102.9367
ONEQ,2026-07-06T17:25:00+00:00,2026-07-06T17:30:00+00:00,102.97,102.97,102.97,102.97,1957,102.97
ONEQ,2026-07-06T17:30:00+00:00,2026-07-06T17:35:00+00:00,102.9,102.9,102.9,102.9,555,102.9
ONEQ,2026-07-06T17:35:00+00:00,2026-07-06T17:40:00+00:00,102.835,102.835,102.78,102.78,2848,102.7983
ONEQ,2026-07-06T17:40:00+00:00,2026-07-06T17:45:00+00:00,102.61,102.61,102.61,102.61,2625,102.61
ONEQ,2026-07-06T17:50:00+00:00,2026-07-06T17:55:00+00:00,102.73,102.79,102.6561,102.6561,1231,102.7007
ONEQ,2026-07-06T17:55:00+00:00,2026-07-06T18:00:00+00:00,102.595,102.61,102.56,102.56,1040,102.5767
ONEQ,2026-07-06T18:00:00+00:00,2026-07-06T18:05:00+00:00,102.655,102.6601,102.655,102.6601,3273,102.6584
ONEQ,2026-07-06T18:05:00+00:00,2026-07-06T18:10:00+00:00,102.84,102.84,102.84,102.84,1345,102.84
ONEQ,2026-07-06T18:20:00+00:00,2026-07-06T18:25:00+00:00,102.91,102.91,102.91,102.91,254,102.91
ONEQ,2026-07-06T18:25:00+00:00,2026-07-06T18:30:00+00:00,102.905,102.97,102.8201,102.86,7074,102.8834
ONEQ,2026-07-06T18:30:00+00:00,2026-07-06T18:35:00+00:00,102.845,102.88,102.8001,102.8572,4528,102.8458
ONEQ,2026-07-06T18:35:00+00:00,2026-07-06T18:40:00+00:00,102.875,102.89,102.835,102.835,1909,102.8533
ONEQ,2026-07-06T18:40:00+00:00,2026-07-06T18:45:00+00:00,102.89,102.895,102.89,102.895,482,102.8933
ONEQ,2026-07-06T18:45:00+00:00,2026-07-06T18:50:00+00:00,102.84,102.9225,102.84,102.9,1221,102.8875
ONEQ,2026-07-06T18:50:00+00:00,2026-07-06T18:55:00+00:00,102.88,102.88,102.88,102.88,332,102.88
ONEQ,2026-07-06T18:55:00+00:00,2026-07-06T19:00:00+00:00,102.92,102.95,102.835,102.91,141563,102.8983
ONEQ,2026-07-06T19:00:00+00:00,2026-07-06T19:05:00+00:00,102.92,102.955,102.86,102.9,3334,102.905
ONEQ,2026-07-06T19:05:00+00:00,2026-07-06T19:10:00+00:00,102.98,102.98,102.94,102.94,1417,102.9533
ONEQ,2026-07-06T19:10:00+00:00,2026-07-06T19:15:00+00:00,102.98,102.99,102.98,102.99,3894,102.9867
ONEQ,2026-07-06T19:15:00+00:00,2026-07-06T19:20:00+00:00,102.96,103.08,102.9525,103.08,4243,103.0375
ONEQ,2026-07-06T19:20:00+00:00,2026-07-06T19:25:00+00:00,103.09,103.11,103.02,103.065,1704,103.065
ONEQ,2026-07-06T19:25:00+00:00,2026-07-06T19:30:00+00:00,103.0651,103.0651,103.05,103.05,683,103.055
ONEQ,2026-07-06T19:30:00+00:00,2026-07-06T19:35:00+00:00,103.03,103.0499,103.0,103.0499,6790,103.0333
ONEQ,2026-07-06T19:35:00+00:00,2026-07-06T19:40:00+00:00,103.015,103.03,102.97,102.97,1796,102.99
ONEQ,2026-07-06T19:40:00+00:00,2026-07-06T19:45:00+00:00,103.03,103.07,102.97,103.07,3919,103.0367
ONEQ,2026-07-06T19:45:00+00:00,2026-07-06T19:50:00+00:00,103.03,103.0799,103.03,103.0669,6714,103.0589
ONEQ,2026-07-06T19:50:00+00:00,2026-07-06T19:55:00+00:00,103.055,103.055,102.92,103.0099,3766,102.995
ONEQ,2026-07-06T19:55:00+00:00,2026-07-06T20:00:00+00:00,102.98,102.98,102.8301,102.84,9373,102.8834
ONEQ,2026-07-07T13:30:00+00:00,2026-07-07T13:35:00+00:00,102.5,102.5,102.23,102.29,9986,102.34
ONEQ,2026-07-07T13:35:00+00:00,2026-07-07T13:40:00+00:00,102.1344,102.16,101.92,102.06,4864,102.0467
ONEQ,2026-07-07T13:40:00+00:00,2026-07-07T13:45:00+00:00,102.05,102.245,102.05,102.185,7715,102.16
ONEQ,2026-07-07T13:45:00+00:00,2026-07-07T13:50:00+00:00,102.15,102.155,102.0001,102.105,2566,102.0867
ONEQ,2026-07-07T13:50:00+00:00,2026-07-07T13:55:00+00:00,102.075,102.075,101.935,101.98,1301,101.9967
ONEQ,2026-07-07T13:55:00+00:00,2026-07-07T14:00:00+00:00,101.84,101.88,101.75,101.875,12905,101.835
ONEQ,2026-07-07T14:00:00+00:00,2026-07-07T14:05:00+00:00,101.97,101.97,101.75,101.9599,1574,101.8933
ONEQ,2026-07-07T14:05:00+00:00,2026-07-07T14:10:00+00:00,101.855,101.87,101.7701,101.795,5429,101.8117
ONEQ,2026-07-07T14:10:00+00:00,2026-07-07T14:15:00+00:00,101.675,101.7099,101.5906,101.5906,2625,101.6304
ONEQ,2026-07-07T14:15:00+00:00,2026-07-07T14:20:00+00:00,101.585,101.585,101.475,101.5102,3111,101.5234
ONEQ,2026-07-07T14:20:00+00:00,2026-07-07T14:25:00+00:00,101.5,101.57,101.42,101.43,6297,101.4733
ONEQ,2026-07-07T14:25:00+00:00,2026-07-07T14:30:00+00:00,101.3267,101.42,101.3267,101.42,1010,101.3889
ONEQ,2026-07-07T14:30:00+00:00,2026-07-07T14:35:00+00:00,101.415,101.5591,101.29,101.3201,27473,101.3897
ONEQ,2026-07-07T14:35:00+00:00,2026-07-07T14:40:00+00:00,101.4088,101.41,101.33,101.345,2182,101.3617
ONEQ,2026-07-07T14:40:00+00:00,2026-07-07T14:45:00+00:00,101.26,101.325,101.155,101.27,6746,101.25
ONEQ,2026-07-07T14:45:00+00:00,2026-07-07T14:50:00+00:00,101.1812,101.42,101.1812,101.2,3738,101.2671
ONEQ,2026-07-07T14:50:00+00:00,2026-07-07T14:55:00+00:00,101.3051,101.35,101.3051,101.35,2800,101.335
ONEQ,2026-07-07T14:55:00+00:00,2026-07-07T15:00:00+00:00,101.3,101.4999,101.3,101.4,2749,101.4
ONEQ,2026-07-07T15:00:00+00:00,2026-07-07T15:05:00+00:00,101.35,101.4079,101.33,101.4079,5035,101.3819
ONEQ,2026-07-07T15:05:00+00:00,2026-07-07T15:10:00+00:00,101.42,101.499,101.42,101.499,6489,101.4727
ONEQ,2026-07-07T15:10:00+00:00,2026-07-07T15:15:00+00:00,101.48,101.5299,101.45,101.47,2528,101.4833
ONEQ,2026-07-07T15:15:00+00:00,2026-07-07T15:20:00+00:00,101.445,101.445,101.32,101.435,3053,101.4
ONEQ,2026-07-07T15:20:00+00:00,2026-07-07T15:25:00+00:00,101.375,101.4737,101.375,101.395,4111,101.4146
ONEQ,2026-07-07T15:25:00+00:00,2026-07-07T15:30:00+00:00,101.435,101.455,101.43,101.43,1391,101.4383
ONEQ,2026-07-07T15:30:00+00:00,2026-07-07T15:35:00+00:00,101.49,101.49,101.4799,101.4799,519,101.4833
ONEQ,2026-07-07T15:35:00+00:00,2026-07-07T15:40:00+00:00,101.405,101.46,101.355,101.355,1804,101.39
ONEQ,2026-07-07T15:40:00+00:00,2026-07-07T15:45:00+00:00,101.35,101.5,101.35,101.5,2727,101.45
ONEQ,2026-07-07T15:45:00+00:00,2026-07-07T15:50:00+00:00,101.605,101.605,101.59,101.59,744,101.595
ONEQ,2026-07-07T15:50:00+00:00,2026-07-07T15:55:00+00:00,101.605,101.635,101.605,101.635,1829,101.625
ONEQ,2026-07-07T15:55:00+00:00,2026-07-07T16:00:00+00:00,101.65,101.753,101.65,101.715,1416,101.706
ONEQ,2026-07-07T16:00:00+00:00,2026-07-07T16:05:00+00:00,101.73,101.805,101.73,101.8,2622,101.7783
ONEQ,2026-07-07T16:05:00+00:00,2026-07-07T16:10:00+00:00,101.75,101.88,101.7219,101.79,4312,101.7973
ONEQ,2026-07-07T16:10:00+00:00,2026-07-07T16:15:00+00:00,101.85,101.85,101.83,101.83,3006,101.8367
ONEQ,2026-07-07T16:15:00+00:00,2026-07-07T16:20:00+00:00,101.935,101.98,101.935,101.98,4064,101.965
ONEQ,2026-07-07T16:20:00+00:00,2026-07-07T16:25:00+00:00,102.06,102.1,102.05,102.09,2119,102.08
ONEQ,2026-07-07T16:25:00+00:00,2026-07-07T16:30:00+00:00,102.105,102.105,102.101,102.101,2341,102.1023
ONEQ,2026-07-07T16:30:00+00:00,2026-07-07T16:35:00+00:00,102.145,102.18,102.145,102.15,2276,102.1583
ONEQ,2026-07-07T16:35:00+00:00,2026-07-07T16:40:00+00:00,102.195,102.195,102.08,102.08,1580,102.1183
ONEQ,2026-07-07T16:40:00+00:00,2026-07-07T16:45:00+00:00,102.11,102.15,102.11,102.12,1775,102.1267
ONEQ,2026-07-07T16:45:00+00:00,2026-07-07T16:50:00+00:00,102.185,102.185,102.17,102.1849,1082,102.18
ONEQ,2026-07-07T16:50:00+00:00,2026-07-07T16:55:00+00:00,102.2,102.2499,102.2,102.2499,458,102.2333
ONEQ,2026-07-07T16:55:00+00:00,2026-07-07T17:00:00+00:00,102.155,102.155,102.08,102.08,1562,102.105
ONEQ,2026-07-07T17:00:00+00:00,2026-07-07T17:05:00+00:00,102.23,102.23,102.17,102.17,2754,102.19
ONEQ,2026-07-07T17:05:00+00:00,2026-07-07T17:10:00+00:00,102.24,102.26,102.24,102.26,2569,102.2533
ONEQ,2026-07-07T17:10:00+00:00,2026-07-07T17:15:00+00:00,102.225,102.225,102.15,102.21,4546,102.195
ONEQ,2026-07-07T17:15:00+00:00,2026-07-07T17:20:00+00:00,102.112,102.112,102.065,102.065,1162,102.0807
ONEQ,2026-07-07T17:20:00+00:00,2026-07-07T17:25:00+00:00,102.2,102.215,102.15,102.215,652,102.1933
ONEQ,2026-07-07T17:25:00+00:00,2026-07-07T17:30:00+00:00,102.2,102.2,102.13,102.15,12427,102.16
ONEQ,2026-07-07T17:35:00+00:00,2026-07-07T17:40:00+00:00,102.18,102.18,102.18,102.18,867,102.18
ONEQ,2026-07-07T17:45:00+00:00,2026-07-07T17:50:00+00:00,102.15,102.15,102.15,102.15,438,102.15
ONEQ,2026-07-07T17:50:00+00:00,2026-07-07T17:55:00+00:00,102.155,102.155,102.155,102.155,1441,102.155
ONEQ,2026-07-07T17:55:00+00:00,2026-07-07T18:00:00+00:00,102.2,102.2,102.2,102.2,375,102.2
ONEQ,2026-07-07T18:00:00+00:00,2026-07-07T18:05:00+00:00,102.23,102.23,102.2,102.21,739,102.2133
ONEQ,2026-07-07T18:05:00+00:00,2026-07-07T18:10:00+00:00,102.195,102.195,102.195,102.195,590,102.195
ONEQ,2026-07-07T18:10:00+00:00,2026-07-07T18:15:00+00:00,102.2,102.25,102.2,102.25,449,102.2333
ONEQ,2026-07-07T18:15:00+00:00,2026-07-07T18:20:00+00:00,102.18,102.195,102.1601,102.195,1584,102.1834
ONEQ,2026-07-07T18:20:00+00:00,2026-07-07T18:25:00+00:00,102.175,102.215,102.175,102.215,1856,102.2017
ONEQ,2026-07-07T18:30:00+00:00,2026-07-07T18:35:00+00:00,102.12,102.16,102.12,102.16,13871,102.1467
ONEQ,2026-07-07T18:35:00+00:00,2026-07-07T18:40:00+00:00,102.07,102.07,102.07,102.07,383,102.07
ONEQ,2026-07-07T18:40:00+00:00,2026-07-07T18:45:00+00:00,102.01,102.0499,101.99,101.99,2824,102.01
ONEQ,2026-07-07T18:45:00+00:00,2026-07-07T18:50:00+00:00,101.98,101.98,101.92,101.92,413,101.94
ONEQ,2026-07-07T18:50:00+00:00,2026-07-07T18:55:00+00:00,101.92,101.92,101.79,101.79,995,101.8333
ONEQ,2026-07-07T18:55:00+00:00,2026-07-07T19:00:00+00:00,101.82,101.82,101.71,101.71,1958,101.7467
ONEQ,2026-07-07T19:00:00+00:00,2026-07-07T19:05:00+00:00,101.655,101.7,101.5301,101.66,1934,101.63
ONEQ,2026-07-07T19:05:00+00:00,2026-07-07T19:10:00+00:00,101.69,101.73,101.61,101.61,1511,101.65
ONEQ,2026-07-07T19:10:00+00:00,2026-07-07T19:15:00+00:00,101.619,101.625,101.55,101.55,4300,101.575
ONEQ,2026-07-07T19:15:00+00:00,2026-07-07T19:20:00+00:00,101.53,101.5799,101.4,101.45,5647,101.4766
ONEQ,2026-07-07T19:20:00+00:00,2026-07-07T19:25:00+00:00,101.54,101.58,101.515,101.5394,2482,101.5448
ONEQ,2026-07-07T19:25:00+00:00,2026-07-07T19:30:00+00:00,101.5582,101.61,101.4901,101.61,2225,101.57
ONEQ,2026-07-07T19:30:00+00:00,2026-07-07T19:35:00+00:00,101.48,101.68,101.48,101.58,3915,101.58
ONEQ,2026-07-07T19:35:00+00:00,2026-07-07T19:40:00+00:00,101.665,101.665,101.52,101.535,2994,101.5733
ONEQ,2026-07-07T19:40:00+00:00,2026-07-07T19:45:00+00:00,101.57,101.57,101.44,101.4601,2261,101.49
ONEQ,2026-07-07T19:45:00+00:00,2026-07-07T19:50:00+00:00,101.46,101.64,101.46,101.59,3519,101.5633
ONEQ,2026-07-07T19:50:00+00:00,2026-07-07T19:55:00+00:00,101.6941,101.6941,101.5371,101.62,3919,101.6171
ONEQ,2026-07-07T19:55:00+00:00,2026-07-07T20:00:00+00:00,101.64,101.69,101.61,101.68,14612,101.66
ONEQ,2026-07-08T13:30:00+00:00,2026-07-08T13:35:00+00:00,101.09,101.39,101.09,101.285,14490,101.255
ONEQ,2026-07-08T13:35:00+00:00,2026-07-08T13:40:00+00:00,101.22,101.315,101.1701,101.2,12804,101.2284
ONEQ,2026-07-08T13:40:00+00:00,2026-07-08T13:45:00+00:00,101.47,101.5,101.32,101.4425,7326,101.4208
ONEQ,2026-07-08T13:45:00+00:00,2026-07-08T13:50:00+00:00,101.43,101.465,101.38,101.38,2027,101.4083
ONEQ,2026-07-08T13:50:00+00:00,2026-07-08T13:55:00+00:00,101.24,101.275,101.24,101.275,996,101.2633
ONEQ,2026-07-08T13:55:00+00:00,2026-07-08T14:00:00+00:00,101.395,101.47,101.395,101.47,1494,101.445
ONEQ,2026-07-08T14:00:00+00:00,2026-07-08T14:05:00+00:00,101.425,101.425,101.32,101.32,996,101.355
ONEQ,2026-07-08T14:05:00+00:00,2026-07-08T14:10:00+00:00,101.24,101.48,101.24,101.48,4294,101.4
ONEQ,2026-07-08T14:10:00+00:00,2026-07-08T14:15:00+00:00,101.3,101.3,101.1506,101.17,4244,101.2069
ONEQ,2026-07-08T14:15:00+00:00,2026-07-08T14:20:00+00:00,101.2,101.2,101.16,101.2,1003,101.1867
ONEQ,2026-07-08T14:20:00+00:00,2026-07-08T14:25:00+00:00,101.305,101.335,101.305,101.3209,451,101.3203
ONEQ,2026-07-08T14:25:00+00:00,2026-07-08T14:30:00+00:00,101.25,101.275,101.185,101.275,1793,101.245
ONEQ,2026-07-08T14:30:00+00:00,2026-07-08T14:35:00+00:00,101.1808,101.235,101.11,101.235,1188,101.1933
ONEQ,2026-07-08T14:35:00+00:00,2026-07-08T14:40:00+00:00,101.09,101.29,101.08,101.09,4317,101.1533
ONEQ,2026-07-08T14:40:00+00:00,2026-07-08T14:45:00+00:00,101.1599,101.1599,100.96,101.08,14619,101.0666
ONEQ,2026-07-08T14:45:00+00:00,2026-07-08T14:50:00+00:00,101.045,101.045,100.965,100.965,1117,100.9917
ONEQ,2026-07-08T14:50:00+00:00,2026-07-08T14:55:00+00:00,100.92,101.1,100.78,101.1,3095,100.9933
ONEQ,2026-07-08T14:55:00+00:00,2026-07-08T15:00:00+00:00,101.17,101.17,100.91,100.91,1752,100.9967
ONEQ,2026-07-08T15:00:00+00:00,2026-07-08T15:05:00+00:00,100.92,101.055,100.88,100.8818,2966,100.9389
ONEQ,2026-07-08T15:05:00+00:00,2026-07-08T15:10:00+00:00,101.005,101.005,100.97,100.97,1972,100.9817
ONEQ,2026-07-08T15:10:00+00:00,2026-07-08T15:15:00+00:00,101.04,101.04,101.04,101.04,1561,101.04
ONEQ,2026-07-08T15:15:00+00:00,2026-07-08T15:20:00+00:00,100.7814,100.827,100.75,100.827,2954,100.8013
ONEQ,2026-07-08T15:20:00+00:00,2026-07-08T15:25:00+00:00,100.7499,100.7499,100.59,100.635,1236,100.6583
ONEQ,2026-07-08T15:25:00+00:00,2026-07-08T15:30:00+00:00,100.57,100.625,100.57,100.625,1714,100.6067
ONEQ,2026-07-08T15:30:00+00:00,2026-07-08T15:35:00+00:00,100.63,100.73,100.63,100.63,1011,100.6633
ONEQ,2026-07-08T15:35:00+00:00,2026-07-08T15:40:00+00:00,100.7,100.79,100.7,100.71,4072,100.7333
ONEQ,2026-07-08T15:40:00+00:00,2026-07-08T15:45:00+00:00,100.75,100.75,100.69,100.69,674,100.71
ONEQ,2026-07-08T15:45:00+00:00,2026-07-08T15:50:00+00:00,100.7199,100.758,100.65,100.65,4114,100.686
ONEQ,2026-07-08T15:50:00+00:00,2026-07-08T15:55:00+00:00,100.63,100.6891,100.565,100.6891,1520,100.6477
ONEQ,2026-07-08T15:55:00+00:00,2026-07-08T16:00:00+00:00,100.582,100.64,100.54,100.64,14196,100.6067
ONEQ,2026-07-08T16:00:00+00:00,2026-07-08T16:05:00+00:00,100.819,100.819,100.67,100.67,2167,100.7197
ONEQ,2026-07-08T16:05:00+00:00,2026-07-08T16:10:00+00:00,100.8199,100.9,100.775,100.89,3896,100.855
ONEQ,2026-07-08T16:10:00+00:00,2026-07-08T16:15:00+00:00,101.015,101.015,100.99,100.99,702,100.9983
ONEQ,2026-07-08T16:15:00+00:00,2026-07-08T16:20:00+00:00,101.0899,101.0899,101.0899,101.0899,569,101.0899
ONEQ,2026-07-08T16:20:00+00:00,2026-07-08T16:25:00+00:00,101.167,101.225,101.167,101.219,1548,101.2037
ONEQ,2026-07-08T16:25:00+00:00,2026-07-08T16:30:00+00:00,101.245,101.28,101.245,101.28,858,101.2683
ONEQ,2026-07-08T16:30:00+00:00,2026-07-08T16:35:00+00:00,101.3,101.35,101.25,101.285,2744,101.295
ONEQ,2026-07-08T16:35:00+00:00,2026-07-08T16:40:00+00:00,101.12,101.12,101.12,101.12,790,101.12
ONEQ,2026-07-08T16:40:00+00:00,2026-07-08T16:45:00+00:00,101.34,101.34,101.34,101.34,383,101.34
ONEQ,2026-07-08T16:45:00+00:00,2026-07-08T16:50:00+00:00,101.37,101.4375,101.37,101.435,1850,101.4142
ONEQ,2026-07-08T16:50:00+00:00,2026-07-08T16:55:00+00:00,101.505,101.505,101.505,101.505,702,101.505
ONEQ,2026-07-08T16:55:00+00:00,2026-07-08T17:00:00+00:00,101.57,101.57,101.5027,101.5027,2166,101.5251
ONEQ,2026-07-08T17:00:00+00:00,2026-07-08T17:05:00+00:00,101.51,101.51,101.51,101.51,291,101.51
ONEQ,2026-07-08T17:05:00+00:00,2026-07-08T17:10:00+00:00,101.44,101.51,101.44,101.51,1087,101.4867
ONEQ,2026-07-08T17:10:00+00:00,2026-07-08T17:15:00+00:00,101.44,101.52,101.44,101.4401,2776,101.4667
ONEQ,2026-07-08T17:15:00+00:00,2026-07-08T17:20:00+00:00,101.5,101.5,101.5,101.5,306,101.5
ONEQ,2026-07-08T17:20:00+00:00,2026-07-08T17:25:00+00:00,101.645,101.645,101.645,101.645,570,101.645
ONEQ,2026-07-08T17:25:00+00:00,2026-07-08T17:30:00+00:00,101.75,101.76,101.69,101.69,1633,101.7133
ONEQ,2026-07-08T17:30:00+00:00,2026-07-08T17:35:00+00:00,101.785,101.83,101.785,101.81,1071,101.8083
ONEQ,2026-07-08T17:40:00+00:00,2026-07-08T17:45:00+00:00,101.7,101.7,101.57,101.6107,3664,101.6269
ONEQ,2026-07-08T17:45:00+00:00,2026-07-08T17:50:00+00:00,101.52,101.5626,101.46,101.47,2526,101.4975
ONEQ,2026-07-08T17:50:00+00:00,2026-07-08T17:55:00+00:00,101.545,101.55,101.545,101.55,2408,101.5483
ONEQ,2026-07-08T17:55:00+00:00,2026-07-08T18:00:00+00:00,101.425,101.44,101.425,101.44,702,101.435
ONEQ,2026-07-08T18:00:00+00:00,2026-07-08T18:05:00+00:00,101.435,101.6697,101.435,101.6697,2990,101.5915
ONEQ,2026-07-08T18:05:00+00:00,2026-07-08T18:10:00+00:00,101.615,101.68,101.5538,101.645,4317,101.6263
ONEQ,2026-07-08T18:10:00+00:00,2026-07-08T18:15:00+00:00,101.59,101.68,101.57,101.635,1276,101.6283
ONEQ,2026-07-08T18:15:00+00:00,2026-07-08T18:20:00+00:00,101.615,101.615,101.57,101.585,1471,101.59
ONEQ,2026-07-08T18:20:00+00:00,2026-07-08T18:25:00+00:00,101.5634,101.6,101.5634,101.585,804,101.5828
ONEQ,2026-07-08T18:25:00+00:00,2026-07-08T18:30:00+00:00,101.5507,101.64,101.52,101.538,2130,101.566
ONEQ,2026-07-08T18:30:00+00:00,2026-07-08T18:35:00+00:00,101.5148,101.5148,101.445,101.4829,2060,101.4809
ONEQ,2026-07-08T18:35:00+00:00,2026-07-08T18:40:00+00:00,101.6099,101.6099,101.605,101.605,1249,101.6066
ONEQ,2026-07-08T18:45:00+00:00,2026-07-08T18:50:00+00:00,101.575,101.606,101.575,101.606,1276,101.5957
ONEQ,2026-07-08T18:55:00+00:00,2026-07-08T19:00:00+00:00,101.62,101.62,101.62,101.62,396,101.62
ONEQ,2026-07-08T19:00:00+00:00,2026-07-08T19:05:00+00:00,101.7299,101.7584,101.625,101.68,3463,101.6878
ONEQ,2026-07-08T19:05:00+00:00,2026-07-08T19:10:00+00:00,101.69,101.69,101.6556,101.6556,1051,101.6671
ONEQ,2026-07-08T19:10:00+00:00,2026-07-08T19:15:00+00:00,101.62,101.62,101.6,101.6,427,101.6067
ONEQ,2026-07-08T19:15:00+00:00,2026-07-08T19:20:00+00:00,101.64,101.64,101.595,101.595,1258,101.61
ONEQ,2026-07-08T19:20:00+00:00,2026-07-08T19:25:00+00:00,101.66,101.66,101.63,101.63,1022,101.64
ONEQ,2026-07-08T19:25:00+00:00,2026-07-08T19:30:00+00:00,101.76,101.76,101.69,101.69,2862,101.7133
ONEQ,2026-07-08T19:30:00+00:00,2026-07-08T19:35:00+00:00,101.69,101.69,101.65,101.654,2560,101.6647
ONEQ,2026-07-08T19:40:00+00:00,2026-07-08T19:45:00+00:00,101.69,101.69,101.645,101.645,2208,101.66
ONEQ,2026-07-08T19:45:00+00:00,2026-07-08T19:50:00+00:00,101.66,101.66,101.63,101.63,2631,101.64
ONEQ,2026-07-08T19:50:00+00:00,2026-07-08T19:55:00+00:00,101.66,101.84,101.66,101.84,8168,101.78
ONEQ,2026-07-08T19:55:00+00:00,2026-07-08T20:00:00+00:00,101.91,101.995,101.89,101.9,11027,101.9283
ONEQ,2026-07-09T13:30:00+00:00,2026-07-09T13:35:00+00:00,102.26,102.26,101.97,102.25,21272,102.16
ONEQ,2026-07-09T13:35:00+00:00,2026-07-09T13:40:00+00:00,102.285,102.4364,102.285,102.4,1305,102.3738
ONEQ,2026-07-09T13:40:00+00:00,2026-07-09T13:45:00+00:00,102.4125,102.455,102.37,102.455,1182,102.4267
ONEQ,2026-07-09T13:45:00+00:00,2026-07-09T13:50:00+00:00,102.41,102.535,102.36,102.4,9634,102.4317
ONEQ,2026-07-09T13:50:00+00:00,2026-07-09T13:55:00+00:00,102.415,102.53,102.39,102.53,2245,102.4833
ONEQ,2026-07-09T13:55:00+00:00,2026-07-09T14:00:00+00:00,102.61,102.6175,102.53,102.6175,3660,102.5883
ONEQ,2026-07-09T14:00:00+00:00,2026-07-09T14:05:00+00:00,102.595,102.595,102.52,102.575,2916,102.5633
ONEQ,2026-07-09T14:05:00+00:00,2026-07-09T14:10:00+00:00,102.4799,102.4799,102.4799,102.4799,488,102.4799
ONEQ,2026-07-09T14:10:00+00:00,2026-07-09T14:15:00+00:00,102.28,102.34,102.2,102.205,2554,102.2483
ONEQ,2026-07-09T14:15:00+00:00,2026-07-09T14:20:00+00:00,102.19,102.19,101.94,101.94,856,102.0233
ONEQ,2026-07-09T14:20:00+00:00,2026-07-09T14:25:00+00:00,101.745,101.85,101.745,101.85,392,101.815
ONEQ,2026-07-09T14:25:00+00:00,2026-07-09T14:30:00+00:00,101.99,102.175,101.955,102.175,1110,102.1017
ONEQ,2026-07-09T14:30:00+00:00,2026-07-09T14:35:00+00:00,102.13,102.13,102.03,102.03,764,102.0633
ONEQ,2026-07-09T14:35:00+00:00,2026-07-09T14:40:00+00:00,102.2,102.2,102.145,102.145,2570,102.1633
ONEQ,2026-07-09T14:40:00+00:00,2026-07-09T14:45:00+00:00,102.295,102.319,102.22,102.22,2009,102.253
ONEQ,2026-07-09T14:45:00+00:00,2026-07-09T14:50:00+00:00,102.3,102.3,102.3,102.3,528,102.3
ONEQ,2026-07-09T14:50:00+00:00,2026-07-09T14:55:00+00:00,102.225,102.28,102.14,102.14,3376,102.1867
ONEQ,2026-07-09T14:55:00+00:00,2026-07-09T15:00:00+00:00,102.3051,102.43,102.3051,102.43,697,102.3884
ONEQ,2026-07-09T15:00:00+00:00,2026-07-09T15:05:00+00:00,102.48,102.48,102.48,102.48,323,102.48
ONEQ,2026-07-09T15:05:00+00:00,2026-07-09T15:10:00+00:00,102.48,102.59,102.48,102.59,3404,102.5533
ONEQ,2026-07-09T15:10:00+00:00,2026-07-09T15:15:00+00:00,102.545,102.5999,102.5421,102.5421,919,102.5614
ONEQ,2026-07-09T15:15:00+00:00,2026-07-09T15:20:00+00:00,102.5878,102.59,102.5,102.5,1465,102.53
ONEQ,2026-07-09T15:20:00+00:00,2026-07-09T15:25:00+00:00,102.55,102.695,102.5388,102.645,5807,102.6263
ONEQ,2026-07-09T15:25:00+00:00,2026-07-09T15:30:00+00:00,102.645,102.695,102.635,102.645,2261,102.6583
ONEQ,2026-07-09T15:30:00+00:00,2026-07-09T15:35:00+00:00,102.64,102.645,102.61,102.645,2118,102.6333
ONEQ,2026-07-09T15:35:00+00:00,2026-07-09T15:40:00+00:00,102.63,102.68,102.6,102.6541,1378,102.6447
ONEQ,2026-07-09T15:40:00+00:00,2026-07-09T15:45:00+00:00,102.6001,102.71,102.6001,102.7,2362,102.67
ONEQ,2026-07-09T15:45:00+00:00,2026-07-09T15:50:00+00:00,102.7,102.7,102.6901,102.6901,368,102.6934
ONEQ,2026-07-09T15:50:00+00:00,2026-07-09T15:55:00+00:00,102.715,102.7251,102.66,102.69,900,102.6917
ONEQ,2026-07-09T15:55:00+00:00,2026-07-09T16:00:00+00:00,102.695,102.74,102.695,102.71,2970,102.715
ONEQ,2026-07-09T16:00:00+00:00,2026-07-09T16:05:00+00:00,102.76,102.8,102.745,102.8,2884,102.7817
ONEQ,2026-07-09T16:10:00+00:00,2026-07-09T16:15:00+00:00,102.795,102.815,102.735,102.7586,4310,102.7695
ONEQ,2026-07-09T16:15:00+00:00,2026-07-09T16:20:00+00:00,102.785,102.83,102.75,102.75,1292,102.7767
ONEQ,2026-07-09T16:20:00+00:00,2026-07-09T16:25:00+00:00,102.76,102.7999,102.7401,102.7401,4222,102.76
ONEQ,2026-07-09T16:25:00+00:00,2026-07-09T16:30:00+00:00,102.7525,102.815,102.745,102.745,2504,102.7683
ONEQ,2026-07-09T16:30:00+00:00,2026-07-09T16:35:00+00:00,102.8044,102.8044,102.8044,102.8044,1187,102.8044
ONEQ,2026-07-09T16:35:00+00:00,2026-07-09T16:40:00+00:00,102.72,102.72,102.72,102.72,678,102.72
ONEQ,2026-07-09T16:40:00+00:00,2026-07-09T16:45:00+00:00,102.85,102.85,102.85,102.85,599,102.85
ONEQ,2026-07-09T16:50:00+00:00,2026-07-09T16:55:00+00:00,102.78,102.7901,102.78,102.7901,884,102.7867
ONEQ,2026-07-09T16:55:00+00:00,2026-07-09T17:00:00+00:00,102.805,102.805,102.805,102.805,422,102.805
ONEQ,2026-07-09T17:00:00+00:00,2026-07-09T17:05:00+00:00,102.75,102.9,102.75,102.86,2679,102.8367
ONEQ,2026-07-09T17:05:00+00:00,2026-07-09T17:10:00+00:00,102.92,102.99,102.92,102.99,2532,102.9667
ONEQ,2026-07-09T17:10:00+00:00,2026-07-09T17:15:00+00:00,102.99,103.06,102.96,103.03,5872,103.0167
ONEQ,2026-07-09T17:15:00+00:00,2026-07-09T17:20:00+00:00,102.96,103.0686,102.96,103.0686,1365,103.0324
ONEQ,2026-07-09T17:20:00+00:00,2026-07-09T17:25:00+00:00,103.1,103.1,103.0141,103.05,3670,103.0547
ONEQ,2026-07-09T17:25:00+00:00,2026-07-09T17:30:00+00:00,103.12,103.12,103.12,103.12,648,103.12
ONEQ,2026-07-09T17:30:00+00:00,2026-07-09T17:35:00+00:00,103.08,103.08,103.08,103.08,392,103.08
ONEQ,2026-07-09T17:35:00+00:00,2026-07-09T17:40:00+00:00,103.0551,103.09,103.0551,103.08,6724,103.075
ONEQ,2026-07-09T17:40:00+00:00,2026-07-09T17:45:00+00:00,103.0569,103.0569,103.0301,103.0301,820,103.039
ONEQ,2026-07-09T17:45:00+00:00,2026-07-09T17:50:00+00:00,103.085,103.1,103.085,103.1,3603,103.095
ONEQ,2026-07-09T17:50:00+00:00,2026-07-09T17:55:00+00:00,103.1005,103.1599,103.1,103.1,5778,103.12
ONEQ,2026-07-09T17:55:00+00:00,2026-07-09T18:00:00+00:00,103.1299,103.1299,103.06,103.06,2294,103.0833
ONEQ,2026-07-09T18:00:00+00:00,2026-07-09T18:05:00+00:00,103.1202,103.1202,103.12,103.12,821,103.1201
ONEQ,2026-07-09T18:05:00+00:00,2026-07-09T18:10:00+00:00,103.14,103.14,103.127,103.127,851,103.1313
ONEQ,2026-07-09T18:10:00+00:00,2026-07-09T18:15:00+00:00,103.1001,103.1484,103.1001,103.1484,1911,103.1323
ONEQ,2026-07-09T18:15:00+00:00,2026-07-09T18:20:00+00:00,103.14,103.1499,103.14,103.14,1342,103.1433
ONEQ,2026-07-09T18:25:00+00:00,2026-07-09T18:30:00+00:00,103.07,103.125,103.07,103.125,1092,103.1067
ONEQ,2026-07-09T18:30:00+00:00,2026-07-09T18:35:00+00:00,103.15,103.16,103.1029,103.13,10838,103.131
ONEQ,2026-07-09T18:35:00+00:00,2026-07-09T18:40:00+00:00,103.13,103.2,103.0701,103.105,11591,103.125
ONEQ,2026-07-09T18:40:00+00:00,2026-07-09T18:45:00+00:00,103.12,103.12,103.12,103.12,693,103.12
ONEQ,2026-07-09T18:45:00+00:00,2026-07-09T18:50:00+00:00,103.13,103.13,103.13,103.13,827,103.13
ONEQ,2026-07-09T18:50:00+00:00,2026-07-09T18:55:00+00:00,103.13,103.13,103.06,103.094,3782,103.0947
ONEQ,2026-07-09T18:55:00+00:00,2026-07-09T19:00:00+00:00,103.11,103.11,103.07,103.09,1691,103.09
ONEQ,2026-07-09T19:00:00+00:00,2026-07-09T19:05:00+00:00,103.03,103.0617,103.025,103.035,1334,103.0406
ONEQ,2026-07-09T19:05:00+00:00,2026-07-09T19:10:00+00:00,103.06,103.06,103.03,103.0558,2094,103.0486
ONEQ,2026-07-09T19:10:00+00:00,2026-07-09T19:15:00+00:00,103.06,103.06,103.055,103.055,949,103.0567
ONEQ,2026-07-09T19:15:00+00:00,2026-07-09T19:20:00+00:00,103.045,103.15,103.045,103.12,12285,103.105
ONEQ,2026-07-09T19:20:00+00:00,2026-07-09T19:25:00+00:00,103.15,103.155,103.145,103.145,734,103.1483
ONEQ,2026-07-09T19:25:00+00:00,2026-07-09T19:30:00+00:00,103.13,103.14,103.11,103.14,4260,103.13
ONEQ,2026-07-09T19:30:00+00:00,2026-07-09T19:35:00+00:00,103.14,103.1499,103.1,103.1499,1400,103.1333
ONEQ,2026-07-09T19:35:00+00:00,2026-07-09T19:40:00+00:00,103.1399,103.1399,103.1399,103.1399,940,103.1399
ONEQ,2026-07-09T19:40:00+00:00,2026-07-09T19:45:00+00:00,103.15,103.155,103.15,103.155,2826,103.1533
ONEQ,2026-07-09T19:45:00+00:00,2026-07-09T19:50:00+00:00,103.13,103.2,103.13,103.19,4428,103.1733
ONEQ,2026-07-09T19:50:00+00:00,2026-07-09T19:55:00+00:00,103.18,103.18,103.11,103.11,4364,103.1333
ONEQ,2026-07-09T19:55:00+00:00,2026-07-09T20:00:00+00:00,103.12,103.22,103.12,103.22,5110,103.1867
ONEQ,2026-07-10T13:30:00+00:00,2026-07-10T13:35:00+00:00,103.19,103.32,103.12,103.285,6576,103.2417
ONEQ,2026-07-10T13:35:00+00:00,2026-07-10T13:40:00+00:00,103.28,103.365,103.25,103.27,2778,103.295
ONEQ,2026-07-10T13:40:00+00:00,2026-07-10T13:45:00+00:00,103.07,103.17,103.07,103.17,1675,103.1367
ONEQ,2026-07-10T13:45:00+00:00,2026-07-10T13:50:00+00:00,103.06,103.33,103.05,103.33,1805,103.2367
ONEQ,2026-07-10T13:50:00+00:00,2026-07-10T13:55:00+00:00,103.29,103.3,103.29,103.3,303,103.2967
ONEQ,2026-07-10T13:55:00+00:00,2026-07-10T14:00:00+00:00,103.2,103.32,103.2,103.295,982,103.2717
ONEQ,2026-07-10T14:00:00+00:00,2026-07-10T14:05:00+00:00,103.27,103.2918,103.25,103.265,1293,103.2689
ONEQ,2026-07-10T14:05:00+00:00,2026-07-10T14:10:00+00:00,103.24,103.24,103.13,103.14,2952,103.17
ONEQ,2026-07-10T14:10:00+00:00,2026-07-10T14:15:00+00:00,103.19,103.19,103.19,103.19,1014,103.19
ONEQ,2026-07-10T14:15:00+00:00,2026-07-10T14:20:00+00:00,103.18,103.2299,103.1747,103.2299,1358,103.2115
ONEQ,2026-07-10T14:25:00+00:00,2026-07-10T14:30:00+00:00,102.99,102.99,102.99,102.99,1604,102.99
ONEQ,2026-07-10T14:30:00+00:00,2026-07-10T14:35:00+00:00,103.125,103.23,102.44,102.8371,8274,102.8357
ONEQ,2026-07-10T14:35:00+00:00,2026-07-10T14:40:00+00:00,102.95,103.09,102.94,103.09,1359,103.04
ONEQ,2026-07-10T14:40:00+00:00,2026-07-10T14:45:00+00:00,102.98,102.98,102.8101,102.8101,1219,102.8667
ONEQ,2026-07-10T14:45:00+00:00,2026-07-10T14:50:00+00:00,102.985,103.0,102.985,103.0,1071,102.995
ONEQ,2026-07-10T14:50:00+00:00,2026-07-10T14:55:00+00:00,103.01,103.01,103.0099,103.0099,731,103.0099
ONEQ,2026-07-10T14:55:00+00:00,2026-07-10T15:00:00+00:00,102.88,102.885,102.74,102.74,1613,102.7883
ONEQ,2026-07-10T15:00:00+00:00,2026-07-10T15:05:00+00:00,102.83,102.83,102.73,102.73,2386,102.7633
ONEQ,2026-07-10T15:05:00+00:00,2026-07-10T15:10:00+00:00,102.79,102.79,102.79,102.79,307,102.79
ONEQ,2026-07-10T15:10:00+00:00,2026-07-10T15:15:00+00:00,102.9999,102.9999,102.9401,102.975,1655,102.9717
ONEQ,2026-07-10T15:15:00+00:00,2026-07-10T15:20:00+00:00,103.22,103.22,103.1,103.125,930,103.1483
ONEQ,2026-07-10T15:20:00+00:00,2026-07-10T15:25:00+00:00,103.19,103.2,103.11,103.11,1880,103.14
ONEQ,2026-07-10T15:25:00+00:00,2026-07-10T15:30:00+00:00,103.2263,103.28,103.22,103.22,2490,103.24
ONEQ,2026-07-10T15:30:00+00:00,2026-07-10T15:35:00+00:00,103.26,103.3362,103.25,103.25,3208,103.2787
ONEQ,2026-07-10T15:35:00+00:00,2026-07-10T15:40:00+00:00,103.235,103.235,103.19,103.19,531,103.205
ONEQ,2026-07-10T15:40:00+00:00,2026-07-10T15:45:00+00:00,103.19,103.19,102.93,102.98,1242,103.0333
ONEQ,2026-07-10T15:45:00+00:00,2026-07-10T15:50:00+00:00,102.99,103.0499,102.975,103.0499,1461,103.0249
ONEQ,2026-07-10T15:50:00+00:00,2026-07-10T15:55:00+00:00,103.24,103.24,103.1246,103.1246,1190,103.1631
ONEQ,2026-07-10T15:55:00+00:00,2026-07-10T16:00:00+00:00,103.1701,103.21,103.155,103.21,8508,103.1917
ONEQ,2026-07-10T16:00:00+00:00,2026-07-10T16:05:00+00:00,103.305,103.305,103.2419,103.28,1641,103.2756
ONEQ,2026-07-10T16:05:00+00:00,2026-07-10T16:10:00+00:00,103.285,103.295,103.24,103.24,2510,103.2583
ONEQ,2026-07-10T16:10:00+00:00,2026-07-10T16:15:00+00:00,103.301,103.35,103.301,103.35,1904,103.3337
ONEQ,2026-07-10T16:15:00+00:00,2026-07-10T16:20:00+00:00,103.4,103.44,103.36,103.3904,1782,103.3968
ONEQ,2026-07-10T16:20:00+00:00,2026-07-10T16:25:00+00:00,103.39,103.39,103.375,103.375,832,103.38
ONEQ,2026-07-10T16:25:00+00:00,2026-07-10T16:30:00+00:00,103.4,103.4399,103.4,103.4,787,103.4133
ONEQ,2026-07-10T16:30:00+00:00,2026-07-10T16:35:00+00:00,103.4284,103.455,103.4284,103.455,877,103.4461
ONEQ,2026-07-10T16:35:00+00:00,2026-07-10T16:40:00+00:00,103.42,103.43,103.375,103.43,1380,103.4117
ONEQ,2026-07-10T16:40:00+00:00,2026-07-10T16:45:00+00:00,103.425,103.43,103.42,103.43,829,103.4267
ONEQ,2026-07-10T16:45:00+00:00,2026-07-10T16:50:00+00:00,103.39,103.4301,103.39,103.4301,1841,103.4167
ONEQ,2026-07-10T16:50:00+00:00,2026-07-10T16:55:00+00:00,103.45,103.5,103.45,103.5,4566,103.4833
ONEQ,2026-07-10T16:55:00+00:00,2026-07-10T17:00:00+00:00,103.46,103.46,103.46,103.46,861,103.46
ONEQ,2026-07-10T17:00:00+00:00,2026-07-10T17:05:00+00:00,103.49,103.49,103.4,103.4,2961,103.43
ONEQ,2026-07-10T17:10:00+00:00,2026-07-10T17:15:00+00:00,103.425,103.425,103.36,103.39,2193,103.3917
ONEQ,2026-07-10T17:15:00+00:00,2026-07-10T17:20:00+00:00,103.4,103.46,103.38,103.3889,2247,103.4096
ONEQ,2026-07-10T17:20:00+00:00,2026-07-10T17:25:00+00:00,103.3978,103.44,103.37,103.41,1206,103.4067
ONEQ,2026-07-10T17:25:00+00:00,2026-07-10T17:30:00+00:00,103.4201,103.445,103.4201,103.445,658,103.4367
ONEQ,2026-07-10T17:30:00+00:00,2026-07-10T17:35:00+00:00,103.47,103.48,103.47,103.48,1000,103.4767
ONEQ,2026-07-10T17:35:00+00:00,2026-07-10T17:40:00+00:00,103.4225,103.4225,103.4225,103.4225,1712,103.4225
ONEQ,2026-07-10T17:45:00+00:00,2026-07-10T17:50:00+00:00,103.4846,103.4846,103.4846,103.4846,1722,103.4846
ONEQ,2026-07-10T17:50:00+00:00,2026-07-10T17:55:00+00:00,103.48,103.48,103.48,103.48,516,103.48
ONEQ,2026-07-10T17:55:00+00:00,2026-07-10T18:00:00+00:00,103.4754,103.49,103.44,103.44,1437,103.4567
ONEQ,2026-07-10T18:00:00+00:00,2026-07-10T18:05:00+00:00,103.4599,103.475,103.4224,103.4224,3112,103.4399
ONEQ,2026-07-10T18:05:00+00:00,2026-07-10T18:10:00+00:00,103.4899,103.51,103.48,103.48,947,103.49
ONEQ,2026-07-10T18:10:00+00:00,2026-07-10T18:15:00+00:00,103.51,103.51,103.47,103.47,4713,103.4833
ONEQ,2026-07-10T18:15:00+00:00,2026-07-10T18:20:00+00:00,103.485,103.485,103.485,103.485,220,103.485
ONEQ,2026-07-10T18:20:00+00:00,2026-07-10T18:25:00+00:00,103.42,103.4926,103.42,103.4926,1241,103.4684
ONEQ,2026-07-10T18:25:00+00:00,2026-07-10T18:30:00+00:00,103.53,103.53,103.47,103.499,1176,103.4997
ONEQ,2026-07-10T18:30:00+00:00,2026-07-10T18:35:00+00:00,103.5,103.55,103.48,103.51,1746,103.5133
ONEQ,2026-07-10T18:35:00+00:00,2026-07-10T18:40:00+00:00,103.55,103.55,103.48,103.48,922,103.5033
ONEQ,2026-07-10T18:40:00+00:00,2026-07-10T18:45:00+00:00,103.45,103.52,103.45,103.502,2965,103.4907
ONEQ,2026-07-10T18:45:00+00:00,2026-07-10T18:50:00+00:00,103.5,103.5,103.5,103.5,841,103.5
ONEQ,2026-07-10T18:50:00+00:00,2026-07-10T18:55:00+00:00,103.4999,103.4999,103.48,103.48,745,103.4866
ONEQ,2026-07-10T18:55:00+00:00,2026-07-10T19:00:00+00:00,103.5,103.505,103.485,103.485,3246,103.4917
ONEQ,2026-07-10T19:00:00+00:00,2026-07-10T19:05:00+00:00,103.44,103.53,103.44,103.53,2391,103.5
ONEQ,2026-07-10T19:05:00+00:00,2026-07-10T19:10:00+00:00,103.6,103.6,103.52,103.52,2322,103.5467
ONEQ,2026-07-10T19:10:00+00:00,2026-07-10T19:15:00+00:00,103.51,103.55,103.51,103.55,4526,103.5367
ONEQ,2026-07-10T19:15:00+00:00,2026-07-10T19:20:00+00:00,103.55,103.55,103.51,103.5268,4715,103.5289
ONEQ,2026-07-10T19:20:00+00:00,2026-07-10T19:25:00+00:00,103.46,103.5471,103.46,103.5471,1297,103.5181
ONEQ,2026-07-10T19:25:00+00:00,2026-07-10T19:30:00+00:00,103.515,103.515,103.49,103.5,1536,103.5017
ONEQ,2026-07-10T19:30:00+00:00,2026-07-10T19:35:00+00:00,103.523,103.55,103.5,103.52,2626,103.5233
ONEQ,2026-07-10T19:35:00+00:00,2026-07-10T19:40:00+00:00,103.52,103.52,103.48,103.48,1274,103.4933
ONEQ,2026-07-10T19:40:00+00:00,2026-07-10T19:45:00+00:00,103.5201,103.5201,103.5201,103.5201,237,103.5201
ONEQ,2026-07-10T19:45:00+00:00,2026-07-10T19:50:00+00:00,103.51,103.55,103.51,103.55,621,103.5367
ONEQ,2026-07-10T19:50:00+00:00,2026-07-10T19:55:00+00:00,103.55,103.595,103.52,103.52,7794,103.545
ONEQ,2026-07-13T13:30:00+00:00,2026-07-13T13:35:00+00:00,102.67,102.81,102.67,102.76,13201,102.7467
ONEQ,2026-07-13T13:35:00+00:00,2026-07-13T13:40:00+00:00,102.6902,102.825,102.6902,102.825,521,102.7801
ONEQ,2026-07-13T13:40:00+00:00,2026-07-13T13:45:00+00:00,102.745,102.745,102.51,102.64,2159,102.6317
ONEQ,2026-07-13T13:45:00+00:00,2026-07-13T13:50:00+00:00,102.65,102.68,102.525,102.68,1488,102.6283
ONEQ,2026-07-13T13:50:00+00:00,2026-07-13T13:55:00+00:00,102.56,102.6102,102.36,102.4313,11541,102.4672
ONEQ,2026-07-13T13:55:00+00:00,2026-07-13T14:00:00+00:00,102.4,102.8321,102.395,102.64,7558,102.6224
ONEQ,2026-07-13T14:00:00+00:00,2026-07-13T14:05:00+00:00,102.71,102.79,102.5,102.645,5696,102.645
ONEQ,2026-07-13T14:05:00+00:00,2026-07-13T14:10:00+00:00,102.55,102.5853,102.47,102.5853,8214,102.5469
ONEQ,2026-07-13T14:10:00+00:00,2026-07-13T14:15:00+00:00,102.62,102.65,102.56,102.56,3316,102.59
ONEQ,2026-07-13T14:15:00+00:00,2026-07-13T14:20:00+00:00,102.64,102.64,102.1,102.376,15490,102.372
ONEQ,2026-07-13T14:20:00+00:00,2026-07-13T14:25:00+00:00,102.2801,102.435,102.2501,102.43,2723,102.3717
ONEQ,2026-07-13T14:25:00+00:00,2026-07-13T14:30:00+00:00,102.49,102.67,102.43,102.6651,3281,102.5884
ONEQ,2026-07-13T14:30:00+00:00,2026-07-13T14:35:00+00:00,102.73,102.73,102.68,102.69,2109,102.7
ONEQ,2026-07-13T14:35:00+00:00,2026-07-13T14:40:00+00:00,102.615,102.615,102.615,102.615,465,102.615
ONEQ,2026-07-13T14:40:00+00:00,2026-07-13T14:45:00+00:00,102.6379,102.6379,102.42,102.47,4195,102.5093
ONEQ,2026-07-13T14:45:00+00:00,2026-07-13T14:50:00+00:00,102.38,102.65,102.38,102.64,2776,102.5567
ONEQ,2026-07-13T14:50:00+00:00,2026-07-13T14:55:00+00:00,102.63,102.64,102.485,102.54,5476,102.555
ONEQ,2026-07-13T15:00:00+00:00,2026-07-13T15:05:00+00:00,102.77,102.77,102.64,102.64,360,102.6833
ONEQ,2026-07-13T15:05:00+00:00,2026-07-13T15:10:00+00:00,102.745,102.75,102.73,102.75,1344,102.7433
ONEQ,2026-07-13T15:10:00+00:00,2026-07-13T15:15:00+00:00,102.62,102.62,102.62,102.62,1018,102.62
ONEQ,2026-07-13T15:20:00+00:00,2026-07-13T15:25:00+00:00,102.6201,102.6201,102.6201,102.6201,4323,102.6201
ONEQ,2026-07-13T15:25:00+00:00,2026-07-13T15:30:00+00:00,102.66,102.68,102.63,102.655,1822,102.655
ONEQ,2026-07-13T15:30:00+00:00,2026-07-13T15:35:00+00:00,102.64,102.7996,102.64,102.7996,3403,102.7464
ONEQ,2026-07-13T15:35:00+00:00,2026-07-13T15:40:00+00:00,102.69,102.69,102.69,102.69,2834,102.69
ONEQ,2026-07-13T15:40:00+00:00,2026-07-13T15:45:00+00:00,102.588,102.588,102.588,102.588,1144,102.588
ONEQ,2026-07-13T15:45:00+00:00,2026-07-13T15:50:00+00:00,102.51,102.64,102.455,102.47,4025,102.5217
ONEQ,2026-07-13T15:50:00+00:00,2026-07-13T15:55:00+00:00,102.49,102.52,102.49,102.52,2726,102.51
ONEQ,2026-07-13T15:55:00+00:00,2026-07-13T16:00:00+00:00,102.385,102.385,102.36,102.36,3724,102.3683
ONEQ,2026-07-13T16:00:00+00:00,2026-07-13T16:05:00+00:00,102.36,102.53,102.36,102.425,1432,102.4383
ONEQ,2026-07-13T16:05:00+00:00,2026-07-13T16:10:00+00:00,102.425,102.425,102.31,102.31,2909,102.3483
ONEQ,2026-07-13T16:10:00+00:00,2026-07-13T16:15:00+00:00,102.34,102.34,102.34,102.34,164,102.34
ONEQ,2026-07-13T16:15:00+00:00,2026-07-13T16:20:00+00:00,102.37,102.455,102.32,102.32,3034,102.365
ONEQ,2026-07-13T16:20:00+00:00,2026-07-13T16:25:00+00:00,102.26,102.39,102.26,102.2726,3815,102.3075
ONEQ,2026-07-13T16:25:00+00:00,2026-07-13T16:30:00+00:00,102.29,102.3203,102.29,102.3,1367,102.3034
ONEQ,2026-07-13T16:30:00+00:00,2026-07-13T16:35:00+00:00,102.25,102.3332,102.1501,102.225,4808,102.2361
ONEQ,2026-07-13T16:35:00+00:00,2026-07-13T16:40:00+00:00,102.21,102.21,101.965,102.105,13875,102.0933
ONEQ,2026-07-13T16:40:00+00:00,2026-07-13T16:45:00+00:00,102.09,102.22,102.09,102.2,1401,102.17
ONEQ,2026-07-13T16:45:00+00:00,2026-07-13T16:50:00+00:00,102.11,102.215,102.11,102.165,3822,102.1633
ONEQ,2026-07-13T16:50:00+00:00,2026-07-13T16:55:00+00:00,102.03,102.23,102.03,102.23,1115,102.1633
ONEQ,2026-07-13T16:55:00+00:00,2026-07-13T17:00:00+00:00,102.125,102.1999,102.045,102.1,5730,102.115
ONEQ,2026-07-13T17:00:00+00:00,2026-07-13T17:05:00+00:00,102.23,102.23,102.11,102.11,3083,102.15
ONEQ,2026-07-13T17:05:00+00:00,2026-07-13T17:10:00+00:00,102.11,102.34,102.11,102.2101,9758,102.22
ONEQ,2026-07-13T17:10:00+00:00,2026-07-13T17:15:00+00:00,102.37,102.37,102.165,102.165,4185,102.2333
ONEQ,2026-07-13T17:15:00+00:00,2026-07-13T17:20:00+00:00,102.2,102.2,102.12,102.12,925,102.1467
ONEQ,2026-07-13T17:20:00+00:00,2026-07-13T17:25:00+00:00,102.15,102.15,102.125,102.125,1263,102.1333
ONEQ,2026-07-13T17:25:00+00:00,2026-07-13T17:30:00+00:00,102.12,102.12,102.12,102.12,106,102.12
ONEQ,2026-07-13T17:30:00+00:00,2026-07-13T17:35:00+00:00,102.0101,102.16,102.0101,102.16,1006,102.11
ONEQ,2026-07-13T17:35:00+00:00,2026-07-13T17:40:00+00:00,102.01,102.07,102.01,102.07,3883,102.05
ONEQ,2026-07-13T17:40:00+00:00,2026-07-13T17:45:00+00:00,102.03,102.06,102.03,102.05,1635,102.0467
ONEQ,2026-07-13T17:45:00+00:00,2026-07-13T17:50:00+00:00,102.055,102.065,102.04,102.04,3125,102.0483
ONEQ,2026-07-13T17:50:00+00:00,2026-07-13T17:55:00+00:00,101.9371,101.97,101.915,101.97,2009,101.9517
ONEQ,2026-07-13T17:55:00+00:00,2026-07-13T18:00:00+00:00,101.9656,101.9656,101.9656,101.9656,885,101.9656
ONEQ,2026-07-13T18:00:00+00:00,2026-07-13T18:05:00+00:00,102.0,102.065,102.0,102.065,1291,102.0433
ONEQ,2026-07-13T18:05:00+00:00,2026-07-13T18:10:00+00:00,102.06,102.16,102.06,102.16,3288,102.1267
ONEQ,2026-07-13T18:10:00+00:00,2026-07-13T18:15:00+00:00,102.11,102.11,101.85,102.03,1301,101.9967
ONEQ,2026-07-13T18:15:00+00:00,2026-07-13T18:20:00+00:00,102.005,102.05,101.8601,101.945,1399,101.9517
ONEQ,2026-07-13T18:20:00+00:00,2026-07-13T18:25:00+00:00,102.0,102.0,102.0,102.0,111,102.0
ONEQ,2026-07-13T18:25:00+00:00,2026-07-13T18:30:00+00:00,101.995,101.995,101.915,101.915,1330,101.9417
ONEQ,2026-07-13T18:35:00+00:00,2026-07-13T18:40:00+00:00,102.0662,102.0662,102.0662,102.0662,714,102.0662
ONEQ,2026-07-13T18:40:00+00:00,2026-07-13T18:45:00+00:00,102.051,102.23,102.051,102.1335,10319,102.1382
ONEQ,2026-07-13T18:45:00+00:00,2026-07-13T18:50:00+00:00,102.1395,102.1395,102.1395,102.1395,1648,102.1395
ONEQ,2026-07-13T18:50:00+00:00,2026-07-13T18:55:00+00:00,102.1,102.11,102.095,102.1,5308,102.1017
ONEQ,2026-07-13T18:55:00+00:00,2026-07-13T19:00:00+00:00,102.09,102.09,102.09,102.09,476,102.09
ONEQ,2026-07-13T19:00:00+00:00,2026-07-13T19:05:00+00:00,102.09,102.09,101.96,102.02,4617,102.0233
ONEQ,2026-07-13T19:05:00+00:00,2026-07-13T19:10:00+00:00,102.03,102.03,102.03,102.03,5025,102.03
ONEQ,2026-07-13T19:10:00+00:00,2026-07-13T19:15:00+00:00,101.96,101.96,101.83,101.96,5083,101.9167
ONEQ,2026-07-13T19:15:00+00:00,2026-07-13T19:20:00+00:00,102.015,102.015,101.91,101.9567,5578,101.9606
ONEQ,2026-07-13T19:20:00+00:00,2026-07-13T19:25:00+00:00,101.86,101.9399,101.8,101.8,11888,101.8466
ONEQ,2026-07-13T19:25:00+00:00,2026-07-13T19:30:00+00:00,101.775,101.775,101.72,101.75,2536,101.7483
ONEQ,2026-07-13T19:30:00+00:00,2026-07-13T19:35:00+00:00,101.775,101.84,101.7617,101.8,13746,101.8006
ONEQ,2026-07-13T19:35:00+00:00,2026-07-13T19:40:00+00:00,101.77,101.78,101.72,101.78,5577,101.76
ONEQ,2026-07-13T19:40:00+00:00,2026-07-13T19:45:00+00:00,101.72,101.83,101.715,101.83,5663,101.7917
ONEQ,2026-07-13T19:45:00+00:00,2026-07-13T19:50:00+00:00,101.869,101.9464,101.8361,101.9464,3953,101.9096
ONEQ,2026-07-13T19:50:00+00:00,2026-07-13T19:55:00+00:00,101.95,102.01,101.95,101.98,6557,101.98
ONEQ,2026-07-13T19:55:00+00:00,2026-07-13T20:00:00+00:00,101.81,102.185,101.81,101.9,25435,101.965
ONEQ,2026-07-14T13:30:00+00:00,2026-07-14T13:35:00+00:00,102.652,102.71,102.43,102.43,9923,102.5233
ONEQ,2026-07-14T13:35:00+00:00,2026-07-14T13:40:00+00:00,102.285,102.57,102.275,102.54,5833,102.4617
ONEQ,2026-07-14T13:40:00+00:00,2026-07-14T13:45:00+00:00,102.53,102.53,102.27,102.45,2270,102.4167
ONEQ,2026-07-14T13:45:00+00:00,2026-07-14T13:50:00+00:00,102.51,102.62,102.51,102.55,8984,102.56
ONEQ,2026-07-14T13:50:00+00:00,2026-07-14T13:55:00+00:00,102.4649,102.4649,102.46,102.46,2492,102.4616
ONEQ,2026-07-14T13:55:00+00:00,2026-07-14T14:00:00+00:00,102.5,102.6,102.5,102.58,2324,102.56
ONEQ,2026-07-14T14:00:00+00:00,2026-07-14T14:05:00+00:00,102.435,102.56,102.32,102.45,4561,102.4433
ONEQ,2026-07-14T14:05:00+00:00,2026-07-14T14:10:00+00:00,102.28,102.48,102.2038,102.285,3528,102.3229
ONEQ,2026-07-14T14:10:00+00:00,2026-07-14T14:15:00+00:00,102.275,102.275,102.09,102.09,3454,102.1517
ONEQ,2026-07-14T14:15:00+00:00,2026-07-14T14:20:00+00:00,102.21,102.21,102.135,102.135,511,102.16
ONEQ,2026-07-14T14:20:00+00:00,2026-07-14T14:25:00+00:00,102.33,102.4596,102.33,102.39,9911,102.3932
ONEQ,2026-07-14T14:25:00+00:00,2026-07-14T14:30:00+00:00,102.41,102.4799,102.36,102.4799,1508,102.4399
ONEQ,2026-07-14T14:30:00+00:00,2026-07-14T14:35:00+00:00,102.435,102.76,102.3255,102.62,3670,102.5685
ONEQ,2026-07-14T14:35:00+00:00,2026-07-14T14:40:00+00:00,102.63,102.76,102.63,102.76,1436,102.7167
ONEQ,2026-07-14T14:40:00+00:00,2026-07-14T14:45:00+00:00,102.76,102.82,102.58,102.58,2094,102.66
ONEQ,2026-07-14T14:45:00+00:00,2026-07-14T14:50:00+00:00,102.6,102.605,102.4864,102.4948,4014,102.5287
ONEQ,2026-07-14T14:50:00+00:00,2026-07-14T14:55:00+00:00,102.4201,102.6499,102.4201,102.62,2039,102.5633
ONEQ,2026-07-14T14:55:00+00:00,2026-07-14T15:00:00+00:00,102.745,102.76,102.7252,102.7252,1831,102.7368
ONEQ,2026-07-14T15:00:00+00:00,2026-07-14T15:05:00+00:00,102.77,102.86,102.72,102.86,3227,102.8133
ONEQ,2026-07-14T15:05:00+00:00,2026-07-14T15:10:00+00:00,102.8333,103.01,102.8333,103.01,3359,102.9511
ONEQ,2026-07-14T15:10:00+00:00,2026-07-14T15:15:00+00:00,102.94,102.95,102.8907,102.8907,2655,102.9105
ONEQ,2026-07-14T15:15:00+00:00,2026-07-14T15:20:00+00:00,102.98,102.98,102.87,102.935,2575,102.9283
ONEQ,2026-07-14T15:20:00+00:00,2026-07-14T15:25:00+00:00,102.96,102.96,102.9501,102.9501,4973,102.9534
ONEQ,2026-07-14T15:25:00+00:00,2026-07-14T15:30:00+00:00,103.01,103.01,102.94,103.0,1044,102.9833
ONEQ,2026-07-14T15:30:00+00:00,2026-07-14T15:35:00+00:00,103.04,103.04,102.9345,102.9345,1630,102.9697
ONEQ,2026-07-14T15:35:00+00:00,2026-07-14T15:40:00+00:00,102.93,102.93,102.89,102.89,921,102.9033
ONEQ,2026-07-14T15:40:00+00:00,2026-07-14T15:45:00+00:00,102.8349,102.8349,102.78,102.78,2028,102.7983
ONEQ,2026-07-14T15:45:00+00:00,2026-07-14T15:50:00+00:00,102.88,102.88,102.87,102.87,2118,102.8733
ONEQ,2026-07-14T15:50:00+00:00,2026-07-14T15:55:00+00:00,102.75,102.75,102.75,102.75,288,102.75
ONEQ,2026-07-14T15:55:00+00:00,2026-07-14T16:00:00+00:00,102.745,102.745,102.69,102.69,485,102.7083
ONEQ,2026-07-14T16:00:00+00:00,2026-07-14T16:05:00+00:00,102.73,102.73,102.66,102.66,1397,102.6833
ONEQ,2026-07-14T16:05:00+00:00,2026-07-14T16:10:00+00:00,102.63,102.63,102.63,102.63,173,102.63
ONEQ,2026-07-14T16:10:00+00:00,2026-07-14T16:15:00+00:00,102.59,102.59,102.57,102.57,6030,102.5767
ONEQ,2026-07-14T16:15:00+00:00,2026-07-14T16:20:00+00:00,102.67,102.67,102.61,102.63,0,102.6367
ONEQ,2026-07-14T16:20:00+00:00,2026-07-14T16:25:00+00:00,102.69,102.69,102.55,102.62,1635,102.62
ONEQ,2026-07-14T16:25:00+00:00,2026-07-14T16:30:00+00:00,102.655,102.66,102.655,102.66,501,102.6583
ONEQ,2026-07-14T16:30:00+00:00,2026-07-14T16:35:00+00:00,102.7245,102.815,102.61,102.61,2618,102.6783
ONEQ,2026-07-14T16:50:00+00:00,2026-07-14T16:55:00+00:00,102.76,102.76,102.76,102.76,836,102.76
ONEQ,2026-07-14T17:00:00+00:00,2026-07-14T17:05:00+00:00,102.88,102.94,102.88,102.94,1984,102.92
ONEQ,2026-07-14T17:05:00+00:00,2026-07-14T17:10:00+00:00,102.855,102.855,102.855,102.855,269,102.855
ONEQ,2026-07-14T17:10:00+00:00,2026-07-14T17:15:00+00:00,102.91,102.91,102.91,102.91,825,102.91
ONEQ,2026-07-14T17:15:00+00:00,2026-07-14T17:20:00+00:00,102.85,102.88,102.8375,102.88,945,102.8658
ONEQ,2026-07-14T17:20:00+00:00,2026-07-14T17:25:00+00:00,102.95,102.95,102.95,102.95,851,102.95
ONEQ,2026-07-14T17:25:00+00:00,2026-07-14T17:30:00+00:00,102.9839,102.9839,102.95,102.95,2797,102.9613
ONEQ,2026-07-14T17:30:00+00:00,2026-07-14T17:35:00+00:00,102.88,102.92,102.88,102.8884,5772,102.8961
ONEQ,2026-07-14T17:35:00+00:00,2026-07-14T17:40:00+00:00,102.89,102.99,102.89,102.99,1055,102.9567
ONEQ,2026-07-14T17:45:00+00:00,2026-07-14T17:50:00+00:00,102.88,102.98,102.88,102.98,4806,102.9467
ONEQ,2026-07-14T17:50:00+00:00,2026-07-14T17:55:00+00:00,102.9799,102.9799,102.9578,102.9578,2689,102.9652
ONEQ,2026-07-14T17:55:00+00:00,2026-07-14T18:00:00+00:00,102.975,103.0,102.96,102.995,7939,102.985
ONEQ,2026-07-14T18:00:00+00:00,2026-07-14T18:05:00+00:00,103.005,103.04,102.975,102.99,2438,103.0017
ONEQ,2026-07-14T18:05:00+00:00,2026-07-14T18:10:00+00:00,103.02,103.02,102.9909,102.9909,697,103.0006
ONEQ,2026-07-14T18:10:00+00:00,2026-07-14T18:15:00+00:00,103.0,103.0,103.0,103.0,539,103.0
ONEQ,2026-07-14T18:15:00+00:00,2026-07-14T18:20:00+00:00,102.95,103.02,102.95,103.02,449,102.9967
ONEQ,2026-07-14T18:20:00+00:00,2026-07-14T18:25:00+00:00,103.02,103.02,103.02,103.02,476,103.02
ONEQ,2026-07-14T18:25:00+00:00,2026-07-14T18:30:00+00:00,103.0899,103.0899,103.025,103.025,1603,103.0466
ONEQ,2026-07-14T18:30:00+00:00,2026-07-14T18:35:00+00:00,103.03,103.03,103.03,103.03,158,103.03
ONEQ,2026-07-14T18:35:00+00:00,2026-07-14T18:40:00+00:00,103.1,103.1,103.04,103.04,2350,103.06
ONEQ,2026-07-14T18:40:00+00:00,2026-07-14T18:45:00+00:00,103.0699,103.0699,102.9275,102.9275,1177,102.975
ONEQ,2026-07-14T18:45:00+00:00,2026-07-14T18:50:00+00:00,102.93,102.9539,102.93,102.9539,513,102.9459
ONEQ,2026-07-14T18:50:00+00:00,2026-07-14T18:55:00+00:00,102.99,102.99,102.987,102.987,3880,102.988
ONEQ,2026-07-14T18:55:00+00:00,2026-07-14T19:00:00+00:00,103.02,103.02,102.96,102.96,1707,102.98
ONEQ,2026-07-14T19:05:00+00:00,2026-07-14T19:10:00+00:00,102.9,102.9,102.9,102.9,828,102.9
ONEQ,2026-07-14T19:10:00+00:00,2026-07-14T19:15:00+00:00,102.98,102.98,102.98,102.98,486,102.98
ONEQ,2026-07-14T19:15:00+00:00,2026-07-14T19:20:00+00:00,102.91,102.92,102.91,102.92,826,102.9167
ONEQ,2026-07-14T19:20:00+00:00,2026-07-14T19:25:00+00:00,102.92,103.02,102.91,103.02,20567,102.9833
ONEQ,2026-07-14T19:25:00+00:00,2026-07-14T19:30:00+00:00,102.97,102.975,102.96,102.96,1668,102.965
ONEQ,2026-07-14T19:30:00+00:00,2026-07-14T19:35:00+00:00,102.88,102.88,102.81,102.875,2152,102.855
ONEQ,2026-07-14T19:35:00+00:00,2026-07-14T19:40:00+00:00,102.87,102.87,102.87,102.87,389,102.87
ONEQ,2026-07-14T19:40:00+00:00,2026-07-14T19:45:00+00:00,102.8558,102.885,102.84,102.84,4991,102.855
ONEQ,2026-07-14T19:45:00+00:00,2026-07-14T19:50:00+00:00,102.93,102.97,102.91,102.91,2608,102.93
ONEQ,2026-07-14T19:50:00+00:00,2026-07-14T19:55:00+00:00,102.92,102.955,102.9014,102.94,3351,102.9321
ONEQ,2026-07-14T19:55:00+00:00,2026-07-14T20:00:00+00:00,102.84,102.92,102.84,102.88,7168,102.88
ONEQ,2026-07-15T13:30:00+00:00,2026-07-15T13:35:00+00:00,103.26,103.55,103.26,103.55,9625,103.4533
ONEQ,2026-07-15T13:35:00+00:00,2026-07-15T13:40:00+00:00,103.56,103.6074,103.374,103.405,2989,103.4621
ONEQ,2026-07-15T13:40:00+00:00,2026-07-15T13:45:00+00:00,103.49,103.49,103.3,103.3,8170,103.3633
ONEQ,2026-07-15T13:45:00+00:00,2026-07-15T13:50:00+00:00,103.28,103.28,103.255,103.255,735,103.2633
ONEQ,2026-07-15T13:50:00+00:00,2026-07-15T13:55:00+00:00,103.2899,103.2899,103.1,103.105,4752,103.165
ONEQ,2026-07-15T13:55:00+00:00,2026-07-15T14:00:00+00:00,103.32,103.34,103.2633,103.3065,2201,103.3033
ONEQ,2026-07-15T14:00:00+00:00,2026-07-15T14:05:00+00:00,103.435,103.61,103.435,103.61,3817,103.5517
ONEQ,2026-07-15T14:05:00+00:00,2026-07-15T14:10:00+00:00,103.53,103.58,103.53,103.54,1567,103.55
ONEQ,2026-07-15T14:10:00+00:00,2026-07-15T14:15:00+00:00,103.655,103.655,103.51,103.54,4001,103.5683
ONEQ,2026-07-15T14:15:00+00:00,2026-07-15T14:20:00+00:00,103.5,103.565,103.4801,103.4801,2835,103.5084
ONEQ,2026-07-15T14:20:00+00:00,2026-07-15T14:25:00+00:00,103.51,103.51,103.51,103.51,609,103.51
ONEQ,2026-07-15T14:25:00+00:00,2026-07-15T14:30:00+00:00,103.105,103.275,103.105,103.275,2510,103.2183
ONEQ,2026-07-15T14:30:00+00:00,2026-07-15T14:35:00+00:00,103.26,103.26,103.26,103.26,404,103.26
ONEQ,2026-07-15T14:35:00+00:00,2026-07-15T14:40:00+00:00,103.345,103.345,103.07,103.07,1162,103.1617
ONEQ,2026-07-15T14:40:00+00:00,2026-07-15T14:45:00+00:00,103.0,103.025,102.88,103.025,1320,102.9767
ONEQ,2026-07-15T14:45:00+00:00,2026-07-15T14:50:00+00:00,102.995,102.995,102.975,102.975,738,102.9817
ONEQ,2026-07-15T14:50:00+00:00,2026-07-15T14:55:00+00:00,103.0,103.1,102.94,102.94,5140,102.9933
ONEQ,2026-07-15T14:55:00+00:00,2026-07-15T15:00:00+00:00,103.075,103.075,103.075,103.075,667,103.075
ONEQ,2026-07-15T15:00:00+00:00,2026-07-15T15:05:00+00:00,103.07,103.07,103.025,103.06,1566,103.0517
ONEQ,2026-07-15T15:05:00+00:00,2026-07-15T15:10:00+00:00,103.1499,103.1499,103.02,103.085,1072,103.085
ONEQ,2026-07-15T15:10:00+00:00,2026-07-15T15:15:00+00:00,103.2899,103.2899,103.095,103.095,1933,103.16
ONEQ,2026-07-15T15:15:00+00:00,2026-07-15T15:20:00+00:00,103.1999,103.1999,103.09,103.09,1075,103.1266
ONEQ,2026-07-15T15:20:00+00:00,2026-07-15T15:25:00+00:00,103.06,103.095,102.92,102.9731,1606,102.996
ONEQ,2026-07-15T15:25:00+00:00,2026-07-15T15:30:00+00:00,103.06,103.23,103.06,103.23,4145,103.1733
ONEQ,2026-07-15T15:30:00+00:00,2026-07-15T15:35:00+00:00,103.27,103.3645,103.11,103.27,16327,103.2482
ONEQ,2026-07-15T15:35:00+00:00,2026-07-15T15:40:00+00:00,103.19,103.24,103.19,103.24,1411,103.2233
ONEQ,2026-07-15T15:40:00+00:00,2026-07-15T15:45:00+00:00,103.39,103.39,103.24,103.24,1877,103.29
ONEQ,2026-07-15T15:45:00+00:00,2026-07-15T15:50:00+00:00,103.19,103.2399,103.155,103.2399,11700,103.2116
ONEQ,2026-07-15T15:50:00+00:00,2026-07-15T15:55:00+00:00,103.125,103.125,103.04,103.08,4255,103.0817
ONEQ,2026-07-15T15:55:00+00:00,2026-07-15T16:00:00+00:00,103.07,103.1699,103.03,103.13,8796,103.11
ONEQ,2026-07-15T16:00:00+00:00,2026-07-15T16:05:00+00:00,103.1308,103.14,102.9901,102.9901,3130,103.0401
ONEQ,2026-07-15T16:05:00+00:00,2026-07-15T16:10:00+00:00,103.0,103.0,102.875,102.9321,2295,102.9357
ONEQ,2026-07-15T16:10:00+00:00,2026-07-15T16:15:00+00:00,102.89,102.89,102.8,102.8,537,102.83
ONEQ,2026-07-15T16:15:00+00:00,2026-07-15T16:20:00+00:00,102.84,102.84,102.83,102.83,2894,102.8333
ONEQ,2026-07-15T16:20:00+00:00,2026-07-15T16:25:00+00:00,102.81,102.81,102.705,102.705,1017,102.74
ONEQ,2026-07-15T16:25:00+00:00,2026-07-15T16:30:00+00:00,102.71,102.91,102.71,102.91,3574,102.8433
ONEQ,2026-07-15T16:30:00+00:00,2026-07-15T16:35:00+00:00,102.825,102.87,102.67,102.6934,5991,102.7445
ONEQ,2026-07-15T16:35:00+00:00,2026-07-15T16:40:00+00:00,102.66,102.72,102.62,102.655,3521,102.665
ONEQ,2026-07-15T16:40:00+00:00,2026-07-15T16:45:00+00:00,102.61,102.6999,102.61,102.675,3109,102.6616
ONEQ,2026-07-15T16:45:00+00:00,2026-07-15T16:50:00+00:00,102.65,102.93,102.65,102.7743,7716,102.7848
ONEQ,2026-07-15T16:50:00+00:00,2026-07-15T16:55:00+00:00,102.79,102.89,102.79,102.8802,2727,102.8534
ONEQ,2026-07-15T16:55:00+00:00,2026-07-15T17:00:00+00:00,102.885,102.885,102.7597,102.82,3609,102.8216
ONEQ,2026-07-15T17:00:00+00:00,2026-07-15T17:05:00+00:00,102.9331,102.95,102.9055,102.95,2584,102.9352
ONEQ,2026-07-15T17:05:00+00:00,2026-07-15T17:10:00+00:00,102.93,102.9833,102.93,102.9833,1669,102.9655
ONEQ,2026-07-15T17:10:00+00:00,2026-07-15T17:15:00+00:00,103.0,103.0,103.0,103.0,277,103.0
ONEQ,2026-07-15T17:15:00+00:00,2026-07-15T17:20:00+00:00,102.99,102.99,102.98,102.98,2559,102.9833
ONEQ,2026-07-15T17:20:00+00:00,2026-07-15T17:25:00+00:00,103.0959,103.15,103.07,103.15,4423,103.1233
ONEQ,2026-07-15T17:25:00+00:00,2026-07-15T17:30:00+00:00,103.0501,103.06,103.0501,103.06,1497,103.0567
ONEQ,2026-07-15T17:30:00+00:00,2026-07-15T17:35:00+00:00,103.185,103.24,103.185,103.24,1763,103.2217
ONEQ,2026-07-15T17:35:00+00:00,2026-07-15T17:40:00+00:00,103.18,103.18,103.175,103.175,428,103.1767
ONEQ,2026-07-15T17:40:00+00:00,2026-07-15T17:45:00+00:00,103.2899,103.2899,103.17,103.17,2960,103.21
ONEQ,2026-07-15T17:45:00+00:00,2026-07-15T17:50:00+00:00,103.2,103.37,103.2,103.37,5918,103.3133
ONEQ,2026-07-15T17:50:00+00:00,2026-07-15T17:55:00+00:00,103.37,103.44,103.37,103.44,1177,103.4167
ONEQ,2026-07-15T17:55:00+00:00,2026-07-15T18:00:00+00:00,103.41,103.42,103.3427,103.352,5710,103.3716
ONEQ,2026-07-15T18:05:00+00:00,2026-07-15T18:10:00+00:00,103.435,103.4799,103.3701,103.465,3851,103.4383
ONEQ,2026-07-15T18:10:00+00:00,2026-07-15T18:15:00+00:00,103.5399,103.57,103.485,103.57,3443,103.5417
ONEQ,2026-07-15T18:15:00+00:00,2026-07-15T18:20:00+00:00,103.44,103.5199,103.44,103.5199,3251,103.4933
ONEQ,2026-07-15T18:20:00+00:00,2026-07-15T18:25:00+00:00,103.48,103.515,103.46,103.5,3400,103.4917
ONEQ,2026-07-15T18:25:00+00:00,2026-07-15T18:30:00+00:00,103.495,103.52,103.495,103.52,901,103.5117
ONEQ,2026-07-15T18:30:00+00:00,2026-07-15T18:35:00+00:00,103.49,103.54,103.49,103.54,10711,103.5233
ONEQ,2026-07-15T18:35:00+00:00,2026-07-15T18:40:00+00:00,103.495,103.51,103.4497,103.4497,7941,103.4698
ONEQ,2026-07-15T18:40:00+00:00,2026-07-15T18:45:00+00:00,103.42,103.5021,103.42,103.45,8426,103.4574
ONEQ,2026-07-15T18:45:00+00:00,2026-07-15T18:50:00+00:00,103.25,103.365,103.22,103.27,11162,103.285
ONEQ,2026-07-15T18:50:00+00:00,2026-07-15T18:55:00+00:00,103.28,103.28,103.125,103.155,2920,103.1867
ONEQ,2026-07-15T18:55:00+00:00,2026-07-15T19:00:00+00:00,103.21,103.23,103.135,103.14,1670,103.1683
ONEQ,2026-07-15T19:00:00+00:00,2026-07-15T19:05:00+00:00,103.15,103.31,103.15,103.2695,866,103.2432
ONEQ,2026-07-15T19:05:00+00:00,2026-07-15T19:10:00+00:00,103.2919,103.34,103.2919,103.305,3011,103.3123
ONEQ,2026-07-15T19:10:00+00:00,2026-07-15T19:15:00+00:00,103.3,103.3,103.2925,103.2925,1052,103.295
ONEQ,2026-07-15T19:15:00+00:00,2026-07-15T19:20:00+00:00,103.265,103.295,103.24,103.295,1481,103.2767
ONEQ,2026-07-15T19:20:00+00:00,2026-07-15T19:25:00+00:00,103.18,103.19,103.18,103.1848,1021,103.1849
ONEQ,2026-07-15T19:25:00+00:00,2026-07-15T19:30:00+00:00,103.1651,103.2,103.1651,103.2,1320,103.1884
ONEQ,2026-07-15T19:30:00+00:00,2026-07-15T19:35:00+00:00,103.32,103.36,103.225,103.3299,8765,103.305
ONEQ,2026-07-15T19:35:00+00:00,2026-07-15T19:40:00+00:00,103.22,103.3299,103.22,103.265,1171,103.2716
ONEQ,2026-07-15T19:40:00+00:00,2026-07-15T19:45:00+00:00,103.35,103.43,103.35,103.42,1926,103.4
ONEQ,2026-07-15T19:45:00+00:00,2026-07-15T19:50:00+00:00,103.345,103.345,103.27,103.27,1564,103.295
ONEQ,2026-07-15T19:50:00+00:00,2026-07-15T19:55:00+00:00,103.35,103.405,103.32,103.33,9649,103.3517
ONEQ,2026-07-15T19:55:00+00:00,2026-07-15T20:00:00+00:00,103.39,103.51,103.39,103.41,13077,103.4367
ONEQ,2026-07-16T13:30:00+00:00,2026-07-16T13:35:00+00:00,103.16,103.16,102.6655,102.8,9776,102.8752
ONEQ,2026-07-16T13:35:00+00:00,2026-07-16T13:40:00+00:00,102.63,102.75,102.5565,102.615,6395,102.6405
ONEQ,2026-07-16T13:40:00+00:00,2026-07-16T13:45:00+00:00,102.55,102.7669,102.425,102.425,5981,102.539
ONEQ,2026-07-16T13:45:00+00:00,2026-07-16T13:50:00+00:00,102.41,102.41,102.29,102.365,4787,102.355
ONEQ,2026-07-16T13:50:00+00:00,2026-07-16T13:55:00+00:00,102.43,102.67,102.375,102.515,15651,102.52
ONEQ,2026-07-16T13:55:00+00:00,2026-07-16T14:00:00+00:00,102.4192,102.68,102.4192,102.68,6465,102.5931
ONEQ,2026-07-16T14:00:00+00:00,2026-07-16T14:05:00+00:00,102.625,102.69,102.625,102.67,1833,102.6617
ONEQ,2026-07-16T14:05:00+00:00,2026-07-16T14:10:00+00:00,102.67,102.8,102.67,102.8,2238,102.7567
ONEQ,2026-07-16T14:10:00+00:00,2026-07-16T14:15:00+00:00,102.866,102.8999,102.7,102.85,3290,102.8166
ONEQ,2026-07-16T14:15:00+00:00,2026-07-16T14:20:00+00:00,102.978,102.9899,102.88,102.88,1550,102.9166
ONEQ,2026-07-16T14:20:00+00:00,2026-07-16T14:25:00+00:00,102.915,102.915,102.765,102.825,3031,102.835
ONEQ,2026-07-16T14:25:00+00:00,2026-07-16T14:30:00+00:00,102.81,102.86,102.81,102.86,2277,102.8433
ONEQ,2026-07-16T14:30:00+00:00,2026-07-16T14:35:00+00:00,102.97,102.98,102.95,102.97,2776,102.9667
ONEQ,2026-07-16T14:35:00+00:00,2026-07-16T14:40:00+00:00,103.008,103.11,102.995,102.995,3662,103.0333
ONEQ,2026-07-16T14:40:00+00:00,2026-07-16T14:45:00+00:00,102.9,102.99,102.9,102.99,677,102.96
ONEQ,2026-07-16T14:45:00+00:00,2026-07-16T14:50:00+00:00,102.975,102.99,102.935,102.935,2115,102.9533
ONEQ,2026-07-16T14:50:00+00:00,2026-07-16T14:55:00+00:00,102.79,102.79,102.67,102.67,8226,102.71
ONEQ,2026-07-16T14:55:00+00:00,2026-07-16T15:00:00+00:00,102.69,102.72,102.69,102.72,4003,102.71
ONEQ,2026-07-16T15:10:00+00:00,2026-07-16T15:15:00+00:00,102.69,102.69,102.595,102.6,1349,102.6283
ONEQ,2026-07-16T15:15:00+00:00,2026-07-16T15:20:00+00:00,102.56,102.6182,102.53,102.6182,6352,102.5888
ONEQ,2026-07-16T15:20:00+00:00,2026-07-16T15:25:00+00:00,102.63,102.63,102.63,102.63,1086,102.63
ONEQ,2026-07-16T15:30:00+00:00,2026-07-16T15:35:00+00:00,102.7701,102.86,102.7701,102.86,831,102.83
ONEQ,2026-07-16T15:35:00+00:00,2026-07-16T15:40:00+00:00,102.85,102.92,102.8065,102.92,2229,102.8822
ONEQ,2026-07-16T15:40:00+00:00,2026-07-16T15:45:00+00:00,102.8942,102.8942,102.77,102.77,915,102.8114
ONEQ,2026-07-16T15:45:00+00:00,2026-07-16T15:50:00+00:00,102.77,102.77,102.705,102.755,957,102.7433
ONEQ,2026-07-16T15:50:00+00:00,2026-07-16T15:55:00+00:00,102.805,102.88,102.805,102.868,1297,102.851
ONEQ,2026-07-16T15:55:00+00:00,2026-07-16T16:00:00+00:00,102.74,102.845,102.73,102.795,3463,102.79
ONEQ,2026-07-16T16:00:00+00:00,2026-07-16T16:05:00+00:00,102.78,102.78,102.651,102.651,6404,102.694
ONEQ,2026-07-16T16:05:00+00:00,2026-07-16T16:10:00+00:00,102.58,102.635,102.55,102.635,8113,102.6067
ONEQ,2026-07-16T16:10:00+00:00,2026-07-16T16:15:00+00:00,102.5,102.5,102.45,102.45,6311,102.4667
ONEQ,2026-07-16T16:15:00+00:00,2026-07-16T16:20:00+00:00,102.4,102.5399,102.4,102.4923,2080,102.4774
ONEQ,2026-07-16T16:20:00+00:00,2026-07-16T16:25:00+00:00,102.38,102.38,102.3001,102.38,2515,102.3534
ONEQ,2026-07-16T16:25:00+00:00,2026-07-16T16:30:00+00:00,102.4,103.4,102.4,103.4,1478,103.0667
ONEQ,2026-07-16T16:30:00+00:00,2026-07-16T16:35:00+00:00,102.48,102.48,102.4405,102.4405,1027,102.4537
ONEQ,2026-07-16T16:35:00+00:00,2026-07-16T16:40:00+00:00,102.445,102.445,102.44,102.44,739,102.4417
ONEQ,2026-07-16T16:40:00+00:00,2026-07-16T16:45:00+00:00,102.476,102.48,102.3817,102.3817,2070,102.4145
ONEQ,2026-07-16T16:45:00+00:00,2026-07-16T16:50:00+00:00,102.42,102.42,102.41,102.41,1231,102.4133
ONEQ,2026-07-16T16:50:00+00:00,2026-07-16T16:55:00+00:00,102.45,102.575,102.43,102.575,5226,102.5267
ONEQ,2026-07-16T16:55:00+00:00,2026-07-16T17:00:00+00:00,102.62,102.65,102.55,102.56,2431,102.5867
ONEQ,2026-07-16T17:00:00+00:00,2026-07-16T17:05:00+00:00,102.6,102.6,102.41,102.55,5176,102.52
ONEQ,2026-07-16T17:05:00+00:00,2026-07-16T17:10:00+00:00,102.47,102.56,102.47,102.56,627,102.53
ONEQ,2026-07-16T17:10:00+00:00,2026-07-16T17:15:00+00:00,102.5115,102.5115,102.45,102.45,1292,102.4705
ONEQ,2026-07-16T17:15:00+00:00,2026-07-16T17:20:00+00:00,102.445,102.5059,102.38,102.46,73297,102.4486
ONEQ,2026-07-16T17:20:00+00:00,2026-07-16T17:25:00+00:00,102.454,102.454,102.43,102.454,1104,102.446
ONEQ,2026-07-16T17:25:00+00:00,2026-07-16T17:30:00+00:00,102.495,102.598,102.47,102.57,7086,102.546
ONEQ,2026-07-16T17:30:00+00:00,2026-07-16T17:35:00+00:00,102.5,102.56,102.465,102.465,1718,102.4967
ONEQ,2026-07-16T17:35:00+00:00,2026-07-16T17:40:00+00:00,102.43,102.43,102.38,102.38,3576,102.3967
ONEQ,2026-07-16T17:40:00+00:00,2026-07-16T17:45:00+00:00,102.31,102.325,102.2501,102.2501,1040,102.2751
ONEQ,2026-07-16T17:45:00+00:00,2026-07-16T17:50:00+00:00,102.25,102.34,102.22,102.32,4825,102.2933
ONEQ,2026-07-16T17:50:00+00:00,2026-07-16T17:55:00+00:00,102.33,102.33,102.33,102.33,496,102.33
ONEQ,2026-07-16T17:55:00+00:00,2026-07-16T18:00:00+00:00,102.2802,102.2802,102.2797,102.2797,1871,102.2799
ONEQ,2026-07-16T18:00:00+00:00,2026-07-16T18:05:00+00:00,102.27,102.27,102.26,102.27,1925,102.2667
ONEQ,2026-07-16T18:05:00+00:00,2026-07-16T18:10:00+00:00,102.235,102.24,102.17,102.17,3369,102.1933
ONEQ,2026-07-16T18:10:00+00:00,2026-07-16T18:15:00+00:00,102.135,102.27,102.135,102.2145,3929,102.2065
ONEQ,2026-07-16T18:15:00+00:00,2026-07-16T18:20:00+00:00,102.255,102.255,102.255,102.255,415,102.255
ONEQ,2026-07-16T18:20:00+00:00,2026-07-16T18:25:00+00:00,102.2799,102.3099,102.25,102.3099,1657,102.2899
ONEQ,2026-07-16T18:25:00+00:00,2026-07-16T18:30:00+00:00,102.24,102.2899,102.18,102.25,4477,102.24
ONEQ,2026-07-16T18:30:00+00:00,2026-07-16T18:35:00+00:00,102.12,102.18,102.12,102.16,1196,102.1533
ONEQ,2026-07-16T18:35:00+00:00,2026-07-16T18:40:00+00:00,102.09,102.0901,102.05,102.06,9161,102.0667
ONEQ,2026-07-16T18:40:00+00:00,2026-07-16T18:45:00+00:00,102.0,102.09,101.98,102.09,11972,102.0533
ONEQ,2026-07-16T18:45:00+00:00,2026-07-16T18:50:00+00:00,102.11,102.12,102.1,102.12,8676,102.1133
ONEQ,2026-07-16T18:50:00+00:00,2026-07-16T18:55:00+00:00,102.145,102.145,102.065,102.065,8611,102.0917
ONEQ,2026-07-16T18:55:00+00:00,2026-07-16T19:00:00+00:00,102.0,102.06,102.0,102.03,5163,102.03
ONEQ,2026-07-16T19:00:00+00:00,2026-07-16T19:05:00+00:00,102.06,102.125,102.06,102.125,3809,102.1033
ONEQ,2026-07-16T19:05:00+00:00,2026-07-16T19:10:00+00:00,102.05,102.115,101.95,101.98,4249,102.015
ONEQ,2026-07-16T19:10:00+00:00,2026-07-16T19:15:00+00:00,101.92,101.95,101.9,101.91,2957,101.92
ONEQ,2026-07-16T19:15:00+00:00,2026-07-16T19:20:00+00:00,101.865,101.865,101.79,101.79,2273,101.815
ONEQ,2026-07-16T19:20:00+00:00,2026-07-16T19:25:00+00:00,101.8001,101.86,101.8001,101.81,5659,101.8234
ONEQ,2026-07-16T19:25:00+00:00,2026-07-16T19:30:00+00:00,101.815,101.815,101.75,101.805,17667,101.79
ONEQ,2026-07-16T19:30:00+00:00,2026-07-16T19:35:00+00:00,101.8,101.8,101.6801,101.73,6031,101.7367
ONEQ,2026-07-16T19:35:00+00:00,2026-07-16T19:40:00+00:00,101.7451,101.82,101.6819,101.8,9662,101.7673
ONEQ,2026-07-16T19:40:00+00:00,2026-07-16T19:45:00+00:00,101.76,101.76,101.72,101.72,3870,101.7333
ONEQ,2026-07-16T19:45:00+00:00,2026-07-16T19:50:00+00:00,101.56,101.605,101.485,101.514,16718,101.5347
ONEQ,2026-07-16T19:50:00+00:00,2026-07-16T19:55:00+00:00,101.6425,101.76,101.62,101.72,12761,101.7
ONEQ,2026-07-16T19:55:00+00:00,2026-07-16T20:00:00+00:00,101.8999,101.95,101.83,101.93,19814,101.9033
ONEQ,2026-07-17T13:30:00+00:00,2026-07-17T13:35:00+00:00,100.25,100.28,99.79,99.89,39295,99.9867
ONEQ,2026-07-17T13:35:00+00:00,2026-07-17T13:40:00+00:00,99.92,99.92,99.6301,99.74,13708,99.7634
ONEQ,2026-07-17T13:40:00+00:00,2026-07-17T13:45:00+00:00,99.725,99.745,99.5,99.5,9707,99.5817
ONEQ,2026-07-17T13:45:00+00:00,2026-07-17T13:50:00+00:00,99.5,99.77,99.5,99.77,12555,99.68
ONEQ,2026-07-17T13:50:00+00:00,2026-07-17T13:55:00+00:00,99.76,100.0,99.76,100.0,4979,99.92
ONEQ,2026-07-17T13:55:00+00:00,2026-07-17T14:00:00+00:00,100.03,100.27,100.015,100.23,6496,100.1717
ONEQ,2026-07-17T14:00:00+00:00,2026-07-17T14:05:00+00:00,100.43,100.51,100.3549,100.3549,4983,100.4066
ONEQ,2026-07-17T14:05:00+00:00,2026-07-17T14:10:00+00:00,100.43,100.66,100.43,100.64,17632,100.5767
ONEQ,2026-07-17T14:10:00+00:00,2026-07-17T14:15:00+00:00,100.615,100.74,100.56,100.56,4845,100.62
ONEQ,2026-07-17T14:15:00+00:00,2026-07-17T14:20:00+00:00,100.605,100.815,100.605,100.725,4434,100.715
ONEQ,2026-07-17T14:20:00+00:00,2026-07-17T14:25:00+00:00,100.695,100.73,100.645,100.67,4665,100.6817
ONEQ,2026-07-17T14:25:00+00:00,2026-07-17T14:30:00+00:00,100.785,100.82,100.65,100.65,3432,100.7067
ONEQ,2026-07-17T14:30:00+00:00,2026-07-17T14:35:00+00:00,100.63,100.6647,100.5101,100.595,10732,100.5899
ONEQ,2026-07-17T14:35:00+00:00,2026-07-17T14:40:00+00:00,100.56,100.745,100.56,100.745,5165,100.6833
ONEQ,2026-07-17T14:40:00+00:00,2026-07-17T14:45:00+00:00,100.77,100.8042,100.61,100.67,5117,100.6947
ONEQ,2026-07-17T14:45:00+00:00,2026-07-17T14:50:00+00:00,100.635,100.71,100.5,100.605,5678,100.605
ONEQ,2026-07-17T14:50:00+00:00,2026-07-17T14:55:00+00:00,100.58,100.58,100.43,100.455,6106,100.4883
ONEQ,2026-07-17T14:55:00+00:00,2026-07-17T15:00:00+00:00,100.525,100.65,100.34,100.34,3412,100.4433
ONEQ,2026-07-17T15:00:00+00:00,2026-07-17T15:05:00+00:00,100.34,100.34,100.25,100.25,4776,100.28
ONEQ,2026-07-17T15:05:00+00:00,2026-07-17T15:10:00+00:00,100.22,100.41,100.22,100.36,4698,100.33
ONEQ,2026-07-17T15:10:00+00:00,2026-07-17T15:15:00+00:00,100.405,100.405,100.23,100.28,7513,100.305
ONEQ,2026-07-17T15:15:00+00:00,2026-07-17T15:20:00+00:00,100.3145,100.4122,100.2101,100.37,3458,100.3308
ONEQ,2026-07-17T15:20:00+00:00,2026-07-17T15:25:00+00:00,100.3552,100.37,100.2,100.26,2671,100.2767
ONEQ,2026-07-17T15:25:00+00:00,2026-07-17T15:30:00+00:00,100.325,100.54,100.325,100.495,3364,100.4533
ONEQ,2026-07-17T15:30:00+00:00,2026-07-17T15:35:00+00:00,100.57,100.57,100.43,100.46,6981,100.4867
ONEQ,2026-07-17T15:35:00+00:00,2026-07-17T15:40:00+00:00,100.45,100.63,100.37,100.62,4394,100.54
ONEQ,2026-07-17T15:40:00+00:00,2026-07-17T15:45:00+00:00,100.62,100.66,100.49,100.49,6948,100.5467
ONEQ,2026-07-17T15:45:00+00:00,2026-07-17T15:50:00+00:00,100.53,100.61,100.45,100.53,5491,100.53
ONEQ,2026-07-17T15:50:00+00:00,2026-07-17T15:55:00+00:00,100.595,100.745,100.595,100.745,1784,100.695
ONEQ,2026-07-17T15:55:00+00:00,2026-07-17T16:00:00+00:00,100.795,100.9687,100.795,100.88,3462,100.8812
ONEQ,2026-07-17T16:00:00+00:00,2026-07-17T16:05:00+00:00,100.925,100.925,100.61,100.64,4901,100.725
ONEQ,2026-07-17T16:05:00+00:00,2026-07-17T16:10:00+00:00,100.65,100.65,100.54,100.56,1546,100.5833
ONEQ,2026-07-17T16:10:00+00:00,2026-07-17T16:15:00+00:00,100.5701,100.85,100.5701,100.8125,2390,100.7442
ONEQ,2026-07-17T16:15:00+00:00,2026-07-17T16:20:00+00:00,100.87,100.92,100.85,100.895,2018,100.8883
ONEQ,2026-07-17T16:20:00+00:00,2026-07-17T16:25:00+00:00,100.8501,100.95,100.65,100.66,4877,100.7533
ONEQ,2026-07-17T16:25:00+00:00,2026-07-17T16:30:00+00:00,100.723,100.91,100.6201,100.88,47930,100.8034
ONEQ,2026-07-17T16:30:00+00:00,2026-07-17T16:35:00+00:00,100.86,100.86,100.72,100.785,4474,100.7883
ONEQ,2026-07-17T16:35:00+00:00,2026-07-17T16:40:00+00:00,100.82,100.88,100.8,100.82,22766,100.8333
ONEQ,2026-07-17T16:40:00+00:00,2026-07-17T16:45:00+00:00,100.825,100.93,100.78,100.93,4848,100.88
ONEQ,2026-07-17T16:45:00+00:00,2026-07-17T16:50:00+00:00,100.9306,101.095,100.9306,101.095,7683,101.0402
ONEQ,2026-07-17T16:50:00+00:00,2026-07-17T16:55:00+00:00,101.07,101.18,101.01,101.15,6313,101.1133
ONEQ,2026-07-17T16:55:00+00:00,2026-07-17T17:00:00+00:00,101.14,101.14,101.0,101.09,2430,101.0767
ONEQ,2026-07-17T17:00:00+00:00,2026-07-17T17:05:00+00:00,101.15,101.16,101.09,101.115,3979,101.1217
ONEQ,2026-07-17T17:05:00+00:00,2026-07-17T17:10:00+00:00,101.1,101.11,101.1,101.11,1465,101.1067
ONEQ,2026-07-17T17:10:00+00:00,2026-07-17T17:15:00+00:00,101.21,101.21,101.08,101.08,3191,101.1233
ONEQ,2026-07-17T17:15:00+00:00,2026-07-17T17:20:00+00:00,101.1,101.1,101.065,101.065,2227,101.0767
ONEQ,2026-07-17T17:20:00+00:00,2026-07-17T17:25:00+00:00,101.055,101.055,101.015,101.035,2338,101.035
ONEQ,2026-07-17T17:25:00+00:00,2026-07-17T17:30:00+00:00,101.1325,101.1683,101.13,101.1683,1479,101.1555
ONEQ,2026-07-17T17:30:00+00:00,2026-07-17T17:35:00+00:00,101.2,101.2,101.13,101.13,1663,101.1533
ONEQ,2026-07-17T17:40:00+00:00,2026-07-17T17:45:00+00:00,100.9,100.9,100.9,100.9,1603,100.9
ONEQ,2026-07-17T17:45:00+00:00,2026-07-17T17:50:00+00:00,100.9,100.9,100.8817,100.9,13760,100.8939
ONEQ,2026-07-17T17:50:00+00:00,2026-07-17T17:55:00+00:00,100.945,100.945,100.83,100.83,3727,100.8683
ONEQ,2026-07-17T17:55:00+00:00,2026-07-17T18:00:00+00:00,100.8009,100.8009,100.78,100.78,531,100.787
ONEQ,2026-07-17T18:00:00+00:00,2026-07-17T18:05:00+00:00,100.74,100.85,100.74,100.85,322,100.8133
ONEQ,2026-07-17T18:05:00+00:00,2026-07-17T18:10:00+00:00,100.77,100.77,100.69,100.69,1596,100.7167
ONEQ,2026-07-17T18:10:00+00:00,2026-07-17T18:15:00+00:00,100.7,100.72,100.65,100.65,3547,100.6733
ONEQ,2026-07-17T18:15:00+00:00,2026-07-17T18:20:00+00:00,100.67,100.67,100.565,100.565,2036,100.6
ONEQ,2026-07-17T18:20:00+00:00,2026-07-17T18:25:00+00:00,100.5411,100.5765,100.5411,100.5765,518,100.5647
ONEQ,2026-07-17T18:25:00+00:00,2026-07-17T18:30:00+00:00,100.56,100.65,100.56,100.65,2408,100.62
ONEQ,2026-07-17T18:30:00+00:00,2026-07-17T18:35:00+00:00,100.59,100.73,100.59,100.65,2484,100.6567
ONEQ,2026-07-17T18:35:00+00:00,2026-07-17T18:40:00+00:00,100.6,100.6,100.6,100.6,1201,100.6
ONEQ,2026-07-17T18:40:00+00:00,2026-07-17T18:45:00+00:00,100.4801,100.49,100.4801,100.49,504,100.4867
ONEQ,2026-07-17T18:45:00+00:00,2026-07-17T18:50:00+00:00,100.64,100.7,100.63,100.66,3554,100.6633
ONEQ,2026-07-17T18:50:00+00:00,2026-07-17T18:55:00+00:00,100.66,100.76,100.65,100.76,1130,100.7233
ONEQ,2026-07-17T18:55:00+00:00,2026-07-17T19:00:00+00:00,100.75,100.75,100.735,100.735,568,100.74
ONEQ,2026-07-17T19:00:00+00:00,2026-07-17T19:05:00+00:00,100.72,100.73,100.63,100.69,5737,100.6833
ONEQ,2026-07-17T19:05:00+00:00,2026-07-17T19:10:00+00:00,100.72,100.72,100.6101,100.635,7418,100.655
ONEQ,2026-07-17T19:10:00+00:00,2026-07-17T19:15:00+00:00,100.525,100.525,100.42,100.42,8033,100.455
ONEQ,2026-07-17T19:15:00+00:00,2026-07-17T19:20:00+00:00,100.38,100.41,100.37,100.41,2203,100.3967
ONEQ,2026-07-17T19:20:00+00:00,2026-07-17T19:25:00+00:00,100.43,100.45,100.32,100.32,48038,100.3633
ONEQ,2026-07-17T19:25:00+00:00,2026-07-17T19:30:00+00:00,100.32,100.51,100.29,100.51,6175,100.4367
ONEQ,2026-07-17T19:30:00+00:00,2026-07-17T19:35:00+00:00,100.58,100.65,100.5,100.5001,6442,100.55
ONEQ,2026-07-17T19:35:00+00:00,2026-07-17T19:40:00+00:00,100.53,100.53,100.46,100.46,1072,100.4833
ONEQ,2026-07-17T19:40:00+00:00,2026-07-17T19:45:00+00:00,100.38,100.5499,100.38,100.5499,6148,100.4933
ONEQ,2026-07-17T19:45:00+00:00,2026-07-17T19:50:00+00:00,100.6399,100.6399,100.47,100.59,3566,100.5666
ONEQ,2026-07-17T19:50:00+00:00,2026-07-17T19:55:00+00:00,100.63,100.74,100.55,100.645,8522,100.645
ONEQ,2026-07-17T19:55:00+00:00,2026-07-17T20:00:00+00:00,100.5405,100.69,100.52,100.52,6172,100.5767
ONEQ,2026-07-20T13:30:00+00:00,2026-07-20T13:35:00+00:00,101.5,101.54,101.295,101.495,14463,101.4433
ONEQ,2026-07-20T13:35:00+00:00,2026-07-20T13:40:00+00:00,101.55,101.6799,101.4401,101.61,8829,101.5767
ONEQ,2026-07-20T13:40:00+00:00,2026-07-20T13:45:00+00:00,101.57,101.57,101.4301,101.52,9057,101.5067
ONEQ,2026-07-20T13:45:00+00:00,2026-07-20T13:50:00+00:00,101.64,101.675,101.5401,101.56,10577,101.5917
ONEQ,2026-07-20T13:50:00+00:00,2026-07-20T13:55:00+00:00,101.45,101.45,101.17,101.272,1245,101.2973
ONEQ,2026-07-20T13:55:00+00:00,2026-07-20T14:00:00+00:00,101.09,101.19,101.05,101.1479,8990,101.1293
ONEQ,2026-07-20T14:00:00+00:00,2026-07-20T14:05:00+00:00,101.075,101.1899,101.06,101.18,1334,101.1433
ONEQ,2026-07-20T14:05:00+00:00,2026-07-20T14:10:00+00:00,101.145,101.2,101.1392,101.1392,2029,101.1595
ONEQ,2026-07-20T14:10:00+00:00,2026-07-20T14:15:00+00:00,100.95,101.06,100.935,101.06,2337,101.0183
ONEQ,2026-07-20T14:15:00+00:00,2026-07-20T14:20:00+00:00,101.06,101.06,101.06,101.06,889,101.06
ONEQ,2026-07-20T14:20:00+00:00,2026-07-20T14:25:00+00:00,100.9,100.97,100.85,100.97,1214,100.93
ONEQ,2026-07-20T14:25:00+00:00,2026-07-20T14:30:00+00:00,101.03,101.145,101.03,101.145,3031,101.1067
ONEQ,2026-07-20T14:30:00+00:00,2026-07-20T14:35:00+00:00,101.0501,101.0501,101.0501,101.0501,1431,101.0501
ONEQ,2026-07-20T14:35:00+00:00,2026-07-20T14:40:00+00:00,101.0318,101.0318,101.0318,101.0318,1447,101.0318
ONEQ,2026-07-20T14:40:00+00:00,2026-07-20T14:45:00+00:00,101.04,101.0775,100.97,100.97,536,101.0058
ONEQ,2026-07-20T14:45:00+00:00,2026-07-20T14:50:00+00:00,101.02,101.02,100.88,100.88,2506,100.9267
ONEQ,2026-07-20T14:50:00+00:00,2026-07-20T14:55:00+00:00,100.875,100.9,100.875,100.9,1836,100.8917
ONEQ,2026-07-20T14:55:00+00:00,2026-07-20T15:00:00+00:00,100.81,100.81,100.79,100.79,2261,100.7967
ONEQ,2026-07-20T15:00:00+00:00,2026-07-20T15:05:00+00:00,100.8479,100.91,100.8479,100.897,1009,100.885
ONEQ,2026-07-20T15:05:00+00:00,2026-07-20T15:10:00+00:00,100.98,101.05,100.805,101.05,1221,100.9683
ONEQ,2026-07-20T15:10:00+00:00,2026-07-20T15:15:00+00:00,101.04,101.04,100.99,100.99,2513,101.0067
ONEQ,2026-07-20T15:15:00+00:00,2026-07-20T15:20:00+00:00,101.07,101.07,101.07,101.07,368,101.07
ONEQ,2026-07-20T15:20:00+00:00,2026-07-20T15:25:00+00:00,100.99,101.12,100.98,101.11,2497,101.07
ONEQ,2026-07-20T15:25:00+00:00,2026-07-20T15:30:00+00:00,101.1499,101.1499,101.045,101.1,5292,101.0983
ONEQ,2026-07-20T15:30:00+00:00,2026-07-20T15:35:00+00:00,101.19,101.22,101.15,101.21,31047,101.1933
ONEQ,2026-07-20T15:35:00+00:00,2026-07-20T15:40:00+00:00,101.19,101.19,101.15,101.15,5875,101.1633
ONEQ,2026-07-20T15:40:00+00:00,2026-07-20T15:45:00+00:00,101.155,101.259,101.155,101.21,3283,101.208
ONEQ,2026-07-20T15:45:00+00:00,2026-07-20T15:50:00+00:00,101.2,101.21,101.03,101.03,3719,101.09
ONEQ,2026-07-20T15:50:00+00:00,2026-07-20T15:55:00+00:00,101.0651,101.23,101.0651,101.23,1193,101.175
ONEQ,2026-07-20T15:55:00+00:00,2026-07-20T16:00:00+00:00,101.305,101.305,101.305,101.305,809,101.305
ONEQ,2026-07-20T16:00:00+00:00,2026-07-20T16:05:00+00:00,101.29,101.29,101.23,101.23,712,101.25
ONEQ,2026-07-20T16:05:00+00:00,2026-07-20T16:10:00+00:00,101.38,101.44,101.38,101.44,3793,101.42
ONEQ,2026-07-20T16:10:00+00:00,2026-07-20T16:15:00+00:00,101.4396,101.4396,101.4396,101.4396,202,101.4396
ONEQ,2026-07-20T16:15:00+00:00,2026-07-20T16:20:00+00:00,101.3944,101.3944,101.3853,101.3853,665,101.3883
ONEQ,2026-07-20T16:20:00+00:00,2026-07-20T16:25:00+00:00,101.4063,101.4087,101.39,101.39,2061,101.3962
ONEQ,2026-07-20T16:25:00+00:00,2026-07-20T16:30:00+00:00,101.42,101.42,101.34,101.345,1992,101.3683
ONEQ,2026-07-20T16:30:00+00:00,2026-07-20T16:35:00+00:00,101.29,101.29,101.29,101.29,350,101.29
ONEQ,2026-07-20T16:35:00+00:00,2026-07-20T16:40:00+00:00,101.24,101.2501,101.24,101.2501,2093,101.2467
ONEQ,2026-07-20T16:40:00+00:00,2026-07-20T16:45:00+00:00,101.34,101.34,101.085,101.125,8213,101.1833
ONEQ,2026-07-20T16:45:00+00:00,2026-07-20T16:50:00+00:00,101.2008,101.28,101.2008,101.28,770,101.2536
ONEQ,2026-07-20T16:50:00+00:00,2026-07-20T16:55:00+00:00,101.28,101.28,101.1,101.1,1347,101.16
ONEQ,2026-07-20T17:00:00+00:00,2026-07-20T17:05:00+00:00,100.98,101.01,100.98,101.01,317,101.0
ONEQ,2026-07-20T17:05:00+00:00,2026-07-20T17:10:00+00:00,100.93,100.935,100.93,100.934,2521,100.933
ONEQ,2026-07-20T17:10:00+00:00,2026-07-20T17:15:00+00:00,100.91,100.91,100.905,100.9068,1494,100.9073
ONEQ,2026-07-20T17:15:00+00:00,2026-07-20T17:20:00+00:00,100.82,100.91,100.805,100.91,795,100.875
ONEQ,2026-07-20T17:20:00+00:00,2026-07-20T17:25:00+00:00,100.8401,100.8401,100.8401,100.8401,1146,100.8401
ONEQ,2026-07-20T17:25:00+00:00,2026-07-20T17:30:00+00:00,100.97,100.97,100.9,100.9,696,100.9233
ONEQ,2026-07-20T17:30:00+00:00,2026-07-20T17:35:00+00:00,100.92,100.92,100.92,100.92,355,100.92
ONEQ,2026-07-20T17:35:00+00:00,2026-07-20T17:40:00+00:00,101.0,101.0,101.0,101.0,593,101.0
ONEQ,2026-07-20T17:40:00+00:00,2026-07-20T17:45:00+00:00,100.863,100.863,100.82,100.8399,4807,100.841
ONEQ,2026-07-20T17:45:00+00:00,2026-07-20T17:50:00+00:00,100.81,100.94,100.81,100.93,1760,100.8933
ONEQ,2026-07-20T17:50:00+00:00,2026-07-20T17:55:00+00:00,100.99,101.065,100.99,101.03,2640,101.0283
ONEQ,2026-07-20T17:55:00+00:00,2026-07-20T18:00:00+00:00,101.005,101.01,100.95,100.95,3277,100.97
ONEQ,2026-07-20T18:00:00+00:00,2026-07-20T18:05:00+00:00,101.01,101.0999,101.01,101.07,1271,101.06
ONEQ,2026-07-20T18:05:00+00:00,2026-07-20T18:10:00+00:00,101.03,101.03,101.015,101.03,1365,101.025
ONEQ,2026-07-20T18:10:00+00:00,2026-07-20T18:15:00+00:00,101.07,101.1396,101.07,101.1396,682,101.1164
ONEQ,2026-07-20T18:15:00+00:00,2026-07-20T18:20:00+00:00,101.0701,101.17,101.0501,101.0501,7040,101.0901
ONEQ,2026-07-20T18:20:00+00:00,2026-07-20T18:25:00+00:00,101.04,101.04,100.96,100.98,1774,100.9933
ONEQ,2026-07-20T18:25:00+00:00,2026-07-20T18:30:00+00:00,101.02,101.02,101.02,101.02,227,101.02
ONEQ,2026-07-20T18:30:00+00:00,2026-07-20T18:35:00+00:00,100.89,100.9,100.81,100.81,1629,100.84
ONEQ,2026-07-20T18:35:00+00:00,2026-07-20T18:40:00+00:00,100.84,100.84,100.79,100.79,439,100.8067
ONEQ,2026-07-20T18:40:00+00:00,2026-07-20T18:45:00+00:00,100.82,100.82,100.737,100.7601,2018,100.7724
ONEQ,2026-07-20T18:45:00+00:00,2026-07-20T18:50:00+00:00,100.645,100.74,100.645,100.73,6522,100.705
ONEQ,2026-07-20T18:50:00+00:00,2026-07-20T18:55:00+00:00,100.68,100.74,100.67,100.74,2444,100.7167
ONEQ,2026-07-20T18:55:00+00:00,2026-07-20T19:00:00+00:00,100.745,100.745,100.73,100.73,1185,100.735
ONEQ,2026-07-20T19:00:00+00:00,2026-07-20T19:05:00+00:00,100.74,100.74,100.74,100.74,655,100.74
ONEQ,2026-07-20T19:05:00+00:00,2026-07-20T19:10:00+00:00,100.61,100.61,100.61,100.61,2355,100.61
ONEQ,2026-07-20T19:10:00+00:00,2026-07-20T19:15:00+00:00,100.66,100.6999,100.56,100.565,3496,100.6083
ONEQ,2026-07-20T19:15:00+00:00,2026-07-20T19:20:00+00:00,100.52,100.5974,100.52,100.565,2535,100.5608
ONEQ,2026-07-20T19:20:00+00:00,2026-07-20T19:25:00+00:00,100.55,100.65,100.55,100.65,1080,100.6167
ONEQ,2026-07-20T19:25:00+00:00,2026-07-20T19:30:00+00:00,100.5651,100.6275,100.5485,100.61,6014,100.5953
ONEQ,2026-07-20T19:30:00+00:00,2026-07-20T19:35:00+00:00,100.69,100.78,100.69,100.755,5199,100.7417
ONEQ,2026-07-20T19:35:00+00:00,2026-07-20T19:40:00+00:00,100.73,100.73,100.68,100.68,1509,100.6967
ONEQ,2026-07-20T19:40:00+00:00,2026-07-20T19:45:00+00:00,100.73,100.7894,100.72,100.72,2703,100.7431
ONEQ,2026-07-20T19:45:00+00:00,2026-07-20T19:50:00+00:00,100.7,100.7,100.7,100.7,1062,100.7
ONEQ,2026-07-20T19:50:00+00:00,2026-07-20T19:55:00+00:00,100.69,100.69,100.6487,100.6487,1865,100.6625
ONEQ,2026-07-20T19:55:00+00:00,2026-07-20T20:00:00+00:00,100.5,100.5399,100.41,100.49,21233,100.48
ONEQ,2026-07-21T13:30:00+00:00,2026-07-21T13:35:00+00:00,101.57,101.57,101.2339,101.28,9679,101.3613
ONEQ,2026-07-21T13:35:00+00:00,2026-07-21T13:40:00+00:00,101.44,101.47,101.35,101.43,3128,101.4167
ONEQ,2026-07-21T13:40:00+00:00,2026-07-21T13:45:00+00:00,101.315,101.439,101.235,101.295,3614,101.323
ONEQ,2026-07-21T13:45:00+00:00,2026-07-21T13:50:00+00:00,101.1941,101.27,101.145,101.145,4562,101.1867
ONEQ,2026-07-21T13:50:00+00:00,2026-07-21T13:55:00+00:00,101.2698,101.27,101.17,101.22,5958,101.22
ONEQ,2026-07-21T13:55:00+00:00,2026-07-21T14:00:00+00:00,101.25,101.25,101.02,101.25,2625,101.1733
ONEQ,2026-07-21T14:00:00+00:00,2026-07-21T14:05:00+00:00,101.3,101.435,101.1387,101.1387,2454,101.2375
ONEQ,2026-07-21T14:05:00+00:00,2026-07-21T14:10:00+00:00,101.24,101.3,101.17,101.246,1757,101.2387
ONEQ,2026-07-21T14:10:00+00:00,2026-07-21T14:15:00+00:00,101.195,101.33,101.06,101.33,1469,101.24
ONEQ,2026-07-21T14:15:00+00:00,2026-07-21T14:20:00+00:00,101.33,101.42,101.15,101.41,4346,101.3267
ONEQ,2026-07-21T14:20:00+00:00,2026-07-21T14:25:00+00:00,101.32,101.375,101.32,101.375,2405,101.3567
ONEQ,2026-07-21T14:25:00+00:00,2026-07-21T14:30:00+00:00,101.36,101.56,101.36,101.56,6352,101.4933
ONEQ,2026-07-21T14:30:00+00:00,2026-07-21T14:35:00+00:00,101.57,101.615,101.55,101.59,5685,101.585
ONEQ,2026-07-21T14:35:00+00:00,2026-07-21T14:40:00+00:00,101.625,101.625,101.5201,101.55,4695,101.565
ONEQ,2026-07-21T14:40:00+00:00,2026-07-21T14:45:00+00:00,101.54,101.6199,101.46,101.59,4320,101.5566
ONEQ,2026-07-21T14:45:00+00:00,2026-07-21T14:50:00+00:00,101.63,101.69,101.5516,101.64,10470,101.6272
ONEQ,2026-07-21T14:50:00+00:00,2026-07-21T14:55:00+00:00,101.625,101.625,101.58,101.58,6558,101.595
ONEQ,2026-07-21T14:55:00+00:00,2026-07-21T15:00:00+00:00,101.63,101.63,101.56,101.58,2472,101.59
ONEQ,2026-07-21T15:00:00+00:00,2026-07-21T15:05:00+00:00,101.61,101.63,101.47,101.47,3261,101.5233
ONEQ,2026-07-21T15:05:00+00:00,2026-07-21T15:10:00+00:00,101.47,101.64,101.45,101.6201,2361,101.57
ONEQ,2026-07-21T15:10:00+00:00,2026-07-21T15:15:00+00:00,101.73,101.78,101.639,101.77,3685,101.7297
ONEQ,2026-07-21T15:15:00+00:00,2026-07-21T15:20:00+00:00,101.7249,101.7486,101.7249,101.74,3067,101.7378
ONEQ,2026-07-21T15:20:00+00:00,2026-07-21T15:25:00+00:00,101.73,101.82,101.73,101.8,2523,101.7833
ONEQ,2026-07-21T15:25:00+00:00,2026-07-21T15:30:00+00:00,101.79,101.84,101.79,101.835,1702,101.8217
ONEQ,2026-07-21T15:30:00+00:00,2026-07-21T15:35:00+00:00,101.81,101.81,101.74,101.75,6231,101.7667
ONEQ,2026-07-21T15:35:00+00:00,2026-07-21T15:40:00+00:00,101.74,101.78,101.74,101.76,748,101.76
ONEQ,2026-07-21T15:40:00+00:00,2026-07-21T15:45:00+00:00,101.75,101.78,101.73,101.74,7129,101.75
ONEQ,2026-07-21T15:45:00+00:00,2026-07-21T15:50:00+00:00,101.76,101.78,101.725,101.78,1970,101.7617
ONEQ,2026-07-21T15:50:00+00:00,2026-07-21T15:55:00+00:00,101.82,101.82,101.78,101.8047,6698,101.8016
ONEQ,2026-07-21T15:55:00+00:00,2026-07-21T16:00:00+00:00,101.8,101.8,101.775,101.775,2678,101.7833
ONEQ,2026-07-21T16:00:00+00:00,2026-07-21T16:05:00+00:00,101.78,101.7999,101.77,101.7999,1553,101.7899
ONEQ,2026-07-21T16:05:00+00:00,2026-07-21T16:10:00+00:00,101.83,101.83,101.805,101.805,533,101.8133
ONEQ,2026-07-21T16:10:00+00:00,2026-07-21T16:15:00+00:00,101.82,101.82,101.7701,101.8,6005,101.7967
ONEQ,2026-07-21T16:15:00+00:00,2026-07-21T16:20:00+00:00,101.81,101.83,101.76,101.76,6721,101.7833
ONEQ,2026-07-21T16:20:00+00:00,2026-07-21T16:25:00+00:00,101.79,101.85,101.79,101.82,3309,101.82
ONEQ,2026-07-21T16:25:00+00:00,2026-07-21T16:30:00+00:00,101.83,101.83,101.7693,101.77,22788,101.7898
ONEQ,2026-07-21T16:30:00+00:00,2026-07-21T16:35:00+00:00,101.79,101.8,101.7649,101.78,5027,101.7816
ONEQ,2026-07-21T16:35:00+00:00,2026-07-21T16:40:00+00:00,101.7401,101.84,101.7401,101.83,9879,101.8034
ONEQ,2026-07-21T16:45:00+00:00,2026-07-21T16:50:00+00:00,101.8,101.815,101.78,101.815,3510,101.8033
ONEQ,2026-07-21T16:50:00+00:00,2026-07-21T16:55:00+00:00,101.8239,101.87,101.8239,101.87,1673,101.8546
ONEQ,2026-07-21T17:00:00+00:00,2026-07-21T17:05:00+00:00,101.885,101.885,101.885,101.885,567,101.885
ONEQ,2026-07-21T17:05:00+00:00,2026-07-21T17:10:00+00:00,101.88,101.905,101.88,101.905,1439,101.8967
ONEQ,2026-07-21T17:10:00+00:00,2026-07-21T17:15:00+00:00,101.91,101.91,101.91,101.91,1965,101.91
ONEQ,2026-07-21T17:15:00+00:00,2026-07-21T17:20:00+00:00,101.87,101.87,101.87,101.87,1617,101.87
ONEQ,2026-07-21T17:20:00+00:00,2026-07-21T17:25:00+00:00,101.87,101.87,101.82,101.8451,2249,101.845
ONEQ,2026-07-21T17:25:00+00:00,2026-07-21T17:30:00+00:00,101.88,101.88,101.83,101.83,3773,101.8467
ONEQ,2026-07-21T17:30:00+00:00,2026-07-21T17:35:00+00:00,101.885,101.91,101.85,101.85,4016,101.87
ONEQ,2026-07-21T17:35:00+00:00,2026-07-21T17:40:00+00:00,101.82,101.93,101.82,101.92,2544,101.89
ONEQ,2026-07-21T17:40:00+00:00,2026-07-21T17:45:00+00:00,101.895,101.895,101.8607,101.8607,5824,101.8721
ONEQ,2026-07-21T17:45:00+00:00,2026-07-21T17:50:00+00:00,101.8717,101.94,101.8717,101.93,4742,101.9139
ONEQ,2026-07-21T17:50:00+00:00,2026-07-21T17:55:00+00:00,101.935,101.96,101.935,101.96,5790,101.9517
ONEQ,2026-07-21T17:55:00+00:00,2026-07-21T18:00:00+00:00,101.91,101.9299,101.8601,101.88,6863,101.89
ONEQ,2026-07-21T18:00:00+00:00,2026-07-21T18:05:00+00:00,101.89,101.92,101.87,101.9,10590,101.8967
ONEQ,2026-07-21T18:05:00+00:00,2026-07-21T18:10:00+00:00,101.87,101.95,101.87,101.9,7354,101.9067
ONEQ,2026-07-21T18:10:00+00:00,2026-07-21T18:15:00+00:00,101.8479,101.93,101.8479,101.85,5124,101.876
ONEQ,2026-07-21T18:15:00+00:00,2026-07-21T18:20:00+00:00,101.82,101.875,101.82,101.86,2463,101.8517
ONEQ,2026-07-21T18:20:00+00:00,2026-07-21T18:25:00+00:00,101.85,101.87,101.81,101.87,3162,101.85
ONEQ,2026-07-21T18:30:00+00:00,2026-07-21T18:35:00+00:00,101.82,101.825,101.79,101.79,1392,101.8017
ONEQ,2026-07-21T18:35:00+00:00,2026-07-21T18:40:00+00:00,101.835,101.835,101.835,101.835,141,101.835
ONEQ,2026-07-21T18:40:00+00:00,2026-07-21T18:45:00+00:00,101.85,101.85,101.8101,101.82,4693,101.8267
ONEQ,2026-07-21T18:45:00+00:00,2026-07-21T18:50:00+00:00,101.86,101.8803,101.82,101.82,4705,101.8401
ONEQ,2026-07-21T18:50:00+00:00,2026-07-21T18:55:00+00:00,101.82,101.87,101.81,101.8399,2659,101.84
ONEQ,2026-07-21T18:55:00+00:00,2026-07-21T19:00:00+00:00,101.82,101.84,101.75,101.7519,2853,101.7806
ONEQ,2026-07-21T19:00:00+00:00,2026-07-21T19:05:00+00:00,101.8,101.8,101.765,101.765,1942,101.7767
ONEQ,2026-07-21T19:05:00+00:00,2026-07-21T19:10:00+00:00,101.755,101.755,101.755,101.755,537,101.755
ONEQ,2026-07-21T19:10:00+00:00,2026-07-21T19:15:00+00:00,101.76,101.765,101.73,101.765,1831,101.7533
ONEQ,2026-07-21T19:15:00+00:00,2026-07-21T19:20:00+00:00,101.75,101.79,101.75,101.79,1480,101.7767
ONEQ,2026-07-21T19:25:00+00:00,2026-07-21T19:30:00+00:00,101.73,101.765,101.73,101.73,1799,101.7417
ONEQ,2026-07-21T19:30:00+00:00,2026-07-21T19:35:00+00:00,101.75,101.75,101.7381,101.7381,1496,101.7421
ONEQ,2026-07-21T19:35:00+00:00,2026-07-21T19:40:00+00:00,101.81,101.81,101.8,101.8,874,101.8033
ONEQ,2026-07-21T19:40:00+00:00,2026-07-21T19:45:00+00:00,101.83,101.83,101.79,101.805,4226,101.8083
ONEQ,2026-07-21T19:45:00+00:00,2026-07-21T19:50:00+00:00,101.83,101.83,101.83,101.83,8617,101.83
ONEQ,2026-07-21T19:50:00+00:00,2026-07-21T19:55:00+00:00,101.76,101.84,101.76,101.7701,4155,101.79
ONEQ,2026-07-21T19:55:00+00:00,2026-07-21T20:00:00+00:00,101.8152,101.89,101.75,101.8,12482,101.8133
ONEQ,2026-07-22T13:30:00+00:00,2026-07-22T13:35:00+00:00,101.39,101.39,101.12,101.26,4447,101.2567
ONEQ,2026-07-22T13:35:00+00:00,2026-07-22T13:40:00+00:00,101.26,101.265,101.26,101.265,1765,101.2633
ONEQ,2026-07-22T13:40:00+00:00,2026-07-22T13:45:00+00:00,101.36,101.36,101.3,101.3,373,101.32
ONEQ,2026-07-22T13:45:00+00:00,2026-07-22T13:50:00+00:00,101.32,101.48,101.28,101.3499,8562,101.37
ONEQ,2026-07-22T13:50:00+00:00,2026-07-22T13:55:00+00:00,101.3001,101.375,101.3001,101.375,3252,101.35
ONEQ,2026-07-22T13:55:00+00:00,2026-07-22T14:00:00+00:00,101.508,101.508,101.508,101.508,829,101.508
ONEQ,2026-07-22T14:00:00+00:00,2026-07-22T14:05:00+00:00,101.64,101.64,101.44,101.4501,2826,101.51
ONEQ,2026-07-22T14:05:00+00:00,2026-07-22T14:10:00+00:00,101.61,101.61,101.4201,101.4201,830,101.4834
ONEQ,2026-07-22T14:10:00+00:00,2026-07-22T14:15:00+00:00,101.43,101.43,101.4001,101.4001,1281,101.4101
ONEQ,2026-07-22T14:15:00+00:00,2026-07-22T14:20:00+00:00,101.4,101.4,101.2101,101.2401,6749,101.2834
ONEQ,2026-07-22T14:20:00+00:00,2026-07-22T14:25:00+00:00,101.4499,101.4499,101.4499,101.4499,471,101.4499
ONEQ,2026-07-22T14:25:00+00:00,2026-07-22T14:30:00+00:00,101.2401,101.2401,101.2401,101.2401,478,101.2401
ONEQ,2026-07-22T14:30:00+00:00,2026-07-22T14:35:00+00:00,101.295,101.335,101.28,101.335,2154,101.3167
ONEQ,2026-07-22T14:35:00+00:00,2026-07-22T14:40:00+00:00,101.334,101.335,101.24,101.2761,1717,101.2837
ONEQ,2026-07-22T14:40:00+00:00,2026-07-22T14:45:00+00:00,101.28,101.28,101.21,101.24,1975,101.2433
ONEQ,2026-07-22T14:50:00+00:00,2026-07-22T14:55:00+00:00,101.3,101.32,101.26,101.27,3424,101.2833
ONEQ,2026-07-22T14:55:00+00:00,2026-07-22T15:00:00+00:00,101.26,101.39,101.26,101.38,2084,101.3433
ONEQ,2026-07-22T15:00:00+00:00,2026-07-22T15:05:00+00:00,101.39,101.53,101.37,101.53,1890,101.4767
ONEQ,2026-07-22T15:10:00+00:00,2026-07-22T15:15:00+00:00,101.61,101.61,101.61,101.61,576,101.61
ONEQ,2026-07-22T15:15:00+00:00,2026-07-22T15:20:00+00:00,101.66,101.66,101.66,101.66,688,101.66
ONEQ,2026-07-22T15:20:00+00:00,2026-07-22T15:25:00+00:00,101.715,101.715,101.66,101.7,1882,101.6917
ONEQ,2026-07-22T15:25:00+00:00,2026-07-22T15:30:00+00:00,101.77,101.775,101.7401,101.7401,983,101.7517
ONEQ,2026-07-22T15:30:00+00:00,2026-07-22T15:35:00+00:00,101.73,101.73,101.61,101.61,1711,101.65
ONEQ,2026-07-22T15:35:00+00:00,2026-07-22T15:40:00+00:00,101.64,101.655,101.58,101.58,2089,101.605
ONEQ,2026-07-22T15:40:00+00:00,2026-07-22T15:45:00+00:00,101.58,101.66,101.58,101.66,2010,101.6333
ONEQ,2026-07-22T15:45:00+00:00,2026-07-22T15:50:00+00:00,101.6,101.68,101.6,101.67,729,101.65
ONEQ,2026-07-22T15:50:00+00:00,2026-07-22T15:55:00+00:00,101.68,101.73,101.68,101.73,921,101.7133
ONEQ,2026-07-22T15:55:00+00:00,2026-07-22T16:00:00+00:00,101.72,101.72,101.72,101.72,283,101.72
ONEQ,2026-07-22T16:00:00+00:00,2026-07-22T16:05:00+00:00,101.6973,101.6973,101.6973,101.6973,1650,101.6973
ONEQ,2026-07-22T16:05:00+00:00,2026-07-22T16:10:00+00:00,101.73,101.77,101.73,101.77,14470,101.7567
ONEQ,2026-07-22T16:15:00+00:00,2026-07-22T16:20:00+00:00,101.76,101.79,101.76,101.79,536,101.78
ONEQ,2026-07-22T16:20:00+00:00,2026-07-22T16:25:00+00:00,101.7499,101.7499,101.7275,101.7275,870,101.735
ONEQ,2026-07-22T16:25:00+00:00,2026-07-22T16:30:00+00:00,101.74,101.74,101.74,101.74,261,101.74
ONEQ,2026-07-22T16:30:00+00:00,2026-07-22T16:35:00+00:00,101.715,101.74,101.715,101.7399,3712,101.7316
ONEQ,2026-07-22T16:35:00+00:00,2026-07-22T16:40:00+00:00,101.7,101.7,101.7,101.7,293,101.7
ONEQ,2026-07-22T16:40:00+00:00,2026-07-22T16:45:00+00:00,101.66,101.66,101.65,101.65,372,101.6533
ONEQ,2026-07-22T16:45:00+00:00,2026-07-22T16:50:00+00:00,101.68,101.68,101.68,101.68,848,101.68
ONEQ,2026-07-22T16:50:00+00:00,2026-07-22T16:55:00+00:00,101.66,101.66,101.6144,101.6144,2208,101.6296
ONEQ,2026-07-22T16:55:00+00:00,2026-07-22T17:00:00+00:00,101.71,101.71,101.71,101.71,1396,101.71
ONEQ,2026-07-22T17:00:00+00:00,2026-07-22T17:05:00+00:00,101.72,101.72,101.72,101.72,227,101.72
ONEQ,2026-07-22T17:05:00+00:00,2026-07-22T17:10:00+00:00,101.66,101.67,101.66,101.67,1139,101.6667
ONEQ,2026-07-22T17:10:00+00:00,2026-07-22T17:15:00+00:00,101.6755,101.6755,101.6755,101.6755,249,101.6755
ONEQ,2026-07-22T17:15:00+00:00,2026-07-22T17:20:00+00:00,101.6138,101.6138,101.6138,101.6138,2529,101.6138
ONEQ,2026-07-22T17:20:00+00:00,2026-07-22T17:25:00+00:00,101.6,101.6,101.6,101.6,642,101.6
ONEQ,2026-07-22T17:30:00+00:00,2026-07-22T17:35:00+00:00,101.555,101.555,101.555,101.555,162,101.555
ONEQ,2026-07-22T17:35:00+00:00,2026-07-22T17:40:00+00:00,101.55,101.6671,101.55,101.6671,953,101.6281
ONEQ,2026-07-22T17:40:00+00:00,2026-07-22T17:45:00+00:00,101.5301,101.5988,101.5301,101.5988,409,101.5759
ONEQ,2026-07-22T17:45:00+00:00,2026-07-22T17:50:00+00:00,101.58,101.6,101.58,101.6,2449,101.5933
ONEQ,2026-07-22T17:50:00+00:00,2026-07-22T17:55:00+00:00,101.53,101.545,101.52,101.52,1997,101.5283
ONEQ,2026-07-22T17:55:00+00:00,2026-07-22T18:00:00+00:00,101.5299,101.5299,101.445,101.445,887,101.4733
ONEQ,2026-07-22T18:00:00+00:00,2026-07-22T18:05:00+00:00,101.4358,101.4358,101.42,101.42,1612,101.4253
ONEQ,2026-07-22T18:05:00+00:00,2026-07-22T18:10:00+00:00,101.4,101.47,101.4,101.4282,3050,101.4327
ONEQ,2026-07-22T18:10:00+00:00,2026-07-22T18:15:00+00:00,101.365,101.365,101.365,101.365,309,101.365
ONEQ,2026-07-22T18:15:00+00:00,2026-07-22T18:20:00+00:00,101.355,101.375,101.355,101.375,601,101.3683
ONEQ,2026-07-22T18:20:00+00:00,2026-07-22T18:25:00+00:00,101.36,101.41,101.34,101.34,1365,101.3633
ONEQ,2026-07-22T18:25:00+00:00,2026-07-22T18:30:00+00:00,101.44,101.44,101.44,101.44,195,101.44
ONEQ,2026-07-22T18:30:00+00:00,2026-07-22T18:35:00+00:00,101.3599,101.3599,101.3599,101.3599,264,101.3599
ONEQ,2026-07-22T18:35:00+00:00,2026-07-22T18:40:00+00:00,101.36,101.4129,101.36,101.3954,1463,101.3894
ONEQ,2026-07-22T18:40:00+00:00,2026-07-22T18:45:00+00:00,101.42,101.42,101.38,101.39,2390,101.3967
ONEQ,2026-07-22T18:55:00+00:00,2026-07-22T19:00:00+00:00,101.52,101.52,101.52,101.52,812,101.52
ONEQ,2026-07-22T19:00:00+00:00,2026-07-22T19:05:00+00:00,101.4208,101.4341,101.4208,101.4341,2295,101.4297
ONEQ,2026-07-22T19:05:00+00:00,2026-07-22T19:10:00+00:00,101.464,101.464,101.41,101.41,3144,101.428
ONEQ,2026-07-22T19:10:00+00:00,2026-07-22T19:15:00+00:00,101.425,101.425,101.35,101.355,6010,101.3767
ONEQ,2026-07-22T19:15:00+00:00,2026-07-22T19:20:00+00:00,101.355,101.39,101.3513,101.3666,2430,101.3693
ONEQ,2026-07-22T19:20:00+00:00,2026-07-22T19:25:00+00:00,101.385,101.385,101.35,101.3618,4392,101.3656
ONEQ,2026-07-22T19:25:00+00:00,2026-07-22T19:30:00+00:00,101.39,101.39,101.39,101.39,1404,101.39
ONEQ,2026-07-22T19:35:00+00:00,2026-07-22T19:40:00+00:00,101.32,101.32,101.2401,101.2401,1647,101.2667
ONEQ,2026-07-22T19:40:00+00:00,2026-07-22T19:45:00+00:00,101.31,101.31,101.3,101.3,636,101.3033
ONEQ,2026-07-22T19:45:00+00:00,2026-07-22T19:50:00+00:00,101.32,101.36,101.29,101.36,1711,101.3367
ONEQ,2026-07-22T19:50:00+00:00,2026-07-22T19:55:00+00:00,101.31,101.41,101.3,101.3397,6998,101.3499
ONEQ,2026-07-22T19:55:00+00:00,2026-07-22T20:00:00+00:00,101.2842,101.2852,101.16,101.225,5570,101.2234
ONEQ,2026-07-23T13:30:00+00:00,2026-07-23T13:35:00+00:00,99.5,99.65,99.34,99.5166,29576,99.5022
ONEQ,2026-07-23T13:35:00+00:00,2026-07-23T13:40:00+00:00,99.585,99.6799,99.51,99.66,10953,99.6166
ONEQ,2026-07-23T13:40:00+00:00,2026-07-23T13:45:00+00:00,99.73,99.86,99.69,99.775,2336,99.775
ONEQ,2026-07-23T13:45:00+00:00,2026-07-23T13:50:00+00:00,99.665,99.71,99.48,99.48,12669,99.5567
ONEQ,2026-07-23T13:50:00+00:00,2026-07-23T13:55:00+00:00,99.5,99.57,99.38,99.57,5791,99.5067
ONEQ,2026-07-23T13:55:00+00:00,2026-07-23T14:00:00+00:00,99.58,99.58,99.34,99.34,1266,99.42
ONEQ,2026-07-23T14:00:00+00:00,2026-07-23T14:05:00+00:00,99.3451,99.4646,99.3,99.35,4378,99.3715
ONEQ,2026-07-23T14:05:00+00:00,2026-07-23T14:10:00+00:00,99.34,99.465,99.2,99.2,5477,99.2883
ONEQ,2026-07-23T14:10:00+00:00,2026-07-23T14:15:00+00:00,99.255,99.31,99.18,99.21,3838,99.2333
ONEQ,2026-07-23T14:15:00+00:00,2026-07-23T14:20:00+00:00,99.25,99.29,99.16,99.25,4399,99.2333
ONEQ,2026-07-23T14:20:00+00:00,2026-07-23T14:25:00+00:00,99.21,99.37,99.16,99.17,7483,99.2333
ONEQ,2026-07-23T14:25:00+00:00,2026-07-23T14:30:00+00:00,99.1939,99.2591,99.0601,99.11,9007,99.1431
ONEQ,2026-07-23T14:30:00+00:00,2026-07-23T14:35:00+00:00,99.1,99.11,99.0,99.055,7660,99.055
ONEQ,2026-07-23T14:35:00+00:00,2026-07-23T14:40:00+00:00,98.995,99.33,98.98,99.315,4616,99.2083
ONEQ,2026-07-23T14:40:00+00:00,2026-07-23T14:45:00+00:00,99.3,99.3,98.9269,98.95,3682,99.059
ONEQ,2026-07-23T14:45:00+00:00,2026-07-23T14:50:00+00:00,99.0399,99.0399,98.9,98.91,22586,98.95
ONEQ,2026-07-23T14:50:00+00:00,2026-07-23T14:55:00+00:00,98.9151,98.9151,98.74,98.74,16063,98.7984
ONEQ,2026-07-23T14:55:00+00:00,2026-07-23T15:00:00+00:00,98.77,98.8999,98.75,98.82,14212,98.8233
ONEQ,2026-07-23T15:00:00+00:00,2026-07-23T15:05:00+00:00,98.865,98.865,98.62,98.645,12398,98.71
ONEQ,2026-07-23T15:05:00+00:00,2026-07-23T15:10:00+00:00,98.68,98.68,98.5705,98.6,6464,98.6168
ONEQ,2026-07-23T15:10:00+00:00,2026-07-23T15:15:00+00:00,98.585,98.61,98.43,98.43,94073,98.49
ONEQ,2026-07-23T15:15:00+00:00,2026-07-23T15:20:00+00:00,98.47,98.59,98.47,98.52,16952,98.5267
ONEQ,2026-07-23T15:20:00+00:00,2026-07-23T15:25:00+00:00,98.6417,98.67,98.39,98.4113,22404,98.4904
ONEQ,2026-07-23T15:25:00+00:00,2026-07-23T15:30:00+00:00,98.45,98.45,98.31,98.365,27387,98.375
ONEQ,2026-07-23T15:30:00+00:00,2026-07-23T15:35:00+00:00,98.36,98.4925,98.24,98.4925,29043,98.4083
ONEQ,2026-07-23T15:35:00+00:00,2026-07-23T15:40:00+00:00,98.45,98.61,98.45,98.58,10737,98.5467
ONEQ,2026-07-23T15:40:00+00:00,2026-07-23T15:45:00+00:00,98.64,98.64,98.5,98.505,5998,98.5483
ONEQ,2026-07-23T15:45:00+00:00,2026-07-23T15:50:00+00:00,98.48,98.58,98.48,98.58,6932,98.5467
ONEQ,2026-07-23T15:50:00+00:00,2026-07-23T15:55:00+00:00,98.56,98.74,98.53,98.68,8270,98.65
ONEQ,2026-07-23T15:55:00+00:00,2026-07-23T16:00:00+00:00,98.71,98.81,98.69,98.795,8230,98.765
ONEQ,2026-07-23T16:00:00+00:00,2026-07-23T16:05:00+00:00,98.825,98.9299,98.795,98.865,4905,98.8633
ONEQ,2026-07-23T16:05:00+00:00,2026-07-23T16:10:00+00:00,98.87,98.945,98.8,98.945,2759,98.8967
ONEQ,2026-07-23T16:10:00+00:00,2026-07-23T16:15:00+00:00,98.95,99.0,98.95,98.9598,4619,98.9699
ONEQ,2026-07-23T16:15:00+00:00,2026-07-23T16:20:00+00:00,99.02,99.025,98.96,98.96,2371,98.9817
ONEQ,2026-07-23T16:20:00+00:00,2026-07-23T16:25:00+00:00,99.065,99.16,99.065,99.16,6326,99.1283
ONEQ,2026-07-23T16:25:00+00:00,2026-07-23T16:30:00+00:00,99.17,99.175,99.16,99.175,2745,99.17
ONEQ,2026-07-23T16:30:00+00:00,2026-07-23T16:35:00+00:00,99.175,99.175,99.14,99.14,3187,99.1517
ONEQ,2026-07-23T16:35:00+00:00,2026-07-23T16:40:00+00:00,99.125,99.16,99.125,99.155,1468,99.1467
ONEQ,2026-07-23T16:40:00+00:00,2026-07-23T16:45:00+00:00,99.2,99.2,99.15,99.15,787,99.1667
ONEQ,2026-07-23T16:45:00+00:00,2026-07-23T16:50:00+00:00,99.09,99.09,99.08,99.08,1389,99.0833
ONEQ,2026-07-23T16:50:00+00:00,2026-07-23T16:55:00+00:00,98.95,98.97,98.9301,98.945,1724,98.9484
ONEQ,2026-07-23T16:55:00+00:00,2026-07-23T17:00:00+00:00,98.94,98.96,98.94,98.96,2624,98.9533
ONEQ,2026-07-23T17:00:00+00:00,2026-07-23T17:05:00+00:00,99.05,99.05,98.98,98.98,491,99.0033
ONEQ,2026-07-23T17:05:00+00:00,2026-07-23T17:10:00+00:00,98.9501,98.99,98.92,98.99,2225,98.9667
ONEQ,2026-07-23T17:10:00+00:00,2026-07-23T17:15:00+00:00,99.02,99.12,99.02,99.11,3863,99.0833
ONEQ,2026-07-23T17:15:00+00:00,2026-07-23T17:20:00+00:00,99.08,99.08,98.995,99.06,4989,99.045
ONEQ,2026-07-23T17:25:00+00:00,2026-07-23T17:30:00+00:00,99.135,99.1899,99.11,99.11,3140,99.1366
ONEQ,2026-07-23T17:30:00+00:00,2026-07-23T17:35:00+00:00,99.055,99.055,98.99,99.02,3287,99.0217
ONEQ,2026-07-23T17:35:00+00:00,2026-07-23T17:40:00+00:00,99.0299,99.0299,98.8907,98.8955,7364,98.9387
ONEQ,2026-07-23T17:40:00+00:00,2026-07-23T17:45:00+00:00,98.86,98.95,98.86,98.8901,12920,98.9
ONEQ,2026-07-23T17:45:00+00:00,2026-07-23T17:50:00+00:00,98.92,99.0,98.8701,98.99,8544,98.9534
ONEQ,2026-07-23T17:50:00+00:00,2026-07-23T17:55:00+00:00,98.9894,99.04,98.94,98.94,3725,98.9733
ONEQ,2026-07-23T17:55:00+00:00,2026-07-23T18:00:00+00:00,98.94,98.94,98.84,98.85,10382,98.8767
ONEQ,2026-07-23T18:00:00+00:00,2026-07-23T18:05:00+00:00,98.805,98.875,98.805,98.835,2154,98.8383
ONEQ,2026-07-23T18:05:00+00:00,2026-07-23T18:10:00+00:00,98.8299,98.835,98.77,98.795,6465,98.8
ONEQ,2026-07-23T18:10:00+00:00,2026-07-23T18:15:00+00:00,98.785,98.83,98.785,98.83,2456,98.815
ONEQ,2026-07-23T18:15:00+00:00,2026-07-23T18:20:00+00:00,98.81,98.81,98.76,98.76,839,98.7767
ONEQ,2026-07-23T18:20:00+00:00,2026-07-23T18:25:00+00:00,98.8,98.84,98.79,98.84,1786,98.8233
ONEQ,2026-07-23T18:25:00+00:00,2026-07-23T18:30:00+00:00,98.86,98.86,98.8,98.835,3671,98.8317
ONEQ,2026-07-23T18:30:00+00:00,2026-07-23T18:35:00+00:00,98.85,98.925,98.85,98.925,1210,98.9
ONEQ,2026-07-23T18:35:00+00:00,2026-07-23T18:40:00+00:00,98.805,98.805,98.805,98.805,1939,98.805
ONEQ,2026-07-23T18:40:00+00:00,2026-07-23T18:45:00+00:00,98.8199,98.8199,98.73,98.7606,2531,98.7702
ONEQ,2026-07-23T18:45:00+00:00,2026-07-23T18:50:00+00:00,98.77,98.85,98.77,98.84,3778,98.82
ONEQ,2026-07-23T18:50:00+00:00,2026-07-23T18:55:00+00:00,98.8,98.805,98.79,98.79,2703,98.795
ONEQ,2026-07-23T18:55:00+00:00,2026-07-23T19:00:00+00:00,98.74,98.7458,98.6701,98.7458,4339,98.7206
ONEQ,2026-07-23T19:00:00+00:00,2026-07-23T19:05:00+00:00,98.79,98.79,98.69,98.69,2993,98.7233
ONEQ,2026-07-23T19:05:00+00:00,2026-07-23T19:10:00+00:00,98.63,98.695,98.63,98.6899,2547,98.6716
ONEQ,2026-07-23T19:10:00+00:00,2026-07-23T19:15:00+00:00,98.65,98.7,98.64,98.67,5072,98.67
ONEQ,2026-07-23T19:15:00+00:00,2026-07-23T19:20:00+00:00,98.69,98.72,98.68,98.68,5854,98.6933
ONEQ,2026-07-23T19:20:00+00:00,2026-07-23T19:25:00+00:00,98.69,98.8,98.69,98.8,13889,98.7633
ONEQ,2026-07-23T19:25:00+00:00,2026-07-23T19:30:00+00:00,98.835,98.84,98.7899,98.79,1652,98.8066
ONEQ,2026-07-23T19:30:00+00:00,2026-07-23T19:35:00+00:00,98.81,98.845,98.7,98.7,10830,98.7483
ONEQ,2026-07-23T19:35:00+00:00,2026-07-23T19:40:00+00:00,98.7499,98.77,98.6924,98.72,6356,98.7275
ONEQ,2026-07-23T19:40:00+00:00,2026-07-23T19:45:00+00:00,98.69,98.69,98.61,98.63,6432,98.6433
ONEQ,2026-07-23T19:45:00+00:00,2026-07-23T19:50:00+00:00,98.625,98.64,98.55,98.575,11067,98.5883
ONEQ,2026-07-23T19:50:00+00:00,2026-07-23T19:55:00+00:00,98.65,98.715,98.62,98.67,12110,98.6683
ONEQ,2026-07-23T19:55:00+00:00,2026-07-23T20:00:00+00:00,98.875,99.0695,98.8651,98.94,9405,98.9582
ONEQ,2026-07-24T13:30:00+00:00,2026-07-24T13:35:00+00:00,98.95,99.0,98.84,98.95,7460,98.93
ONEQ,2026-07-24T13:35:00+00:00,2026-07-24T13:40:00+00:00,98.85,99.0094,98.85,99.0094,1597,98.9563
ONEQ,2026-07-24T13:40:00+00:00,2026-07-24T13:45:00+00:00,98.81,98.89,98.71,98.89,3318,98.83
ONEQ,2026-07-24T13:45:00+00:00,2026-07-24T13:50:00+00:00,98.79,98.8,98.6,98.77,643,98.7233
ONEQ,2026-07-24T13:50:00+00:00,2026-07-24T13:55:00+00:00,98.6951,98.6951,98.34,98.34,2930,98.4584
ONEQ,2026-07-24T13:55:00+00:00,2026-07-24T14:00:00+00:00,98.3145,98.455,98.3,98.455,4658,98.4033
ONEQ,2026-07-24T14:00:00+00:00,2026-07-24T14:05:00+00:00,98.455,98.5699,98.455,98.5699,2383,98.5316
ONEQ,2026-07-24T14:05:00+00:00,2026-07-24T14:10:00+00:00,98.5499,98.66,98.485,98.625,2216,98.59
ONEQ,2026-07-24T14:10:00+00:00,2026-07-24T14:15:00+00:00,98.62,98.74,98.56,98.65,4362,98.65
ONEQ,2026-07-24T14:15:00+00:00,2026-07-24T14:20:00+00:00,98.56,98.56,98.425,98.425,2438,98.47
ONEQ,2026-07-24T14:20:00+00:00,2026-07-24T14:25:00+00:00,98.3455,98.6897,98.3455,98.607,22817,98.5474
ONEQ,2026-07-24T14:25:00+00:00,2026-07-24T14:30:00+00:00,98.5324,98.67,98.515,98.515,5482,98.5667
ONEQ,2026-07-24T14:30:00+00:00,2026-07-24T14:35:00+00:00,98.4824,98.4824,98.37,98.37,2345,98.4075
ONEQ,2026-07-24T14:35:00+00:00,2026-07-24T14:40:00+00:00,98.39,98.45,98.245,98.245,6488,98.3133
ONEQ,2026-07-24T14:40:00+00:00,2026-07-24T14:45:00+00:00,98.21,98.27,98.21,98.23,1584,98.2367
ONEQ,2026-07-24T14:45:00+00:00,2026-07-24T14:50:00+00:00,98.21,98.26,98.175,98.2307,4620,98.2219
ONEQ,2026-07-24T14:50:00+00:00,2026-07-24T14:55:00+00:00,98.5199,98.5199,98.4,98.415,2540,98.445
ONEQ,2026-07-24T14:55:00+00:00,2026-07-24T15:00:00+00:00,98.64,98.7,98.64,98.7,1829,98.68
ONEQ,2026-07-24T15:00:00+00:00,2026-07-24T15:05:00+00:00,98.79,98.79,98.6701,98.69,5307,98.7167
ONEQ,2026-07-24T15:05:00+00:00,2026-07-24T15:10:00+00:00,98.63,98.68,98.5333,98.5333,1353,98.5822
ONEQ,2026-07-24T15:10:00+00:00,2026-07-24T15:15:00+00:00,98.78,98.83,98.73,98.74,1695,98.7667
ONEQ,2026-07-24T15:15:00+00:00,2026-07-24T15:20:00+00:00,98.96,99.0202,98.895,98.895,1574,98.9367
ONEQ,2026-07-24T15:20:00+00:00,2026-07-24T15:25:00+00:00,98.955,98.99,98.87,98.99,2010,98.95
ONEQ,2026-07-24T15:25:00+00:00,2026-07-24T15:30:00+00:00,99.01,99.05,99.01,99.01,7355,99.0233
ONEQ,2026-07-24T15:30:00+00:00,2026-07-24T15:35:00+00:00,99.14,99.16,98.985,98.995,3055,99.0467
ONEQ,2026-07-24T15:35:00+00:00,2026-07-24T15:40:00+00:00,99.0905,99.0905,99.0905,99.0905,554,99.0905
ONEQ,2026-07-24T15:40:00+00:00,2026-07-24T15:45:00+00:00,99.1603,99.17,99.0401,99.0401,4799,99.0834
ONEQ,2026-07-24T15:45:00+00:00,2026-07-24T15:50:00+00:00,98.99,99.005,98.97,98.97,1395,98.9817
ONEQ,2026-07-24T15:50:00+00:00,2026-07-24T15:55:00+00:00,99.055,99.055,99.055,99.055,304,99.055
ONEQ,2026-07-24T15:55:00+00:00,2026-07-24T16:00:00+00:00,99.1176,99.1299,99.09,99.1001,3688,99.1067
ONEQ,2026-07-24T16:00:00+00:00,2026-07-24T16:05:00+00:00,99.13,99.16,99.1,99.1,952,99.12
ONEQ,2026-07-24T16:05:00+00:00,2026-07-24T16:10:00+00:00,99.26,99.3,99.26,99.3,2357,99.2867
ONEQ,2026-07-24T16:10:00+00:00,2026-07-24T16:15:00+00:00,99.27,99.27,99.2605,99.2605,534,99.2637
ONEQ,2026-07-24T16:15:00+00:00,2026-07-24T16:20:00+00:00,99.165,99.165,99.165,99.165,513,99.165
ONEQ,2026-07-24T16:20:00+00:00,2026-07-24T16:25:00+00:00,99.21,99.22,99.21,99.22,969,99.2167
ONEQ,2026-07-24T16:25:00+00:00,2026-07-24T16:30:00+00:00,99.2498,99.2598,99.21,99.22,4345,99.2299
ONEQ,2026-07-24T16:30:00+00:00,2026-07-24T16:35:00+00:00,99.09,99.13,99.07,99.07,3618,99.09
ONEQ,2026-07-24T16:35:00+00:00,2026-07-24T16:40:00+00:00,99.09,99.12,99.07,99.07,2248,99.0867
ONEQ,2026-07-24T16:40:00+00:00,2026-07-24T16:45:00+00:00,99.02,99.0299,98.96,98.96,7201,98.9833
ONEQ,2026-07-24T16:45:00+00:00,2026-07-24T16:50:00+00:00,98.97,98.97,98.87,98.87,1945,98.9033
ONEQ,2026-07-24T16:50:00+00:00,2026-07-24T16:55:00+00:00,98.9,98.9,98.9,98.9,442,98.9
ONEQ,2026-07-24T16:55:00+00:00,2026-07-24T17:00:00+00:00,98.9376,98.9376,98.9376,98.9376,293,98.9376
ONEQ,2026-07-24T17:00:00+00:00,2026-07-24T17:05:00+00:00,98.93,98.93,98.885,98.905,1861,98.9067
ONEQ,2026-07-24T17:05:00+00:00,2026-07-24T17:10:00+00:00,98.89,98.89,98.79,98.81,1422,98.83
ONEQ,2026-07-24T17:15:00+00:00,2026-07-24T17:20:00+00:00,98.82,98.915,98.82,98.915,795,98.8833
ONEQ,2026-07-24T17:20:00+00:00,2026-07-24T17:25:00+00:00,98.935,98.935,98.865,98.865,784,98.8883
ONEQ,2026-07-24T17:25:00+00:00,2026-07-24T17:30:00+00:00,98.8701,98.995,98.8701,98.97,1203,98.945
ONEQ,2026-07-24T17:30:00+00:00,2026-07-24T17:35:00+00:00,98.99,98.99,98.99,98.99,179,98.99
ONEQ,2026-07-24T17:35:00+00:00,2026-07-24T17:40:00+00:00,99.07,99.07,98.91,98.91,934,98.9633
ONEQ,2026-07-24T17:40:00+00:00,2026-07-24T17:45:00+00:00,98.89,98.89,98.89,98.89,272,98.89
ONEQ,2026-07-24T17:45:00+00:00,2026-07-24T17:50:00+00:00,98.9,98.94,98.885,98.94,2338,98.9217
ONEQ,2026-07-24T17:50:00+00:00,2026-07-24T17:55:00+00:00,98.95,98.95,98.9197,98.9197,1881,98.9298
ONEQ,2026-07-24T17:55:00+00:00,2026-07-24T18:00:00+00:00,98.91,98.91,98.89,98.89,346,98.8967
ONEQ,2026-07-24T18:00:00+00:00,2026-07-24T18:05:00+00:00,98.9098,98.9098,98.9098,98.9098,467,98.9098
ONEQ,2026-07-24T18:05:00+00:00,2026-07-24T18:10:00+00:00,98.825,98.892,98.825,98.892,3727,98.8697
ONEQ,2026-07-24T18:10:00+00:00,2026-07-24T18:15:00+00:00,98.83,98.83,98.76,98.82,2493,98.8033
ONEQ,2026-07-24T18:15:00+00:00,2026-07-24T18:20:00+00:00,98.72,98.72,98.72,98.72,239,98.72
ONEQ,2026-07-24T18:20:00+00:00,2026-07-24T18:25:00+00:00,98.66,98.66,98.6,98.6,5610,98.62
ONEQ,2026-07-24T18:25:00+00:00,2026-07-24T18:30:00+00:00,98.56,98.58,98.4975,98.4975,4139,98.525
ONEQ,2026-07-24T18:30:00+00:00,2026-07-24T18:35:00+00:00,98.4751,98.4751,98.37,98.37,1107,98.405
ONEQ,2026-07-24T18:35:00+00:00,2026-07-24T18:40:00+00:00,98.3501,98.43,98.3332,98.39,4407,98.3844
ONEQ,2026-07-24T18:40:00+00:00,2026-07-24T18:45:00+00:00,98.344,98.39,98.3,98.33,2409,98.34
ONEQ,2026-07-24T18:45:00+00:00,2026-07-24T18:50:00+00:00,98.365,98.4101,98.365,98.4101,659,98.3951
ONEQ,2026-07-24T18:50:00+00:00,2026-07-24T18:55:00+00:00,98.38,98.41,98.3674,98.3674,1870,98.3816
ONEQ,2026-07-24T18:55:00+00:00,2026-07-24T19:00:00+00:00,98.5,98.5,98.48,98.48,1244,98.4867
ONEQ,2026-07-24T19:00:00+00:00,2026-07-24T19:05:00+00:00,98.38,98.38,98.355,98.355,745,98.3633
ONEQ,2026-07-24T19:05:00+00:00,2026-07-24T19:10:00+00:00,98.27,98.27,98.27,98.27,2855,98.27
ONEQ,2026-07-24T19:10:00+00:00,2026-07-24T19:15:00+00:00,98.22,98.25,98.205,98.205,3204,98.22
ONEQ,2026-07-24T19:15:00+00:00,2026-07-24T19:20:00+00:00,98.16,98.2,98.16,98.2,2915,98.1867
ONEQ,2026-07-24T19:20:00+00:00,2026-07-24T19:25:00+00:00,98.19,98.26,98.175,98.175,1415,98.2033
ONEQ,2026-07-24T19:25:00+00:00,2026-07-24T19:30:00+00:00,98.18,98.18,98.18,98.18,368,98.18
ONEQ,2026-07-24T19:30:00+00:00,2026-07-24T19:35:00+00:00,98.26,98.2684,98.24,98.2684,3033,98.2589
ONEQ,2026-07-24T19:35:00+00:00,2026-07-24T19:40:00+00:00,98.34,98.37,98.3017,98.34,3237,98.3372
ONEQ,2026-07-24T19:40:00+00:00,2026-07-24T19:45:00+00:00,98.32,98.32,98.2101,98.255,4257,98.2617
ONEQ,2026-07-24T19:45:00+00:00,2026-07-24T19:50:00+00:00,98.315,98.315,98.2201,98.28,2671,98.2717
ONEQ,2026-07-24T19:50:00+00:00,2026-07-24T19:55:00+00:00,98.245,98.29,98.18,98.29,12522,98.2533
ONEQ,2026-07-24T19:55:00+00:00,2026-07-24T20:00:00+00:00,98.32,98.42,98.29,98.363,5169,98.3577
ONEQ,2026-07-27T13:30:00+00:00,2026-07-27T13:35:00+00:00,99.26,99.48,99.12,99.21,15706,99.27
ONEQ,2026-07-27T13:35:00+00:00,2026-07-27T13:40:00+00:00,99.2392,99.47,99.2392,99.3254,5609,99.3449
ONEQ,2026-07-27T13:40:00+00:00,2026-07-27T13:45:00+00:00,99.27,99.275,99.03,99.03,1940,99.1117
ONEQ,2026-07-27T13:45:00+00:00,2026-07-27T13:50:00+00:00,99.0395,99.0395,98.96,98.96,1590,98.9865
ONEQ,2026-07-27T13:50:00+00:00,2026-07-27T13:55:00+00:00,99.11,99.21,99.065,99.065,1845,99.1133
ONEQ,2026-07-27T13:55:00+00:00,2026-07-27T14:00:00+00:00,98.985,98.985,98.95,98.95,535,98.9617
ONEQ,2026-07-27T14:00:00+00:00,2026-07-27T14:05:00+00:00,98.68,98.8,98.68,98.705,4889,98.7283
ONEQ,2026-07-27T14:05:00+00:00,2026-07-27T14:10:00+00:00,98.76,98.815,98.6015,98.815,2968,98.7438
ONEQ,2026-07-27T14:10:00+00:00,2026-07-27T14:15:00+00:00,98.505,98.68,98.505,98.6499,3721,98.6116
ONEQ,2026-07-27T14:15:00+00:00,2026-07-27T14:20:00+00:00,98.57,98.62,98.57,98.62,1534,98.6033
ONEQ,2026-07-27T14:20:00+00:00,2026-07-27T14:25:00+00:00,98.51,98.51,98.34,98.34,1623,98.3967
ONEQ,2026-07-27T14:25:00+00:00,2026-07-27T14:30:00+00:00,98.25,98.25,98.22,98.24,1690,98.2367
ONEQ,2026-07-27T14:30:00+00:00,2026-07-27T14:35:00+00:00,98.0,98.0,97.9301,97.965,8200,97.965
ONEQ,2026-07-27T14:35:00+00:00,2026-07-27T14:40:00+00:00,97.8699,97.96,97.78,97.88,13190,97.8733
ONEQ,2026-07-27T14:40:00+00:00,2026-07-27T14:45:00+00:00,97.76,97.78,97.58,97.58,7522,97.6467
ONEQ,2026-07-27T14:45:00+00:00,2026-07-27T14:50:00+00:00,97.67,97.9,97.67,97.9,10041,97.8233
ONEQ,2026-07-27T14:50:00+00:00,2026-07-27T14:55:00+00:00,97.9551,98.115,97.9551,98.11,3939,98.06
ONEQ,2026-07-27T14:55:00+00:00,2026-07-27T15:00:00+00:00,98.05,98.29,98.05,98.29,1491,98.21
ONEQ,2026-07-27T15:00:00+00:00,2026-07-27T15:05:00+00:00,98.335,98.35,98.2801,98.35,1592,98.3267
ONEQ,2026-07-27T15:05:00+00:00,2026-07-27T15:10:00+00:00,98.2801,98.45,98.22,98.27,7371,98.3133
ONEQ,2026-07-27T15:10:00+00:00,2026-07-27T15:15:00+00:00,98.2872,98.31,98.25,98.31,1349,98.29
ONEQ,2026-07-27T15:15:00+00:00,2026-07-27T15:20:00+00:00,98.22,98.22,98.0,98.03,1799,98.0833
ONEQ,2026-07-27T15:20:00+00:00,2026-07-27T15:25:00+00:00,98.06,98.28,98.06,98.06,2075,98.1333
ONEQ,2026-07-27T15:25:00+00:00,2026-07-27T15:30:00+00:00,98.075,98.14,98.03,98.045,7210,98.0717
ONEQ,2026-07-27T15:30:00+00:00,2026-07-27T15:35:00+00:00,98.03,98.0851,97.89,97.91,1315,97.9617
ONEQ,2026-07-27T15:35:00+00:00,2026-07-27T15:40:00+00:00,97.89,97.89,97.84,97.845,3196,97.8583
ONEQ,2026-07-27T15:40:00+00:00,2026-07-27T15:45:00+00:00,97.9677,97.9677,97.945,97.945,4969,97.9526
ONEQ,2026-07-27T15:45:00+00:00,2026-07-27T15:50:00+00:00,97.94,97.94,97.78,97.79,18251,97.8367
ONEQ,2026-07-27T15:50:00+00:00,2026-07-27T15:55:00+00:00,97.85,97.9151,97.825,97.825,2174,97.855
ONEQ,2026-07-27T15:55:00+00:00,2026-07-27T16:00:00+00:00,97.89,97.89,97.89,97.89,396,97.89
ONEQ,2026-07-27T16:00:00+00:00,2026-07-27T16:05:00+00:00,97.96,98.01,97.96,98.01,588,97.9933
ONEQ,2026-07-27T16:05:00+00:00,2026-07-27T16:10:00+00:00,98.0585,98.0585,98.0585,98.0585,348,98.0585
ONEQ,2026-07-27T16:10:00+00:00,2026-07-27T16:15:00+00:00,98.0537,98.0537,97.9401,97.9401,1783,97.978
ONEQ,2026-07-27T16:15:00+00:00,2026-07-27T16:20:00+00:00,97.92,97.92,97.9,97.9,531,97.9067
ONEQ,2026-07-27T16:20:00+00:00,2026-07-27T16:25:00+00:00,97.9301,97.9301,97.895,97.895,508,97.9067
ONEQ,2026-07-27T16:25:00+00:00,2026-07-27T16:30:00+00:00,98.03,98.24,98.03,98.16,9015,98.1433
ONEQ,2026-07-27T16:30:00+00:00,2026-07-27T16:35:00+00:00,98.2176,98.2176,98.12,98.12,778,98.1525
ONEQ,2026-07-27T16:35:00+00:00,2026-07-27T16:40:00+00:00,98.175,98.26,98.175,98.2399,869,98.225
ONEQ,2026-07-27T16:40:00+00:00,2026-07-27T16:45:00+00:00,98.2201,98.2201,98.15,98.1802,3622,98.1834
ONEQ,2026-07-27T16:45:00+00:00,2026-07-27T16:50:00+00:00,98.09,98.09,98.09,98.09,232,98.09
ONEQ,2026-07-27T16:50:00+00:00,2026-07-27T16:55:00+00:00,97.925,97.925,97.895,97.895,2348,97.905
ONEQ,2026-07-27T16:55:00+00:00,2026-07-27T17:00:00+00:00,97.8151,97.88,97.8151,97.88,2310,97.8584
ONEQ,2026-07-27T17:00:00+00:00,2026-07-27T17:05:00+00:00,97.85,97.9299,97.7001,97.73,6587,97.7867
ONEQ,2026-07-27T17:05:00+00:00,2026-07-27T17:10:00+00:00,97.7399,97.81,97.72,97.81,1514,97.78
ONEQ,2026-07-27T17:10:00+00:00,2026-07-27T17:15:00+00:00,97.76,97.83,97.76,97.8001,1468,97.7967
ONEQ,2026-07-27T17:15:00+00:00,2026-07-27T17:20:00+00:00,97.81,97.81,97.66,97.66,616,97.71
ONEQ,2026-07-27T17:20:00+00:00,2026-07-27T17:25:00+00:00,97.715,97.7801,97.715,97.7428,4113,97.746
ONEQ,2026-07-27T17:25:00+00:00,2026-07-27T17:30:00+00:00,97.7201,97.76,97.7201,97.74,1331,97.74
ONEQ,2026-07-27T17:30:00+00:00,2026-07-27T17:35:00+00:00,97.72,97.8799,97.72,97.8799,2310,97.8266
ONEQ,2026-07-27T17:35:00+00:00,2026-07-27T17:40:00+00:00,97.8001,97.8001,97.8001,97.8001,462,97.8001
ONEQ,2026-07-27T17:40:00+00:00,2026-07-27T17:45:00+00:00,97.81,97.81,97.77,97.79,2937,97.79
ONEQ,2026-07-27T17:45:00+00:00,2026-07-27T17:50:00+00:00,97.8001,97.85,97.795,97.825,3948,97.8233
ONEQ,2026-07-27T17:50:00+00:00,2026-07-27T17:55:00+00:00,97.83,97.8701,97.8,97.8701,1814,97.8467
ONEQ,2026-07-27T17:55:00+00:00,2026-07-27T18:00:00+00:00,97.95,97.99,97.95,97.98,2506,97.9733
ONEQ,2026-07-27T18:00:00+00:00,2026-07-27T18:05:00+00:00,98.05,98.05,97.95,97.97,664,97.99
ONEQ,2026-07-27T18:05:00+00:00,2026-07-27T18:10:00+00:00,97.995,98.03,97.9535,97.9535,1517,97.979
ONEQ,2026-07-27T18:10:00+00:00,2026-07-27T18:15:00+00:00,97.9899,97.9899,97.9899,97.9899,694,97.9899
ONEQ,2026-07-27T18:15:00+00:00,2026-07-27T18:20:00+00:00,97.8801,97.8801,97.87,97.87,678,97.8734
ONEQ,2026-07-27T18:20:00+00:00,2026-07-27T18:25:00+00:00,97.85,97.885,97.85,97.885,345,97.8733
ONEQ,2026-07-27T18:25:00+00:00,2026-07-27T18:30:00+00:00,97.9149,97.95,97.9,97.95,2594,97.9333
ONEQ,2026-07-27T18:30:00+00:00,2026-07-27T18:35:00+00:00,97.825,97.8493,97.81,97.81,617,97.8231
ONEQ,2026-07-27T18:35:00+00:00,2026-07-27T18:40:00+00:00,97.76,97.76,97.76,97.76,358,97.76
ONEQ,2026-07-27T18:40:00+00:00,2026-07-27T18:45:00+00:00,97.7699,97.94,97.7699,97.9,1818,97.87
ONEQ,2026-07-27T18:45:00+00:00,2026-07-27T18:50:00+00:00,97.97,97.97,97.9192,97.9192,702,97.9361
ONEQ,2026-07-27T18:50:00+00:00,2026-07-27T18:55:00+00:00,98.005,98.16,98.005,98.119,2034,98.0947
ONEQ,2026-07-27T18:55:00+00:00,2026-07-27T19:00:00+00:00,98.23,98.23,98.1801,98.19,1174,98.2
ONEQ,2026-07-27T19:00:00+00:00,2026-07-27T19:05:00+00:00,98.25,98.25,98.2,98.2,1000,98.2167
ONEQ,2026-07-27T19:05:00+00:00,2026-07-27T19:10:00+00:00,98.21,98.25,98.21,98.25,721,98.2367
ONEQ,2026-07-27T19:10:00+00:00,2026-07-27T19:15:00+00:00,98.26,98.26,98.26,98.26,261,98.26
ONEQ,2026-07-27T19:15:00+00:00,2026-07-27T19:20:00+00:00,98.2997,98.35,98.2997,98.35,2069,98.3332
ONEQ,2026-07-27T19:20:00+00:00,2026-07-27T19:25:00+00:00,98.315,98.315,98.25,98.29,1655,98.285
ONEQ,2026-07-27T19:25:00+00:00,2026-07-27T19:30:00+00:00,98.34,98.345,98.29,98.3,1629,98.3117
ONEQ,2026-07-27T19:30:00+00:00,2026-07-27T19:35:00+00:00,98.39,98.42,98.36,98.4,1685,98.3933
ONEQ,2026-07-27T19:35:00+00:00,2026-07-27T19:40:00+00:00,98.37,98.37,98.2,98.2,1421,98.2567
ONEQ,2026-07-27T19:40:00+00:00,2026-07-27T19:45:00+00:00,98.22,98.28,98.195,98.2,2880,98.225
ONEQ,2026-07-27T19:45:00+00:00,2026-07-27T19:50:00+00:00,98.195,98.21,98.15,98.21,1190,98.19
ONEQ,2026-07-27T19:50:00+00:00,2026-07-27T19:55:00+00:00,98.24,98.24,98.18,98.215,2025,98.2117
ONEQ,2026-07-27T19:55:00+00:00,2026-07-27T20:00:00+00:00,98.26,98.27,98.1701,98.19,3270,98.21
ONEQ,2026-07-28T13:30:00+00:00,2026-07-28T13:35:00+00:00,97.73,97.9568,97.54,97.54,15425,97.6789
ONEQ,2026-07-28T13:35:00+00:00,2026-07-28T13:40:00+00:00,97.59,97.6,97.44,97.44,4545,97.4933
ONEQ,2026-07-28T13:40:00+00:00,2026-07-28T13:45:00+00:00,97.4,97.44,97.09,97.12,4335,97.2167
ONEQ,2026-07-28T13:45:00+00:00,2026-07-28T13:50:00+00:00,97.1717,97.195,96.89,97.165,21460,97.0833
ONEQ,2026-07-28T13:50:00+00:00,2026-07-28T13:55:00+00:00,97.15,97.3169,97.01,97.085,6249,97.1373
ONEQ,2026-07-28T13:55:00+00:00,2026-07-28T14:00:00+00:00,96.99,97.045,96.985,97.045,5016,97.025
ONEQ,2026-07-28T14:00:00+00:00,2026-07-28T14:05:00+00:00,97.03,97.2,97.01,97.064,4941,97.0913
ONEQ,2026-07-28T14:05:00+00:00,2026-07-28T14:10:00+00:00,97.2532,97.3329,96.93,97.06,5619,97.1076
ONEQ,2026-07-28T14:10:00+00:00,2026-07-28T14:15:00+00:00,97.02,97.0285,96.7906,96.83,5485,96.883
ONEQ,2026-07-28T14:15:00+00:00,2026-07-28T14:20:00+00:00,96.83,97.02,96.83,96.935,4623,96.9283
ONEQ,2026-07-28T14:20:00+00:00,2026-07-28T14:25:00+00:00,96.94,97.01,96.8582,96.945,7061,96.9377
ONEQ,2026-07-28T14:25:00+00:00,2026-07-28T14:30:00+00:00,97.11,97.115,96.99,97.115,1859,97.0733
ONEQ,2026-07-28T14:30:00+00:00,2026-07-28T14:35:00+00:00,97.13,97.19,97.0801,97.085,3252,97.1184
ONEQ,2026-07-28T14:35:00+00:00,2026-07-28T14:40:00+00:00,97.155,97.3363,97.155,97.2086,2399,97.2333
ONEQ,2026-07-28T14:40:00+00:00,2026-07-28T14:45:00+00:00,97.2601,97.49,97.19,97.49,3076,97.39
ONEQ,2026-07-28T14:45:00+00:00,2026-07-28T14:50:00+00:00,97.34,97.69,97.34,97.69,5463,97.5733
ONEQ,2026-07-28T14:50:00+00:00,2026-07-28T14:55:00+00:00,97.7,97.7599,97.65,97.68,9842,97.6966
ONEQ,2026-07-28T14:55:00+00:00,2026-07-28T15:00:00+00:00,97.525,97.525,97.48,97.48,2415,97.495
ONEQ,2026-07-28T15:00:00+00:00,2026-07-28T15:05:00+00:00,97.47,97.58,97.45,97.46,6267,97.4967
ONEQ,2026-07-28T15:05:00+00:00,2026-07-28T15:10:00+00:00,97.405,97.54,97.3951,97.4775,7146,97.4709
ONEQ,2026-07-28T15:10:00+00:00,2026-07-28T15:15:00+00:00,97.65,97.74,97.4601,97.705,15235,97.635
ONEQ,2026-07-28T15:15:00+00:00,2026-07-28T15:20:00+00:00,97.685,97.89,97.685,97.89,3905,97.8217
ONEQ,2026-07-28T15:20:00+00:00,2026-07-28T15:25:00+00:00,98.0,98.11,98.0,98.09,10384,98.0667
ONEQ,2026-07-28T15:25:00+00:00,2026-07-28T15:30:00+00:00,98.12,98.1999,98.1099,98.1099,4479,98.1399
ONEQ,2026-07-28T15:30:00+00:00,2026-07-28T15:35:00+00:00,98.105,98.105,98.105,98.105,396,98.105
ONEQ,2026-07-28T15:35:00+00:00,2026-07-28T15:40:00+00:00,98.1,98.22,98.1,98.22,2190,98.18
ONEQ,2026-07-28T15:40:00+00:00,2026-07-28T15:45:00+00:00,98.23,98.27,98.23,98.27,442,98.2567
ONEQ,2026-07-28T15:45:00+00:00,2026-07-28T15:50:00+00:00,98.2453,98.32,98.2453,98.31,9099,98.2918
ONEQ,2026-07-28T15:50:00+00:00,2026-07-28T15:55:00+00:00,98.26,98.3107,98.26,98.3107,666,98.2938
ONEQ,2026-07-28T15:55:00+00:00,2026-07-28T16:00:00+00:00,98.249,98.34,98.249,98.335,2113,98.308
ONEQ,2026-07-28T16:00:00+00:00,2026-07-28T16:05:00+00:00,98.315,98.3601,98.2901,98.31,3298,98.3201
ONEQ,2026-07-28T16:05:00+00:00,2026-07-28T16:10:00+00:00,98.205,98.23,98.18,98.18,2159,98.1967
ONEQ,2026-07-28T16:10:00+00:00,2026-07-28T16:15:00+00:00,98.23,98.24,98.165,98.165,2029,98.19
ONEQ,2026-07-28T16:15:00+00:00,2026-07-28T16:20:00+00:00,98.1651,98.2,98.1501,98.1501,3930,98.1667
ONEQ,2026-07-28T16:20:00+00:00,2026-07-28T16:25:00+00:00,98.27,98.27,98.16,98.16,1011,98.1967
ONEQ,2026-07-28T16:25:00+00:00,2026-07-28T16:30:00+00:00,98.18,98.185,98.135,98.15,2079,98.1567
ONEQ,2026-07-28T16:30:00+00:00,2026-07-28T16:35:00+00:00,98.125,98.125,98.125,98.125,267,98.125
ONEQ,2026-07-28T16:35:00+00:00,2026-07-28T16:40:00+00:00,98.19,98.2,98.19,98.2,322,98.1967
ONEQ,2026-07-28T16:40:00+00:00,2026-07-28T16:45:00+00:00,98.23,98.2551,98.23,98.2551,547,98.2467
ONEQ,2026-07-28T16:45:00+00:00,2026-07-28T16:50:00+00:00,98.3,98.3,98.19,98.19,8469,98.2267
ONEQ,2026-07-28T16:50:00+00:00,2026-07-28T16:55:00+00:00,98.2,98.2,98.2,98.2,290,98.2
ONEQ,2026-07-28T16:55:00+00:00,2026-07-28T17:00:00+00:00,98.36,98.3781,98.355,98.355,1061,98.3627
ONEQ,2026-07-28T17:00:00+00:00,2026-07-28T17:05:00+00:00,98.34,98.34,98.2501,98.3299,725,98.3067
ONEQ,2026-07-28T17:05:00+00:00,2026-07-28T17:10:00+00:00,98.25,98.25,98.25,98.25,448,98.25
ONEQ,2026-07-28T17:10:00+00:00,2026-07-28T17:15:00+00:00,98.15,98.15,98.15,98.15,1227,98.15
ONEQ,2026-07-28T17:15:00+00:00,2026-07-28T17:20:00+00:00,98.16,98.16,98.115,98.115,2466,98.13
ONEQ,2026-07-28T17:20:00+00:00,2026-07-28T17:25:00+00:00,98.12,98.265,98.12,98.175,1395,98.1867
ONEQ,2026-07-28T17:25:00+00:00,2026-07-28T17:30:00+00:00,98.2,98.25,98.2,98.25,440,98.2333
ONEQ,2026-07-28T17:30:00+00:00,2026-07-28T17:35:00+00:00,98.21,98.3,98.21,98.3,1152,98.27
ONEQ,2026-07-28T17:35:00+00:00,2026-07-28T17:40:00+00:00,98.27,98.28,98.25,98.25,3494,98.26
ONEQ,2026-07-28T17:40:00+00:00,2026-07-28T17:45:00+00:00,98.21,98.21,98.05,98.057,5131,98.1057
ONEQ,2026-07-28T17:45:00+00:00,2026-07-28T17:50:00+00:00,98.085,98.085,98.045,98.05,3864,98.06
ONEQ,2026-07-28T17:50:00+00:00,2026-07-28T17:55:00+00:00,98.0999,98.0999,98.075,98.075,662,98.0833
ONEQ,2026-07-28T17:55:00+00:00,2026-07-28T18:00:00+00:00,98.0201,98.0201,98.0201,98.0201,401,98.0201
ONEQ,2026-07-28T18:00:00+00:00,2026-07-28T18:05:00+00:00,98.16,98.17,98.075,98.11,3961,98.1183
ONEQ,2026-07-28T18:05:00+00:00,2026-07-28T18:10:00+00:00,98.09,98.09,98.01,98.025,5325,98.0417
ONEQ,2026-07-28T18:10:00+00:00,2026-07-28T18:15:00+00:00,97.98,97.98,97.975,97.975,1359,97.9767
ONEQ,2026-07-28T18:15:00+00:00,2026-07-28T18:20:00+00:00,97.98,97.98,97.98,97.98,479,97.98
ONEQ,2026-07-28T18:20:00+00:00,2026-07-28T18:25:00+00:00,97.98,98.07,97.98,98.005,958,98.0183
ONEQ,2026-07-28T18:25:00+00:00,2026-07-28T18:30:00+00:00,97.98,98.02,97.98,97.98,1039,97.9933
ONEQ,2026-07-28T18:30:00+00:00,2026-07-28T18:35:00+00:00,98.015,98.04,97.995,98.03,3068,98.0217
ONEQ,2026-07-28T18:40:00+00:00,2026-07-28T18:45:00+00:00,97.98,98.025,97.98,98.015,2177,98.0067
ONEQ,2026-07-28T18:50:00+00:00,2026-07-28T18:55:00+00:00,98.1031,98.1031,98.04,98.04,3293,98.061
ONEQ,2026-07-28T18:55:00+00:00,2026-07-28T19:00:00+00:00,98.12,98.12,98.12,98.12,454,98.12
ONEQ,2026-07-28T19:00:00+00:00,2026-07-28T19:05:00+00:00,98.15,98.25,98.15,98.25,4042,98.2167
ONEQ,2026-07-28T19:05:00+00:00,2026-07-28T19:10:00+00:00,98.22,98.245,98.1201,98.1201,5125,98.1617
ONEQ,2026-07-28T19:10:00+00:00,2026-07-28T19:15:00+00:00,98.14,98.14,98.125,98.125,888,98.13
ONEQ,2026-07-28T19:15:00+00:00,2026-07-28T19:20:00+00:00,98.1,98.1,98.1,98.1,356,98.1
ONEQ,2026-07-28T19:20:00+00:00,2026-07-28T19:25:00+00:00,98.14,98.14,98.13,98.13,1271,98.1333
ONEQ,2026-07-28T19:25:00+00:00,2026-07-28T19:30:00+00:00,98.1619,98.21,98.1002,98.1501,3323,98.1534
ONEQ,2026-07-28T19:30:00+00:00,2026-07-28T19:35:00+00:00,98.215,98.215,98.185,98.185,1468,98.195
ONEQ,2026-07-28T19:35:00+00:00,2026-07-28T19:40:00+00:00,98.06,98.06,98.04,98.04,4658,98.0467
ONEQ,2026-07-28T19:40:00+00:00,2026-07-28T19:45:00+00:00,98.0565,98.08,98.05,98.08,3168,98.07
ONEQ,2026-07-28T19:45:00+00:00,2026-07-28T19:50:00+00:00,98.02,98.02,98.02,98.02,1825,98.02
ONEQ,2026-07-28T19:50:00+00:00,2026-07-28T19:55:00+00:00,98.06,98.18,98.0101,98.18,7984,98.1234
ONEQ,2026-07-28T19:55:00+00:00,2026-07-28T20:00:00+00:00,98.12,98.19,98.04,98.1101,29077,98.1134
ONEQ,2026-07-29T13:30:00+00:00,2026-07-29T13:35:00+00:00,98.0,98.005,97.54,98.005,9967,97.85
ONEQ,2026-07-29T13:35:00+00:00,2026-07-29T13:40:00+00:00,98.03,98.03,98.03,98.03,3140,98.03
ONEQ,2026-07-29T13:40:00+00:00,2026-07-29T13:45:00+00:00,97.9177,97.9177,97.815,97.8403,1400,97.8577
ONEQ,2026-07-29T13:45:00+00:00,2026-07-29T13:50:00+00:00,97.6,97.6,97.6,97.6,770,97.6
ONEQ,2026-07-29T13:50:00+00:00,2026-07-29T13:55:00+00:00,97.5,97.51,97.33,97.51,4024,97.45
ONEQ,2026-07-29T13:55:00+00:00,2026-07-29T14:00:00+00:00,97.25,97.46,97.25,97.4,3633,97.37
ONEQ,2026-07-29T14:00:00+00:00,2026-07-29T14:05:00+00:00,97.48,97.59,97.42,97.45,7397,97.4867
ONEQ,2026-07-29T14:05:00+00:00,2026-07-29T14:10:00+00:00,97.5101,97.75,97.34,97.3401,7996,97.4767
ONEQ,2026-07-29T14:10:00+00:00,2026-07-29T14:15:00+00:00,97.53,97.53,97.08,97.12,9160,97.2433
ONEQ,2026-07-29T14:15:00+00:00,2026-07-29T14:20:00+00:00,97.14,97.3043,97.14,97.21,7668,97.2181
ONEQ,2026-07-29T14:20:00+00:00,2026-07-29T14:25:00+00:00,97.07,97.07,97.035,97.035,5332,97.0467
ONEQ,2026-07-29T14:25:00+00:00,2026-07-29T14:30:00+00:00,97.07,97.07,96.85,96.85,8429,96.9233
ONEQ,2026-07-29T14:30:00+00:00,2026-07-29T14:35:00+00:00,96.985,97.2199,96.985,97.065,1345,97.09
ONEQ,2026-07-29T14:35:00+00:00,2026-07-29T14:40:00+00:00,97.095,97.095,96.91,96.91,2416,96.9717
ONEQ,2026-07-29T14:40:00+00:00,2026-07-29T14:45:00+00:00,96.81,96.865,96.8,96.825,8784,96.83
ONEQ,2026-07-29T14:45:00+00:00,2026-07-29T14:50:00+00:00,96.89,96.91,96.7801,96.91,1968,96.8667
ONEQ,2026-07-29T14:50:00+00:00,2026-07-29T14:55:00+00:00,96.98,96.98,96.9376,96.9376,743,96.9517
ONEQ,2026-07-29T14:55:00+00:00,2026-07-29T15:00:00+00:00,96.96,96.96,96.9432,96.9432,1941,96.9488
ONEQ,2026-07-29T15:00:00+00:00,2026-07-29T15:05:00+00:00,97.0638,97.17,97.0638,97.17,2372,97.1346
ONEQ,2026-07-29T15:05:00+00:00,2026-07-29T15:10:00+00:00,97.12,97.14,97.05,97.14,1414,97.11
ONEQ,2026-07-29T15:10:00+00:00,2026-07-29T15:15:00+00:00,97.2099,97.2099,96.96,96.96,1048,97.0433
ONEQ,2026-07-29T15:15:00+00:00,2026-07-29T15:20:00+00:00,96.955,97.13,96.95,96.95,1350,97.01
ONEQ,2026-07-29T15:20:00+00:00,2026-07-29T15:25:00+00:00,96.92,97.0,96.92,97.0,1027,96.9733
ONEQ,2026-07-29T15:25:00+00:00,2026-07-29T15:30:00+00:00,97.015,97.015,96.8675,96.87,2574,96.9175
ONEQ,2026-07-29T15:30:00+00:00,2026-07-29T15:35:00+00:00,96.905,96.96,96.87,96.9199,1682,96.9166
ONEQ,2026-07-29T15:35:00+00:00,2026-07-29T15:40:00+00:00,96.93,96.99,96.87,96.91,10759,96.9233
ONEQ,2026-07-29T15:40:00+00:00,2026-07-29T15:45:00+00:00,96.8263,96.8263,96.7501,96.8,1766,96.7921
ONEQ,2026-07-29T15:45:00+00:00,2026-07-29T15:50:00+00:00,96.815,96.92,96.815,96.92,1473,96.885
ONEQ,2026-07-29T15:50:00+00:00,2026-07-29T15:55:00+00:00,96.9,96.92,96.67,96.67,1310,96.7533
ONEQ,2026-07-29T15:55:00+00:00,2026-07-29T16:00:00+00:00,96.69,96.715,96.6501,96.715,1524,96.6934
ONEQ,2026-07-29T16:00:00+00:00,2026-07-29T16:05:00+00:00,96.79,96.79,96.64,96.64,1276,96.69
ONEQ,2026-07-29T16:05:00+00:00,2026-07-29T16:10:00+00:00,96.57,96.62,96.57,96.5951,725,96.595
ONEQ,2026-07-29T16:10:00+00:00,2026-07-29T16:15:00+00:00,96.63,96.6599,96.52,96.52,2266,96.5666
ONEQ,2026-07-29T16:15:00+00:00,2026-07-29T16:20:00+00:00,96.505,96.5542,96.5,96.5542,2778,96.5361
ONEQ,2026-07-29T16:20:00+00:00,2026-07-29T16:25:00+00:00,96.61,96.845,96.61,96.75,2822,96.735
ONEQ,2026-07-29T16:25:00+00:00,2026-07-29T16:30:00+00:00,96.86,96.895,96.8328,96.895,2273,96.8743
ONEQ,2026-07-29T16:30:00+00:00,2026-07-29T16:35:00+00:00,96.8901,97.03,96.89,96.89,2987,96.9367
ONEQ,2026-07-29T16:35:00+00:00,2026-07-29T16:40:00+00:00,96.82,96.83,96.82,96.83,555,96.8267
ONEQ,2026-07-29T16:40:00+00:00,2026-07-29T16:45:00+00:00,96.83,96.86,96.77,96.77,1185,96.8
ONEQ,2026-07-29T16:45:00+00:00,2026-07-29T16:50:00+00:00,96.76,96.9,96.76,96.9,2945,96.8533
ONEQ,2026-07-29T16:50:00+00:00,2026-07-29T16:55:00+00:00,96.95,97.025,96.92,97.01,4657,96.985
ONEQ,2026-07-29T16:55:00+00:00,2026-07-29T17:00:00+00:00,97.0,97.08,96.9808,97.08,4230,97.0469
ONEQ,2026-07-29T17:00:00+00:00,2026-07-29T17:05:00+00:00,97.14,97.1499,97.12,97.12,1187,97.13
ONEQ,2026-07-29T17:05:00+00:00,2026-07-29T17:10:00+00:00,97.23,97.2899,97.2,97.27,7468,97.2533
ONEQ,2026-07-29T17:10:00+00:00,2026-07-29T17:15:00+00:00,97.355,97.4,97.34,97.4,4999,97.38
ONEQ,2026-07-29T17:15:00+00:00,2026-07-29T17:20:00+00:00,97.48,97.51,97.4201,97.51,1950,97.48
ONEQ,2026-07-29T17:20:00+00:00,2026-07-29T17:25:00+00:00,97.53,97.58,97.45,97.45,3892,97.4933
ONEQ,2026-07-29T17:25:00+00:00,2026-07-29T17:30:00+00:00,97.35,97.35,97.35,97.35,271,97.35
ONEQ,2026-07-29T17:30:00+00:00,2026-07-29T17:35:00+00:00,97.3,97.38,97.23,97.38,1067,97.33
ONEQ,2026-07-29T17:35:00+00:00,2026-07-29T17:40:00+00:00,97.3,97.3,97.2265,97.255,1646,97.2605
ONEQ,2026-07-29T17:40:00+00:00,2026-07-29T17:45:00+00:00,97.3,97.4,97.3,97.35,22355,97.35
ONEQ,2026-07-29T17:45:00+00:00,2026-07-29T17:50:00+00:00,97.3,97.335,97.3,97.335,1499,97.3233
ONEQ,2026-07-29T17:50:00+00:00,2026-07-29T17:55:00+00:00,97.4,97.47,97.4,97.43,5170,97.4333
ONEQ,2026-07-29T17:55:00+00:00,2026-07-29T18:00:00+00:00,97.39,97.6235,97.35,97.44,7812,97.4712
ONEQ,2026-07-29T18:00:00+00:00,2026-07-29T18:05:00+00:00,97.99,98.04,97.82,97.82,6855,97.8933
ONEQ,2026-07-29T18:05:00+00:00,2026-07-29T18:10:00+00:00,97.87,98.079,97.83,97.9,9350,97.9363
ONEQ,2026-07-29T18:10:00+00:00,2026-07-29T18:15:00+00:00,97.8601,97.99,97.8601,97.92,1571,97.9234
ONEQ,2026-07-29T18:15:00+00:00,2026-07-29T18:20:00+00:00,97.82,97.96,97.82,97.825,1257,97.8683
ONEQ,2026-07-29T18:20:00+00:00,2026-07-29T18:25:00+00:00,97.65,97.69,97.63,97.69,1517,97.67
ONEQ,2026-07-29T18:25:00+00:00,2026-07-29T18:30:00+00:00,97.65,97.8332,97.62,97.8332,10243,97.7621
ONEQ,2026-07-29T18:30:00+00:00,2026-07-29T18:35:00+00:00,97.76,97.82,97.62,97.8,18999,97.7467
ONEQ,2026-07-29T18:40:00+00:00,2026-07-29T18:45:00+00:00,98.23,98.33,98.2051,98.2201,4592,98.2517
ONEQ,2026-07-29T18:45:00+00:00,2026-07-29T18:50:00+00:00,98.36,98.45,98.2301,98.41,10028,98.3634
ONEQ,2026-07-29T18:50:00+00:00,2026-07-29T18:55:00+00:00,98.48,98.64,98.3501,98.64,5886,98.5434
ONEQ,2026-07-29T18:55:00+00:00,2026-07-29T19:00:00+00:00,98.58,98.58,98.535,98.535,840,98.55
ONEQ,2026-07-29T19:00:00+00:00,2026-07-29T19:05:00+00:00,98.59,98.61,98.38,98.38,1624,98.4567
ONEQ,2026-07-29T19:05:00+00:00,2026-07-29T19:10:00+00:00,98.26,98.26,98.0,98.0,1907,98.0867
ONEQ,2026-07-29T19:10:00+00:00,2026-07-29T19:15:00+00:00,98.0,98.16,97.92,98.1437,2039,98.0746
ONEQ,2026-07-29T19:15:00+00:00,2026-07-29T19:20:00+00:00,98.08,98.13,98.0099,98.0099,1889,98.0499
ONEQ,2026-07-29T19:20:00+00:00,2026-07-29T19:25:00+00:00,97.47,97.5298,97.47,97.51,2014,97.5033
ONEQ,2026-07-29T19:25:00+00:00,2026-07-29T19:30:00+00:00,97.28,97.29,97.28,97.29,1392,97.2867
ONEQ,2026-07-29T19:30:00+00:00,2026-07-29T19:35:00+00:00,97.41,97.41,97.05,97.05,1744,97.17
ONEQ,2026-07-29T19:35:00+00:00,2026-07-29T19:40:00+00:00,97.09,97.17,97.0,97.03,3808,97.0667
ONEQ,2026-07-29T19:40:00+00:00,2026-07-29T19:45:00+00:00,96.69,96.9,96.6001,96.6301,8233,96.7101
ONEQ,2026-07-29T19:45:00+00:00,2026-07-29T19:50:00+00:00,96.68,96.74,96.57,96.7399,9496,96.6833
ONEQ,2026-07-29T19:50:00+00:00,2026-07-29T19:55:00+00:00,96.7,96.7,96.46,96.59,28776,96.5833
ONEQ,2026-07-29T19:55:00+00:00,2026-07-29T20:00:00+00:00,96.3701,96.45,96.2,96.21,11898,96.2867
ONEQ,2026-07-30T13:30:00+00:00,2026-07-30T13:35:00+00:00,97.63,97.96,97.6,97.835,27160,97.7983
ONEQ,2026-07-30T13:35:00+00:00,2026-07-30T13:40:00+00:00,97.79,98.02,97.79,97.865,13010,97.8917
ONEQ,2026-07-30T13:40:00+00:00,2026-07-30T13:45:00+00:00,97.84,98.165,97.77,98.145,6004,98.0267
ONEQ,2026-07-30T13:45:00+00:00,2026-07-30T13:50:00+00:00,98.23,98.51,98.16,98.51,7569,98.3933
ONEQ,2026-07-30T13:50:00+00:00,2026-07-30T13:55:00+00:00,98.3282,98.51,98.3282,98.48,8698,98.4394
ONEQ,2026-07-30T13:55:00+00:00,2026-07-30T14:00:00+00:00,98.575,98.68,98.49,98.68,13004,98.6167
ONEQ,2026-07-30T14:00:00+00:00,2026-07-30T14:05:00+00:00,98.73,98.765,98.71,98.72,4790,98.7317
ONEQ,2026-07-30T14:05:00+00:00,2026-07-30T14:10:00+00:00,98.75,98.75,98.5,98.5,1962,98.5833
ONEQ,2026-07-30T14:10:00+00:00,2026-07-30T14:15:00+00:00,98.5,98.52,98.5,98.52,3377,98.5133
ONEQ,2026-07-30T14:15:00+00:00,2026-07-30T14:20:00+00:00,98.62,98.639,98.49,98.57,2084,98.5663
ONEQ,2026-07-30T14:20:00+00:00,2026-07-30T14:25:00+00:00,98.555,98.7499,98.555,98.655,4980,98.6533
ONEQ,2026-07-30T14:25:00+00:00,2026-07-30T14:30:00+00:00,98.6401,98.92,98.6401,98.84,5227,98.8
ONEQ,2026-07-30T14:30:00+00:00,2026-07-30T14:35:00+00:00,98.83,98.885,98.74,98.82,1813,98.815
ONEQ,2026-07-30T14:35:00+00:00,2026-07-30T14:40:00+00:00,98.79,98.8899,98.79,98.8899,3398,98.8566
ONEQ,2026-07-30T14:40:00+00:00,2026-07-30T14:45:00+00:00,98.9,98.92,98.7791,98.7791,8285,98.8261
ONEQ,2026-07-30T14:45:00+00:00,2026-07-30T14:50:00+00:00,98.65,98.655,98.595,98.65,1614,98.6333
ONEQ,2026-07-30T14:50:00+00:00,2026-07-30T14:55:00+00:00,98.4803,98.4803,98.36,98.36,2018,98.4001
ONEQ,2026-07-30T14:55:00+00:00,2026-07-30T15:00:00+00:00,98.3,98.425,98.2363,98.395,2732,98.3521
ONEQ,2026-07-30T15:00:00+00:00,2026-07-30T15:05:00+00:00,98.33,98.48,98.2538,98.46,5979,98.3979
ONEQ,2026-07-30T15:05:00+00:00,2026-07-30T15:10:00+00:00,98.43,98.49,98.315,98.4301,4057,98.4117
ONEQ,2026-07-30T15:10:00+00:00,2026-07-30T15:15:00+00:00,98.555,98.555,98.215,98.215,3949,98.3283
ONEQ,2026-07-30T15:15:00+00:00,2026-07-30T15:20:00+00:00,98.23,98.25,98.165,98.25,1477,98.2217
ONEQ,2026-07-30T15:20:00+00:00,2026-07-30T15:25:00+00:00,98.43,98.43,98.3,98.3,698,98.3433
ONEQ,2026-07-30T15:25:00+00:00,2026-07-30T15:30:00+00:00,98.31,98.34,98.1634,98.21,21741,98.2378
ONEQ,2026-07-30T15:30:00+00:00,2026-07-30T15:35:00+00:00,98.161,98.29,98.15,98.29,1566,98.2433
ONEQ,2026-07-30T15:35:00+00:00,2026-07-30T15:40:00+00:00,98.25,98.285,98.25,98.285,947,98.2733
ONEQ,2026-07-30T15:40:00+00:00,2026-07-30T15:45:00+00:00,98.35,98.56,98.33,98.56,1493,98.4833
ONEQ,2026-07-30T15:45:00+00:00,2026-07-30T15:50:00+00:00,98.5099,98.5327,98.5099,98.5327,2236,98.5251
ONEQ,2026-07-30T15:50:00+00:00,2026-07-30T15:55:00+00:00,98.425,98.425,98.415,98.415,602,98.4183
ONEQ,2026-07-30T15:55:00+00:00,2026-07-30T16:00:00+00:00,98.43,98.43,98.43,98.43,243,98.43
ONEQ,2026-07-30T16:00:00+00:00,2026-07-30T16:05:00+00:00,98.57,98.57,98.57,98.57,1095,98.57
ONEQ,2026-07-30T16:10:00+00:00,2026-07-30T16:15:00+00:00,98.76,98.78,98.725,98.725,2636,98.7433
ONEQ,2026-07-30T16:15:00+00:00,2026-07-30T16:20:00+00:00,98.75,98.78,98.75,98.7563,1712,98.7621
ONEQ,2026-07-30T16:20:00+00:00,2026-07-30T16:25:00+00:00,98.775,98.775,98.705,98.705,1637,98.7283
ONEQ,2026-07-30T16:25:00+00:00,2026-07-30T16:30:00+00:00,98.7,98.7,98.7,98.7,889,98.7
ONEQ,2026-07-30T16:30:00+00:00,2026-07-30T16:35:00+00:00,98.63,98.63,98.6129,98.6201,2831,98.621
ONEQ,2026-07-30T16:35:00+00:00,2026-07-30T16:40:00+00:00,98.618,98.64,98.618,98.64,910,98.6327
ONEQ,2026-07-30T16:40:00+00:00,2026-07-30T16:45:00+00:00,98.575,98.575,98.41,98.45,4680,98.4783
ONEQ,2026-07-30T16:45:00+00:00,2026-07-30T16:50:00+00:00,98.53,98.53,98.47,98.5029,6248,98.501
ONEQ,2026-07-30T16:50:00+00:00,2026-07-30T16:55:00+00:00,98.455,98.58,98.455,98.565,3653,98.5333
ONEQ,2026-07-30T16:55:00+00:00,2026-07-30T17:00:00+00:00,98.58,98.639,98.575,98.599,3713,98.6043
ONEQ,2026-07-30T17:00:00+00:00,2026-07-30T17:05:00+00:00,98.62,98.749,98.59,98.7,5022,98.6797
ONEQ,2026-07-30T17:05:00+00:00,2026-07-30T17:10:00+00:00,98.75,98.78,98.7,98.75,21179,98.7433
ONEQ,2026-07-30T17:10:00+00:00,2026-07-30T17:15:00+00:00,98.73,98.735,98.69,98.69,5708,98.705
ONEQ,2026-07-30T17:15:00+00:00,2026-07-30T17:20:00+00:00,98.75,98.79,98.75,98.79,1423,98.7767
ONEQ,2026-07-30T17:20:00+00:00,2026-07-30T17:25:00+00:00,98.74,98.74,98.74,98.74,794,98.74
ONEQ,2026-07-30T17:25:00+00:00,2026-07-30T17:30:00+00:00,98.72,98.72,98.705,98.705,606,98.71
ONEQ,2026-07-30T17:30:00+00:00,2026-07-30T17:35:00+00:00,98.74,98.74,98.71,98.71,977,98.72
ONEQ,2026-07-30T17:35:00+00:00,2026-07-30T17:40:00+00:00,98.7,98.7,98.6101,98.6101,451,98.6401
ONEQ,2026-07-30T17:40:00+00:00,2026-07-30T17:45:00+00:00,98.695,98.8299,98.695,98.7601,8471,98.7617
ONEQ,2026-07-30T17:45:00+00:00,2026-07-30T17:50:00+00:00,98.8,98.829,98.8,98.829,749,98.8193
ONEQ,2026-07-30T17:50:00+00:00,2026-07-30T17:55:00+00:00,98.785,98.85,98.76,98.795,13085,98.8017
ONEQ,2026-07-30T17:55:00+00:00,2026-07-30T18:00:00+00:00,98.78,98.78,98.75,98.77,4405,98.7667
ONEQ,2026-07-30T18:00:00+00:00,2026-07-30T18:05:00+00:00,98.7462,98.7739,98.7462,98.7739,893,98.7647
ONEQ,2026-07-30T18:05:00+00:00,2026-07-30T18:10:00+00:00,98.79,98.79,98.79,98.79,3463,98.79
ONEQ,2026-07-30T18:10:00+00:00,2026-07-30T18:15:00+00:00,98.79,98.8,98.79,98.8,2009,98.7967
ONEQ,2026-07-30T18:15:00+00:00,2026-07-30T18:20:00+00:00,98.735,98.735,98.735,98.735,103,98.735
ONEQ,2026-07-30T18:20:00+00:00,2026-07-30T18:25:00+00:00,98.75,98.795,98.75,98.7565,8739,98.7672
ONEQ,2026-07-30T18:25:00+00:00,2026-07-30T18:30:00+00:00,98.77,98.775,98.77,98.775,702,98.7733
ONEQ,2026-07-30T18:30:00+00:00,2026-07-30T18:35:00+00:00,98.7628,98.7628,98.7628,98.7628,1547,98.7628
ONEQ,2026-07-30T18:35:00+00:00,2026-07-30T18:40:00+00:00,98.731,98.7636,98.7,98.7,6027,98.7212
ONEQ,2026-07-30T18:40:00+00:00,2026-07-30T18:45:00+00:00,98.71,98.735,98.69,98.69,2144,98.705
ONEQ,2026-07-30T18:45:00+00:00,2026-07-30T18:50:00+00:00,98.83,98.83,98.75,98.79,2332,98.79
ONEQ,2026-07-30T18:50:00+00:00,2026-07-30T18:55:00+00:00,98.79,98.83,98.79,98.8,11985,98.8067
ONEQ,2026-07-30T18:55:00+00:00,2026-07-30T19:00:00+00:00,98.82,98.85,98.79,98.84,5695,98.8267
ONEQ,2026-07-30T19:00:00+00:00,2026-07-30T19:05:00+00:00,98.835,98.88,98.835,98.87,16581,98.8617
ONEQ,2026-07-30T19:05:00+00:00,2026-07-30T19:10:00+00:00,98.8674,99.01,98.8674,99.01,9078,98.9625
ONEQ,2026-07-30T19:10:00+00:00,2026-07-30T19:15:00+00:00,99.075,99.12,99.075,99.09,14529,99.095
ONEQ,2026-07-30T19:15:00+00:00,2026-07-30T19:20:00+00:00,99.085,99.16,99.05,99.14,4648,99.1167
ONEQ,2026-07-30T19:20:00+00:00,2026-07-30T19:25:00+00:00,99.115,99.115,99.05,99.05,990,99.0717
ONEQ,2026-07-30T19:25:00+00:00,2026-07-30T19:30:00+00:00,99.0565,99.08,99.0565,99.08,573,99.0722
ONEQ,2026-07-30T19:30:00+00:00,2026-07-30T19:35:00+00:00,99.03,99.03,98.99,99.0249,3146,99.015
ONEQ,2026-07-30T19:35:00+00:00,2026-07-30T19:40:00+00:00,98.99,99.0,98.95,98.98,12168,98.9767
ONEQ,2026-07-30T19:40:00+00:00,2026-07-30T19:45:00+00:00,98.975,99.0099,98.94,98.97,3443,98.9733
ONEQ,2026-07-30T19:45:00+00:00,2026-07-30T19:50:00+00:00,99.0199,99.0199,99.0,99.0,2073,99.0066
ONEQ,2026-07-30T19:50:00+00:00,2026-07-30T19:55:00+00:00,99.0,99.0,98.94,98.98,16786,98.9733
ONEQ,2026-07-30T19:55:00+00:00,2026-07-30T20:00:00+00:00,99.0022,99.09,98.875,98.92,18232,98.9617
ONEQ,2026-07-31T13:30:00+00:00,2026-07-31T13:35:00+00:00,99.56,100.2,99.54,100.2,29283,99.98
ONEQ,2026-07-31T13:35:00+00:00,2026-07-31T13:40:00+00:00,100.14,100.19,99.76,99.77,11140,99.9067
ONEQ,2026-07-31T13:40:00+00:00,2026-07-31T13:45:00+00:00,99.75,99.8499,99.5,99.5,16238,99.6166
ONEQ,2026-07-31T13:45:00+00:00,2026-07-31T13:50:00+00:00,99.51,99.527,99.26,99.32,6242,99.369
ONEQ,2026-07-31T13:50:00+00:00,2026-07-31T13:55:00+00:00,99.349,99.4597,99.21,99.21,6732,99.2932
ONEQ,2026-07-31T13:55:00+00:00,2026-07-31T14:00:00+00:00,99.2575,99.465,99.2575,99.465,5621,99.3958
ONEQ,2026-07-31T14:00:00+00:00,2026-07-31T14:05:00+00:00,99.24,99.3099,99.03,99.03,4604,99.1233
ONEQ,2026-07-31T14:05:00+00:00,2026-07-31T14:10:00+00:00,99.01,99.01,98.775,98.775,6185,98.8533
ONEQ,2026-07-31T14:10:00+00:00,2026-07-31T14:15:00+00:00,98.795,98.795,98.58,98.66,2743,98.6783
ONEQ,2026-07-31T14:15:00+00:00,2026-07-31T14:20:00+00:00,98.91,98.91,98.79,98.79,383,98.83
ONEQ,2026-07-31T14:20:00+00:00,2026-07-31T14:25:00+00:00,98.825,98.88,98.775,98.775,842,98.81
ONEQ,2026-07-31T14:25:00+00:00,2026-07-31T14:30:00+00:00,98.98,98.98,98.855,98.855,2511,98.8967
ONEQ,2026-07-31T14:30:00+00:00,2026-07-31T14:35:00+00:00,98.94,99.0425,98.94,99.0011,5065,98.9945
ONEQ,2026-07-31T14:35:00+00:00,2026-07-31T14:40:00+00:00,99.035,99.26,99.035,99.0701,7092,99.1217
ONEQ,2026-07-31T14:40:00+00:00,2026-07-31T14:45:00+00:00,99.22,99.22,99.08,99.135,3042,99.145
ONEQ,2026-07-31T14:45:00+00:00,2026-07-31T14:50:00+00:00,99.15,99.3295,99.05,99.315,8159,99.2315
ONEQ,2026-07-31T14:50:00+00:00,2026-07-31T14:55:00+00:00,99.4,99.43,99.2575,99.2575,11186,99.315
ONEQ,2026-07-31T14:55:00+00:00,2026-07-31T15:00:00+00:00,99.28,99.33,99.28,99.33,1282,99.3133
ONEQ,2026-07-31T15:00:00+00:00,2026-07-31T15:05:00+00:00,99.28,99.29,99.17,99.215,4568,99.225
ONEQ,2026-07-31T15:05:00+00:00,2026-07-31T15:10:00+00:00,99.39,99.39,99.39,99.39,1573,99.39
ONEQ,2026-07-31T15:10:00+00:00,2026-07-31T15:15:00+00:00,98.9996,99.195,98.9996,99.195,2025,99.1299
ONEQ,2026-07-31T15:15:00+00:00,2026-07-31T15:20:00+00:00,99.1833,99.4699,99.1833,99.19,1736,99.2811
ONEQ,2026-07-31T15:20:00+00:00,2026-07-31T15:25:00+00:00,99.11,99.11,98.96,98.9899,2374,99.02
ONEQ,2026-07-31T15:25:00+00:00,2026-07-31T15:30:00+00:00,98.91,98.95,98.75,98.75,3000,98.8167
ONEQ,2026-07-31T15:30:00+00:00,2026-07-31T15:35:00+00:00,98.7,98.79,98.7,98.74,814,98.7433
ONEQ,2026-07-31T15:35:00+00:00,2026-07-31T15:40:00+00:00,98.8801,99.07,98.88,99.07,557,99.0067
ONEQ,2026-07-31T15:40:00+00:00,2026-07-31T15:45:00+00:00,99.015,99.015,98.83,98.9991,709,98.948
ONEQ,2026-07-31T15:45:00+00:00,2026-07-31T15:50:00+00:00,98.89,98.92,98.85,98.85,5882,98.8733
ONEQ,2026-07-31T15:50:00+00:00,2026-07-31T15:55:00+00:00,98.94,99.15,98.9,99.15,1394,99.0667
ONEQ,2026-07-31T15:55:00+00:00,2026-07-31T16:00:00+00:00,99.1899,99.1899,99.1899,99.1899,906,99.1899
ONEQ,2026-07-31T16:05:00+00:00,2026-07-31T16:10:00+00:00,99.22,99.22,99.18,99.195,2372,99.1983
ONEQ,2026-07-31T16:10:00+00:00,2026-07-31T16:15:00+00:00,99.27,99.27,99.25,99.25,810,99.2567
ONEQ,2026-07-31T16:15:00+00:00,2026-07-31T16:20:00+00:00,99.31,99.32,99.31,99.31,4290,99.3133
ONEQ,2026-07-31T16:25:00+00:00,2026-07-31T16:30:00+00:00,99.4004,99.4004,99.4004,99.4004,755,99.4004
ONEQ,2026-07-31T16:30:00+00:00,2026-07-31T16:35:00+00:00,99.49,99.53,99.49,99.53,1083,99.5167
ONEQ,2026-07-31T16:35:00+00:00,2026-07-31T16:40:00+00:00,99.54,99.54,99.495,99.495,1132,99.51
ONEQ,2026-07-31T16:40:00+00:00,2026-07-31T16:45:00+00:00,99.4863,99.4863,99.4863,99.4863,1183,99.4863
ONEQ,2026-07-31T16:45:00+00:00,2026-07-31T16:50:00+00:00,99.42,99.5099,99.35,99.5099,4577,99.4566
ONEQ,2026-07-31T16:50:00+00:00,2026-07-31T16:55:00+00:00,99.48,99.56,99.48,99.56,2504,99.5333
ONEQ,2026-07-31T16:55:00+00:00,2026-07-31T17:00:00+00:00,99.56,99.56,99.51,99.525,1642,99.5317
ONEQ,2026-07-31T17:00:00+00:00,2026-07-31T17:05:00+00:00,99.6205,99.67,99.6205,99.67,700,99.6535
ONEQ,2026-07-31T17:05:00+00:00,2026-07-31T17:10:00+00:00,99.62,99.62,99.51,99.51,1506,99.5467
ONEQ,2026-07-31T17:10:00+00:00,2026-07-31T17:15:00+00:00,99.5301,99.6399,99.5301,99.6399,1904,99.6033
ONEQ,2026-07-31T17:15:00+00:00,2026-07-31T17:20:00+00:00,99.63,99.67,99.63,99.67,5091,99.6567
ONEQ,2026-07-31T17:20:00+00:00,2026-07-31T17:25:00+00:00,99.65,99.76,99.65,99.76,1022,99.7233
ONEQ,2026-07-31T17:25:00+00:00,2026-07-31T17:30:00+00:00,99.795,99.829,99.7519,99.825,5603,99.802
ONEQ,2026-07-31T17:30:00+00:00,2026-07-31T17:35:00+00:00,99.81,99.885,99.81,99.88,5602,99.8583
ONEQ,2026-07-31T17:35:00+00:00,2026-07-31T17:40:00+00:00,99.9,99.9,99.8061,99.8061,1240,99.8374
ONEQ,2026-07-31T17:40:00+00:00,2026-07-31T17:45:00+00:00,99.73,99.78,99.711,99.78,18542,99.757
ONEQ,2026-07-31T17:45:00+00:00,2026-07-31T17:50:00+00:00,99.81,99.81,99.685,99.685,6042,99.7267
ONEQ,2026-07-31T17:50:00+00:00,2026-07-31T17:55:00+00:00,99.6585,99.6585,99.6585,99.6585,1685,99.6585
ONEQ,2026-07-31T18:00:00+00:00,2026-07-31T18:05:00+00:00,99.7037,99.7037,99.7037,99.7037,3400,99.7037
ONEQ,2026-07-31T18:05:00+00:00,2026-07-31T18:10:00+00:00,99.695,99.79,99.695,99.7699,2567,99.7516
ONEQ,2026-07-31T18:10:00+00:00,2026-07-31T18:15:00+00:00,99.75,99.75,99.67,99.705,5004,99.7083
ONEQ,2026-07-31T18:15:00+00:00,2026-07-31T18:20:00+00:00,99.715,99.79,99.715,99.7615,3164,99.7555
ONEQ,2026-07-31T18:20:00+00:00,2026-07-31T18:25:00+00:00,99.77,99.84,99.77,99.8,9120,99.8033
ONEQ,2026-07-31T18:25:00+00:00,2026-07-31T18:30:00+00:00,99.785,99.785,99.785,99.785,673,99.785
ONEQ,2026-07-31T18:30:00+00:00,2026-07-31T18:35:00+00:00,99.7814,99.7814,99.7814,99.7814,157,99.7814
ONEQ,2026-07-31T18:35:00+00:00,2026-07-31T18:40:00+00:00,99.76,99.7699,99.74,99.74,2411,99.75
ONEQ,2026-07-31T18:40:00+00:00,2026-07-31T18:45:00+00:00,99.76,99.8025,99.76,99.8025,665,99.7883
ONEQ,2026-07-31T18:45:00+00:00,2026-07-31T18:50:00+00:00,99.7799,99.7799,99.7517,99.7517,524,99.7611
ONEQ,2026-07-31T18:50:00+00:00,2026-07-31T18:55:00+00:00,99.88,99.88,99.83,99.84,2702,99.85
ONEQ,2026-07-31T18:55:00+00:00,2026-07-31T19:00:00+00:00,99.8,99.8,99.7649,99.8,1461,99.7883
ONEQ,2026-07-31T19:00:00+00:00,2026-07-31T19:05:00+00:00,99.82,99.82,99.79,99.79,393,99.8
ONEQ,2026-07-31T19:05:00+00:00,2026-07-31T19:10:00+00:00,99.75,99.75,99.72,99.72,772,99.73
ONEQ,2026-07-31T19:10:00+00:00,2026-07-31T19:15:00+00:00,99.805,99.805,99.8,99.8,967,99.8017
ONEQ,2026-07-31T19:15:00+00:00,2026-07-31T19:20:00+00:00,99.85,100.0,99.845,100.0,12709,99.9483
ONEQ,2026-07-31T19:20:00+00:00,2026-07-31T19:25:00+00:00,99.995,100.045,99.995,100.045,3631,100.0283
ONEQ,2026-07-31T19:25:00+00:00,2026-07-31T19:30:00+00:00,99.9505,99.9887,99.9505,99.9887,2498,99.976
ONEQ,2026-07-31T19:30:00+00:00,2026-07-31T19:35:00+00:00,99.9034,99.93,99.9,99.91,4903,99.9133
ONEQ,2026-07-31T19:35:00+00:00,2026-07-31T19:40:00+00:00,99.9501,100.03,99.95,99.99,4396,99.99
ONEQ,2026-07-31T19:40:00+00:00,2026-07-31T19:45:00+00:00,99.98,100.06,99.935,100.06,2666,100.0183
ONEQ,2026-07-31T19:45:00+00:00,2026-07-31T19:50:00+00:00,100.0701,100.2,100.07,100.2,4331,100.1567
ONEQ,2026-07-31T19:50:00+00:00,2026-07-31T19:55:00+00:00,100.16,100.28,100.0408,100.2,4822,100.1736
ONEQ,2026-07-31T19:55:00+00:00,2026-07-31T20:00:00+00:00,100.1101,100.2,100.09,100.2,2113,100.1633
ONEQ,2026-08-03T13:30:00+00:00,2026-08-03T13:35:00+00:00,100.1676,100.4766,100.145,100.43,43370,100.3505
ONEQ,2026-08-03T13:35:00+00:00,2026-08-03T13:40:00+00:00,100.49,100.83,100.49,100.8,3842,100.7067
ONEQ,2026-08-03T13:40:00+00:00,2026-08-03T13:45:00+00:00,100.74,100.9,100.6501,100.9,24296,100.8167
ONEQ,2026-08-03T13:45:00+00:00,2026-08-03T13:50:00+00:00,100.82,100.92,100.6501,100.875,4747,100.815
ONEQ,2026-08-03T13:50:00+00:00,2026-08-03T13:55:00+00:00,100.855,100.99,100.8451,100.9553,18593,100.9301
ONEQ,2026-08-03T13:55:00+00:00,2026-08-03T14:00:00+00:00,100.97,101.24,100.97,101.2,9370,101.1367
ONEQ,2026-08-03T14:00:00+00:00,2026-08-03T14:05:00+00:00,101.1115,101.175,101.03,101.1,1940,101.1017
ONEQ,2026-08-03T14:05:00+00:00,2026-08-03T14:10:00+00:00,101.0781,101.22,101.0781,101.1899,2735,101.1627
ONEQ,2026-08-03T14:10:00+00:00,2026-08-03T14:15:00+00:00,101.2172,101.2772,101.1801,101.1801,8268,101.2125
ONEQ,2026-08-03T14:15:00+00:00,2026-08-03T14:20:00+00:00,101.1934,101.34,101.1934,101.325,3790,101.2861
ONEQ,2026-08-03T14:20:00+00:00,2026-08-03T14:25:00+00:00,101.3,101.4,101.2901,101.4,4912,101.3634
ONEQ,2026-08-03T14:25:00+00:00,2026-08-03T14:30:00+00:00,101.31,101.42,101.31,101.42,2716,101.3833
ONEQ,2026-08-03T14:30:00+00:00,2026-08-03T14:35:00+00:00,101.34,101.41,101.34,101.41,1524,101.3867
ONEQ,2026-08-03T14:35:00+00:00,2026-08-03T14:40:00+00:00,101.45,101.5,101.45,101.48,2373,101.4767
ONEQ,2026-08-03T14:40:00+00:00,2026-08-03T14:45:00+00:00,101.55,101.58,101.545,101.563,6451,101.5627
ONEQ,2026-08-03T14:45:00+00:00,2026-08-03T14:50:00+00:00,101.55,101.6,101.52,101.57,2237,101.5633
ONEQ,2026-08-03T14:50:00+00:00,2026-08-03T14:55:00+00:00,101.57,101.68,101.57,101.68,7044,101.6433
ONEQ,2026-08-03T14:55:00+00:00,2026-08-03T15:00:00+00:00,101.71,101.75,101.71,101.73,5279,101.73
ONEQ,2026-08-03T15:00:00+00:00,2026-08-03T15:05:00+00:00,101.745,101.7598,101.72,101.7201,2152,101.7333
ONEQ,2026-08-03T15:05:00+00:00,2026-08-03T15:10:00+00:00,101.68,101.74,101.6573,101.665,6710,101.6874
ONEQ,2026-08-03T15:10:00+00:00,2026-08-03T15:15:00+00:00,101.63,101.7,101.62,101.7,8183,101.6733
ONEQ,2026-08-03T15:15:00+00:00,2026-08-03T15:20:00+00:00,101.7162,101.75,101.715,101.74,3171,101.735
ONEQ,2026-08-03T15:20:00+00:00,2026-08-03T15:25:00+00:00,101.75,101.76,101.72,101.72,3249,101.7333
ONEQ,2026-08-03T15:25:00+00:00,2026-08-03T15:30:00+00:00,101.8,101.85,101.72,101.72,12387,101.7633
ONEQ,2026-08-03T15:30:00+00:00,2026-08-03T15:35:00+00:00,101.71,101.71,101.71,101.71,585,101.71
ONEQ,2026-08-03T15:35:00+00:00,2026-08-03T15:40:00+00:00,101.8,101.8,101.71,101.71,5079,101.74
ONEQ,2026-08-03T15:40:00+00:00,2026-08-03T15:45:00+00:00,101.77,101.83,101.77,101.82,10898,101.8067
ONEQ,2026-08-03T15:45:00+00:00,2026-08-03T15:50:00+00:00,101.83,101.83,101.7723,101.82,7633,101.8074
ONEQ,2026-08-03T15:50:00+00:00,2026-08-03T15:55:00+00:00,101.79,101.875,101.79,101.875,2572,101.8467
ONEQ,2026-08-03T15:55:00+00:00,2026-08-03T16:00:00+00:00,101.88,101.9,101.82,101.855,5364,101.8583
ONEQ,2026-08-03T16:00:00+00:00,2026-08-03T16:05:00+00:00,101.89,101.9,101.86,101.9,1838,101.8867
ONEQ,2026-08-03T16:05:00+00:00,2026-08-03T16:10:00+00:00,101.89,101.89,101.865,101.865,1496,101.8733
ONEQ,2026-08-03T16:10:00+00:00,2026-08-03T16:15:00+00:00,101.85,101.9299,101.85,101.9299,1073,101.9033
ONEQ,2026-08-03T16:15:00+00:00,2026-08-03T16:20:00+00:00,101.8805,101.9063,101.8805,101.9063,1550,101.8977
ONEQ,2026-08-03T16:20:00+00:00,2026-08-03T16:25:00+00:00,101.96,101.97,101.95,101.952,4564,101.9573
ONEQ,2026-08-03T16:25:00+00:00,2026-08-03T16:30:00+00:00,101.9551,101.99,101.9551,101.9801,2457,101.9751
ONEQ,2026-08-03T16:30:00+00:00,2026-08-03T16:35:00+00:00,101.98,102.0188,101.94,102.0188,12734,101.9925
ONEQ,2026-08-03T16:35:00+00:00,2026-08-03T16:40:00+00:00,101.985,102.01,101.94,101.94,1930,101.9633
ONEQ,2026-08-03T16:40:00+00:00,2026-08-03T16:45:00+00:00,101.97,102.0199,101.97,102.0199,1685,102.0033
ONEQ,2026-08-03T16:45:00+00:00,2026-08-03T16:50:00+00:00,101.98,101.99,101.98,101.9899,953,101.9866
ONEQ,2026-08-03T16:50:00+00:00,2026-08-03T16:55:00+00:00,101.94,102.0,101.92,101.95,1108,101.9567
ONEQ,2026-08-03T16:55:00+00:00,2026-08-03T17:00:00+00:00,101.95,101.98,101.93,101.93,1563,101.9467
ONEQ,2026-08-03T17:00:00+00:00,2026-08-03T17:05:00+00:00,101.9423,101.95,101.92,101.95,1042,101.94
ONEQ,2026-08-03T17:05:00+00:00,2026-08-03T17:10:00+00:00,101.92,101.94,101.91,101.94,42231,101.93
ONEQ,2026-08-03T17:10:00+00:00,2026-08-03T17:15:00+00:00,102.01,102.013,101.98,101.98,2700,101.991
ONEQ,2026-08-03T17:15:00+00:00,2026-08-03T17:20:00+00:00,102.01,102.05,101.99,102.0236,4722,102.0212
ONEQ,2026-08-03T17:20:00+00:00,2026-08-03T17:25:00+00:00,102.1,102.1,102.1,102.1,643,102.1
ONEQ,2026-08-03T17:25:00+00:00,2026-08-03T17:30:00+00:00,102.07,102.14,102.07,102.09,4664,102.1
ONEQ,2026-08-03T17:30:00+00:00,2026-08-03T17:35:00+00:00,102.115,102.14,102.09,102.11,4700,102.1133
ONEQ,2026-08-03T17:35:00+00:00,2026-08-03T17:40:00+00:00,102.11,102.1275,102.11,102.1116,1696,102.1164
ONEQ,2026-08-03T17:40:00+00:00,2026-08-03T17:45:00+00:00,102.1,102.11,102.05,102.11,5964,102.09
ONEQ,2026-08-03T17:45:00+00:00,2026-08-03T17:50:00+00:00,102.1042,102.13,102.09,102.11,5683,102.11
ONEQ,2026-08-03T17:50:00+00:00,2026-08-03T17:55:00+00:00,102.105,102.13,102.0501,102.1087,6154,102.0963
ONEQ,2026-08-03T17:55:00+00:00,2026-08-03T18:00:00+00:00,102.13,102.18,102.13,102.18,6899,102.1633
ONEQ,2026-08-03T18:00:00+00:00,2026-08-03T18:05:00+00:00,102.165,102.205,102.165,102.205,755,102.1917
ONEQ,2026-08-03T18:05:00+00:00,2026-08-03T18:10:00+00:00,102.28,102.28,102.21,102.245,6589,102.245
ONEQ,2026-08-03T18:10:00+00:00,2026-08-03T18:15:00+00:00,102.24,102.2585,102.215,102.25,3850,102.2412
ONEQ,2026-08-03T18:15:00+00:00,2026-08-03T18:20:00+00:00,102.23,102.29,102.225,102.225,3846,102.2467
ONEQ,2026-08-03T18:20:00+00:00,2026-08-03T18:25:00+00:00,102.16,102.2127,102.16,102.19,5967,102.1876
ONEQ,2026-08-03T18:25:00+00:00,2026-08-03T18:30:00+00:00,102.16,102.16,102.14,102.15,3299,102.15
ONEQ,2026-08-03T18:30:00+00:00,2026-08-03T18:35:00+00:00,102.08,102.11,102.08,102.09,1670,102.0933
ONEQ,2026-08-03T18:35:00+00:00,2026-08-03T18:40:00+00:00,102.08,102.14,102.08,102.13,1024,102.1167
ONEQ,2026-08-03T18:40:00+00:00,2026-08-03T18:45:00+00:00,102.11,102.1799,102.11,102.1799,2017,102.1566
ONEQ,2026-08-03T18:45:00+00:00,2026-08-03T18:50:00+00:00,102.1872,102.22,102.155,102.18,3901,102.185
ONEQ,2026-08-03T18:50:00+00:00,2026-08-03T18:55:00+00:00,102.21,102.2299,102.18,102.2,9969,102.2033
ONEQ,2026-08-03T18:55:00+00:00,2026-08-03T19:00:00+00:00,102.1801,102.22,102.1801,102.19,3595,102.1967
ONEQ,2026-08-03T19:00:00+00:00,2026-08-03T19:05:00+00:00,102.205,102.3,102.205,102.24,7976,102.2483
ONEQ,2026-08-03T19:05:00+00:00,2026-08-03T19:10:00+00:00,102.25,102.25,102.175,102.175,7273,102.2
ONEQ,2026-08-03T19:10:00+00:00,2026-08-03T19:15:00+00:00,102.18,102.18,102.15,102.16,3438,102.1633
ONEQ,2026-08-03T19:15:00+00:00,2026-08-03T19:20:00+00:00,102.13,102.2,102.13,102.195,3372,102.175
ONEQ,2026-08-03T19:20:00+00:00,2026-08-03T19:25:00+00:00,102.195,102.22,102.1562,102.18,63234,102.1854
ONEQ,2026-08-03T19:25:00+00:00,2026-08-03T19:30:00+00:00,102.21,102.22,102.18,102.2,13483,102.2
ONEQ,2026-08-03T19:30:00+00:00,2026-08-03T19:35:00+00:00,102.22,102.23,102.14,102.2,57140,102.19
ONEQ,2026-08-03T19:35:00+00:00,2026-08-03T19:40:00+00:00,102.2,102.22,102.1601,102.17,13388,102.1834
ONEQ,2026-08-03T19:40:00+00:00,2026-08-03T19:45:00+00:00,102.15,102.18,102.1001,102.16,4430,102.1467
ONEQ,2026-08-03T19:45:00+00:00,2026-08-03T19:50:00+00:00,102.16,102.18,102.12,102.18,6010,102.16
ONEQ,2026-08-03T19:50:00+00:00,2026-08-03T19:55:00+00:00,102.2999,102.2999,102.075,102.075,5492,102.15
ONEQ,2026-08-03T19:55:00+00:00,2026-08-03T20:00:00+00:00,102.085,102.1399,102.01,102.08,11659,102.0766
ONEQ,2026-08-04T13:30:00+00:00,2026-08-04T13:35:00+00:00,102.75,103.25,102.734,103.25,28286,103.078
ONEQ,2026-08-04T13:35:00+00:00,2026-08-04T13:40:00+00:00,103.26,103.375,103.25,103.29,4357,103.305
ONEQ,2026-08-04T13:40:00+00:00,2026-08-04T13:45:00+00:00,103.3499,103.35,103.26,103.26,8722,103.29
ONEQ,2026-08-04T13:45:00+00:00,2026-08-04T13:50:00+00:00,103.39,103.3999,103.375,103.39,3090,103.3883
ONEQ,2026-08-04T13:50:00+00:00,2026-08-04T13:55:00+00:00,103.3201,103.5,103.3201,103.5,16654,103.44
ONEQ,2026-08-04T13:55:00+00:00,2026-08-04T14:00:00+00:00,103.51,103.51,103.24,103.335,4411,103.3617
ONEQ,2026-08-04T14:00:00+00:00,2026-08-04T14:05:00+00:00,103.2465,103.52,103.2465,103.48,3972,103.4155
ONEQ,2026-08-04T14:05:00+00:00,2026-08-04T14:10:00+00:00,103.5,103.67,103.5,103.66,9052,103.61
ONEQ,2026-08-04T14:10:00+00:00,2026-08-04T14:15:00+00:00,103.64,103.72,103.64,103.695,4937,103.685
ONEQ,2026-08-04T14:15:00+00:00,2026-08-04T14:20:00+00:00,103.715,103.76,103.64,103.66,5184,103.6867
ONEQ,2026-08-04T14:20:00+00:00,2026-08-04T14:25:00+00:00,103.61,103.64,103.54,103.605,3146,103.595
ONEQ,2026-08-04T14:25:00+00:00,2026-08-04T14:30:00+00:00,103.62,103.76,103.62,103.7527,3460,103.7109
ONEQ,2026-08-04T14:30:00+00:00,2026-08-04T14:35:00+00:00,103.68,103.73,103.6,103.73,27207,103.6867
ONEQ,2026-08-04T14:35:00+00:00,2026-08-04T14:40:00+00:00,103.7397,103.74,103.65,103.65,4702,103.68
ONEQ,2026-08-04T14:40:00+00:00,2026-08-04T14:45:00+00:00,103.6905,103.76,103.6905,103.76,2274,103.7368
ONEQ,2026-08-04T14:45:00+00:00,2026-08-04T14:50:00+00:00,103.74,103.79,103.73,103.735,3823,103.7517
ONEQ,2026-08-04T14:50:00+00:00,2026-08-04T14:55:00+00:00,103.6601,103.74,103.6601,103.74,7439,103.7134
ONEQ,2026-08-04T14:55:00+00:00,2026-08-04T15:00:00+00:00,103.675,103.73,103.67,103.73,1992,103.71
ONEQ,2026-08-04T15:00:00+00:00,2026-08-04T15:05:00+00:00,103.7694,103.8699,103.7694,103.83,4140,103.8231
ONEQ,2026-08-04T15:05:00+00:00,2026-08-04T15:10:00+00:00,103.835,103.8499,103.835,103.8499,739,103.8449
ONEQ,2026-08-04T15:10:00+00:00,2026-08-04T15:15:00+00:00,103.8799,103.96,103.85,103.915,6390,103.9083
ONEQ,2026-08-04T15:15:00+00:00,2026-08-04T15:20:00+00:00,103.9399,103.95,103.92,103.94,5897,103.9367
ONEQ,2026-08-04T15:20:00+00:00,2026-08-04T15:25:00+00:00,103.96,104.05,103.96,104.0444,6754,104.0181
ONEQ,2026-08-04T15:25:00+00:00,2026-08-04T15:30:00+00:00,104.05,104.0599,103.95,103.95,9848,103.9866
ONEQ,2026-08-04T15:30:00+00:00,2026-08-04T15:35:00+00:00,103.975,104.01,103.92,103.92,7719,103.95
ONEQ,2026-08-04T15:35:00+00:00,2026-08-04T15:40:00+00:00,103.965,104.08,103.965,104.08,1653,104.0417
ONEQ,2026-08-04T15:40:00+00:00,2026-08-04T15:45:00+00:00,104.0651,104.12,104.05,104.08,1836,104.0833
ONEQ,2026-08-04T15:45:00+00:00,2026-08-04T15:50:00+00:00,104.1423,104.175,104.12,104.14,8265,104.145
ONEQ,2026-08-04T15:50:00+00:00,2026-08-04T15:55:00+00:00,104.135,104.205,104.105,104.105,6014,104.1383
ONEQ,2026-08-04T15:55:00+00:00,2026-08-04T16:00:00+00:00,104.11,104.145,104.0978,104.13,8376,104.1243
ONEQ,2026-08-04T16:00:00+00:00,2026-08-04T16:05:00+00:00,104.159,104.17,104.13,104.165,4218,104.155
ONEQ,2026-08-04T16:05:00+00:00,2026-08-04T16:10:00+00:00,104.19,104.2,104.12,104.12,9102,104.1467
ONEQ,2026-08-04T16:10:00+00:00,2026-08-04T16:15:00+00:00,104.12,104.15,104.11,104.11,1553,104.1233
ONEQ,2026-08-04T16:15:00+00:00,2026-08-04T16:20:00+00:00,104.1315,104.18,104.0987,104.17,2357,104.1496
ONEQ,2026-08-04T16:20:00+00:00,2026-08-04T16:25:00+00:00,104.235,104.28,104.235,104.2799,21933,104.265
ONEQ,2026-08-04T16:25:00+00:00,2026-08-04T16:30:00+00:00,104.24,104.2563,104.22,104.22,3085,104.2321
ONEQ,2026-08-04T16:30:00+00:00,2026-08-04T16:35:00+00:00,104.21,104.23,104.21,104.23,2654,104.2233
ONEQ,2026-08-04T16:35:00+00:00,2026-08-04T16:40:00+00:00,104.27,104.2701,104.25,104.25,965,104.2567
ONEQ,2026-08-04T16:40:00+00:00,2026-08-04T16:45:00+00:00,104.23,104.27,104.23,104.27,1551,104.2567
ONEQ,2026-08-04T16:45:00+00:00,2026-08-04T16:50:00+00:00,104.33,104.33,104.33,104.33,3642,104.33
ONEQ,2026-08-04T16:50:00+00:00,2026-08-04T16:55:00+00:00,104.32,104.335,104.32,104.335,993,104.33
ONEQ,2026-08-04T16:55:00+00:00,2026-08-04T17:00:00+00:00,104.34,104.34,104.33,104.33,3061,104.3333
ONEQ,2026-08-04T17:00:00+00:00,2026-08-04T17:05:00+00:00,104.3651,104.5,104.3651,104.5,1480,104.455
ONEQ,2026-08-04T17:05:00+00:00,2026-08-04T17:10:00+00:00,104.51,104.5555,104.49,104.535,4348,104.5268
ONEQ,2026-08-04T17:10:00+00:00,2026-08-04T17:15:00+00:00,104.56,104.57,104.5252,104.55,1537,104.5484
ONEQ,2026-08-04T17:15:00+00:00,2026-08-04T17:20:00+00:00,104.599,104.6123,104.59,104.59,9302,104.5974
ONEQ,2026-08-04T17:20:00+00:00,2026-08-04T17:25:00+00:00,104.57,104.6025,104.57,104.6025,1651,104.5917
ONEQ,2026-08-04T17:25:00+00:00,2026-08-04T17:30:00+00:00,104.6,104.655,104.6,104.63,2558,104.6283
ONEQ,2026-08-04T17:30:00+00:00,2026-08-04T17:35:00+00:00,104.65,104.655,104.6101,104.655,2010,104.64
ONEQ,2026-08-04T17:35:00+00:00,2026-08-04T17:40:00+00:00,104.66,104.74,104.6301,104.74,9201,104.7034
ONEQ,2026-08-04T17:40:00+00:00,2026-08-04T17:45:00+00:00,104.76,104.84,104.76,104.84,5362,104.8133
ONEQ,2026-08-04T17:45:00+00:00,2026-08-04T17:50:00+00:00,104.84,104.88,104.84,104.88,1647,104.8667
ONEQ,2026-08-04T17:50:00+00:00,2026-08-04T17:55:00+00:00,104.85,104.85,104.71,104.77,5859,104.7767
ONEQ,2026-08-04T17:55:00+00:00,2026-08-04T18:00:00+00:00,104.77,104.8427,104.77,104.805,5473,104.8059
ONEQ,2026-08-04T18:00:00+00:00,2026-08-04T18:05:00+00:00,104.71,104.8099,104.69,104.69,10965,104.73
ONEQ,2026-08-04T18:05:00+00:00,2026-08-04T18:10:00+00:00,104.71,104.7525,104.71,104.73,5894,104.7308
ONEQ,2026-08-04T18:10:00+00:00,2026-08-04T18:15:00+00:00,104.78,104.8013,104.74,104.74,1083,104.7604
ONEQ,2026-08-04T18:15:00+00:00,2026-08-04T18:20:00+00:00,104.89,104.89,104.81,104.88,5166,104.86
ONEQ,2026-08-04T18:20:00+00:00,2026-08-04T18:25:00+00:00,104.86,104.9,104.845,104.86,7442,104.8683
ONEQ,2026-08-04T18:25:00+00:00,2026-08-04T18:30:00+00:00,104.87,104.8899,104.855,104.885,12347,104.8766
ONEQ,2026-08-04T18:30:00+00:00,2026-08-04T18:35:00+00:00,104.93,104.93,104.93,104.93,742,104.93
ONEQ,2026-08-04T18:35:00+00:00,2026-08-04T18:40:00+00:00,104.895,104.895,104.82,104.83,28614,104.8483
ONEQ,2026-08-04T18:40:00+00:00,2026-08-04T18:45:00+00:00,104.86,104.86,104.7676,104.84,7083,104.8225
ONEQ,2026-08-04T18:45:00+00:00,2026-08-04T18:50:00+00:00,104.82,104.945,104.82,104.91,86112,104.8917
ONEQ,2026-08-04T18:50:00+00:00,2026-08-04T18:55:00+00:00,104.93,104.9499,104.89,104.89,9842,104.91
ONEQ,2026-08-04T18:55:00+00:00,2026-08-04T19:00:00+00:00,104.93,104.93,104.8501,104.92,2331,104.9
ONEQ,2026-08-04T19:00:00+00:00,2026-08-04T19:05:00+00:00,104.88,105.0299,104.88,104.98,15344,104.9633
ONEQ,2026-08-04T19:05:00+00:00,2026-08-04T19:10:00+00:00,105.0,105.01,104.9772,105.005,2327,104.9974
ONEQ,2026-08-04T19:10:00+00:00,2026-08-04T19:15:00+00:00,105.02,105.04,104.9999,105.03,7443,105.0233
ONEQ,2026-08-04T19:15:00+00:00,2026-08-04T19:20:00+00:00,105.035,105.08,105.02,105.03,15250,105.0433
ONEQ,2026-08-04T19:20:00+00:00,2026-08-04T19:25:00+00:00,105.02,105.02,105.01,105.01,2802,105.0133
ONEQ,2026-08-04T19:25:00+00:00,2026-08-04T19:30:00+00:00,105.03,105.03,104.87,104.87,5660,104.9233
ONEQ,2026-08-04T19:30:00+00:00,2026-08-04T19:35:00+00:00,104.93,104.96,104.89,104.9401,4971,104.93
ONEQ,2026-08-04T19:35:00+00:00,2026-08-04T19:40:00+00:00,104.965,105.03,104.965,105.0,8510,104.9983
ONEQ,2026-08-04T19:40:00+00:00,2026-08-04T19:45:00+00:00,104.98,105.1,104.98,105.098,44767,105.0593
ONEQ,2026-08-04T19:45:00+00:00,2026-08-04T19:50:00+00:00,105.1,105.14,104.985,104.985,26318,105.0367
ONEQ,2026-08-04T19:50:00+00:00,2026-08-04T19:55:00+00:00,104.84,105.0399,104.81,104.81,17217,104.8866
ONEQ,2026-08-04T19:55:00+00:00,2026-08-04T20:00:00+00:00,104.8352,104.85,104.7209,104.78,19652,104.7836
ONEQ,2026-08-05T13:30:00+00:00,2026-08-05T13:35:00+00:00,105.16,105.4052,105.04,105.255,27498,105.2334
ONEQ,2026-08-05T13:35:00+00:00,2026-08-05T13:40:00+00:00,105.1846,105.21,104.99,105.11,4362,105.1033
ONEQ,2026-08-05T13:40:00+00:00,2026-08-05T13:45:00+00:00,105.39,105.39,105.26,105.33,6261,105.3267
ONEQ,2026-08-05T13:45:00+00:00,2026-08-05T13:50:00+00:00,105.245,105.33,105.12,105.22,10019,105.2233
ONEQ,2026-08-05T13:50:00+00:00,2026-08-05T13:55:00+00:00,105.21,105.27,105.05,105.06,6208,105.1267
ONEQ,2026-08-05T13:55:00+00:00,2026-08-05T14:00:00+00:00,105.15,105.35,105.0501,105.2608,9937,105.2203
ONEQ,2026-08-05T14:00:00+00:00,2026-08-05T14:05:00+00:00,105.05,105.15,104.93,105.02,10922,105.0333
ONEQ,2026-08-05T14:05:00+00:00,2026-08-05T14:10:00+00:00,105.175,105.27,105.15,105.21,6965,105.21
ONEQ,2026-08-05T14:10:00+00:00,2026-08-05T14:15:00+00:00,105.215,105.25,105.165,105.235,9200,105.2167
ONEQ,2026-08-05T14:15:00+00:00,2026-08-05T14:20:00+00:00,105.305,105.31,105.255,105.255,1208,105.2733
ONEQ,2026-08-05T14:20:00+00:00,2026-08-05T14:25:00+00:00,105.1,105.23,105.085,105.085,6337,105.1333
ONEQ,2026-08-05T14:25:00+00:00,2026-08-05T14:30:00+00:00,105.2,105.28,105.16,105.16,2201,105.2
ONEQ,2026-08-05T14:30:00+00:00,2026-08-05T14:35:00+00:00,105.0,105.06,104.88,105.06,5588,105.0
ONEQ,2026-08-05T14:35:00+00:00,2026-08-05T14:40:00+00:00,105.039,105.07,104.85,104.88,5307,104.9333
ONEQ,2026-08-05T14:40:00+00:00,2026-08-05T14:45:00+00:00,104.835,104.96,104.78,104.93,3203,104.89
ONEQ,2026-08-05T14:45:00+00:00,2026-08-05T14:50:00+00:00,104.86,104.9899,104.86,104.95,1827,104.9333
ONEQ,2026-08-05T14:50:00+00:00,2026-08-05T14:55:00+00:00,104.92,104.92,104.76,104.76,2355,104.8133
ONEQ,2026-08-05T14:55:00+00:00,2026-08-05T15:00:00+00:00,104.73,104.9,104.73,104.81,3136,104.8133
ONEQ,2026-08-05T15:00:00+00:00,2026-08-05T15:05:00+00:00,104.87,104.87,104.87,104.87,885,104.87
ONEQ,2026-08-05T15:05:00+00:00,2026-08-05T15:10:00+00:00,104.88,104.98,104.87,104.97,5388,104.94
ONEQ,2026-08-05T15:10:00+00:00,2026-08-05T15:15:00+00:00,104.915,104.915,104.83,104.83,4415,104.8583
ONEQ,2026-08-05T15:15:00+00:00,2026-08-05T15:20:00+00:00,104.75,104.75,104.565,104.69,2971,104.6683
ONEQ,2026-08-05T15:20:00+00:00,2026-08-05T15:25:00+00:00,104.73,104.83,104.72,104.78,3108,104.7767
ONEQ,2026-08-05T15:25:00+00:00,2026-08-05T15:30:00+00:00,104.64,104.69,104.64,104.65,769,104.66
ONEQ,2026-08-05T15:30:00+00:00,2026-08-05T15:35:00+00:00,104.705,104.81,104.66,104.7,3011,104.7233
ONEQ,2026-08-05T15:35:00+00:00,2026-08-05T15:40:00+00:00,104.675,104.73,104.675,104.7225,4845,104.7092
ONEQ,2026-08-05T15:40:00+00:00,2026-08-05T15:45:00+00:00,104.71,104.77,104.61,104.62,2758,104.6667
ONEQ,2026-08-05T15:45:00+00:00,2026-08-05T15:50:00+00:00,104.585,104.6199,104.56,104.56,2638,104.58
ONEQ,2026-08-05T15:50:00+00:00,2026-08-05T15:55:00+00:00,104.5,104.51,104.43,104.48,7188,104.4733
ONEQ,2026-08-05T15:55:00+00:00,2026-08-05T16:00:00+00:00,104.45,104.45,104.3,104.35,2843,104.3667
ONEQ,2026-08-05T16:00:00+00:00,2026-08-05T16:05:00+00:00,104.35,104.35,104.15,104.28,9231,104.26
ONEQ,2026-08-05T16:05:00+00:00,2026-08-05T16:10:00+00:00,104.265,104.265,104.04,104.04,3859,104.115
ONEQ,2026-08-05T16:10:00+00:00,2026-08-05T16:15:00+00:00,104.02,104.07,104.02,104.06,819,104.05
ONEQ,2026-08-05T16:15:00+00:00,2026-08-05T16:20:00+00:00,104.095,104.2356,104.095,104.19,4262,104.1735
ONEQ,2026-08-05T16:20:00+00:00,2026-08-05T16:25:00+00:00,104.345,104.39,104.345,104.39,1015,104.375
ONEQ,2026-08-05T16:25:00+00:00,2026-08-05T16:30:00+00:00,104.3546,104.52,104.3546,104.52,7293,104.4649
ONEQ,2026-08-05T16:30:00+00:00,2026-08-05T16:35:00+00:00,104.5,104.5,104.3151,104.35,2440,104.3884
ONEQ,2026-08-05T16:35:00+00:00,2026-08-05T16:40:00+00:00,104.33,104.33,104.33,104.33,373,104.33
ONEQ,2026-08-05T16:40:00+00:00,2026-08-05T16:45:00+00:00,104.44,104.44,104.37,104.37,634,104.3933
ONEQ,2026-08-05T16:45:00+00:00,2026-08-05T16:50:00+00:00,104.4199,104.4199,104.4199,104.4199,7973,104.4199
ONEQ,2026-08-05T16:50:00+00:00,2026-08-05T16:55:00+00:00,104.445,104.445,104.445,104.445,207,104.445
ONEQ,2026-08-05T16:55:00+00:00,2026-08-05T17:00:00+00:00,104.46,104.49,104.42,104.46,3204,104.4567
ONEQ,2026-08-05T17:00:00+00:00,2026-08-05T17:05:00+00:00,104.45,104.5,104.34,104.34,4800,104.3933
ONEQ,2026-08-05T17:05:00+00:00,2026-08-05T17:10:00+00:00,104.38,104.38,104.26,104.26,5677,104.3
ONEQ,2026-08-05T17:10:00+00:00,2026-08-05T17:15:00+00:00,104.25,104.25,104.25,104.25,520,104.25
ONEQ,2026-08-05T17:15:00+00:00,2026-08-05T17:20:00+00:00,104.285,104.38,104.26,104.26,4020,104.3
ONEQ,2026-08-05T17:20:00+00:00,2026-08-05T17:25:00+00:00,104.2601,104.305,104.22,104.22,2805,104.2483
ONEQ,2026-08-05T17:25:00+00:00,2026-08-05T17:30:00+00:00,104.275,104.3,104.26,104.3,981,104.2867
ONEQ,2026-08-05T17:30:00+00:00,2026-08-05T17:35:00+00:00,104.25,104.25,104.25,104.25,847,104.25
ONEQ,2026-08-05T17:35:00+00:00,2026-08-05T17:40:00+00:00,104.33,104.33,104.262,104.262,1274,104.2847
ONEQ,2026-08-05T17:40:00+00:00,2026-08-05T17:45:00+00:00,104.3085,104.3085,104.3085,104.3085,2131,104.3085
ONEQ,2026-08-05T17:45:00+00:00,2026-08-05T17:50:00+00:00,104.29,104.29,104.28,104.28,445,104.2833
ONEQ,2026-08-05T17:50:00+00:00,2026-08-05T17:55:00+00:00,104.28,104.28,104.2501,104.275,1961,104.2684
ONEQ,2026-08-05T17:55:00+00:00,2026-08-05T18:00:00+00:00,104.255,104.255,104.255,104.255,836,104.255
ONEQ,2026-08-05T18:00:00+00:00,2026-08-05T18:05:00+00:00,104.2414,104.2414,104.2414,104.2414,302,104.2414
ONEQ,2026-08-05T18:05:00+00:00,2026-08-05T18:10:00+00:00,104.295,104.295,104.2595,104.2595,1731,104.2713
ONEQ,2026-08-05T18:10:00+00:00,2026-08-05T18:15:00+00:00,104.3,104.3,104.275,104.275,646,104.2833
ONEQ,2026-08-05T18:15:00+00:00,2026-08-05T18:20:00+00:00,104.24,104.24,104.24,104.24,138,104.24
ONEQ,2026-08-05T18:20:00+00:00,2026-08-05T18:25:00+00:00,104.28,104.28,104.24,104.24,1111,104.2533
ONEQ,2026-08-05T18:25:00+00:00,2026-08-05T18:30:00+00:00,104.26,104.275,104.25,104.25,1952,104.2583
ONEQ,2026-08-05T18:30:00+00:00,2026-08-05T18:35:00+00:00,104.23,104.23,104.11,104.165,2490,104.1683
ONEQ,2026-08-05T18:35:00+00:00,2026-08-05T18:40:00+00:00,104.18,104.18,104.18,104.18,263,104.18
ONEQ,2026-08-05T18:40:00+00:00,2026-08-05T18:45:00+00:00,104.1646,104.19,104.1301,104.1301,1062,104.1501
ONEQ,2026-08-05T18:45:00+00:00,2026-08-05T18:50:00+00:00,104.18,104.23,104.18,104.23,634,104.2133
ONEQ,2026-08-05T18:50:00+00:00,2026-08-05T18:55:00+00:00,104.17,104.21,104.17,104.18,2892,104.1867
ONEQ,2026-08-05T19:00:00+00:00,2026-08-05T19:05:00+00:00,104.1,104.2099,104.1,104.175,3424,104.1616
ONEQ,2026-08-05T19:05:00+00:00,2026-08-05T19:10:00+00:00,104.23,104.24,104.2199,104.2199,4331,104.2266
ONEQ,2026-08-05T19:10:00+00:00,2026-08-05T19:15:00+00:00,104.25,104.28,104.25,104.2551,1215,104.2617
ONEQ,2026-08-05T19:15:00+00:00,2026-08-05T19:20:00+00:00,104.27,104.2851,104.25,104.2851,2012,104.2734
ONEQ,2026-08-05T19:20:00+00:00,2026-08-05T19:25:00+00:00,104.27,104.28,104.255,104.28,1196,104.2717
ONEQ,2026-08-05T19:25:00+00:00,2026-08-05T19:30:00+00:00,104.29,104.3,104.27,104.27,1414,104.28
ONEQ,2026-08-05T19:30:00+00:00,2026-08-05T19:35:00+00:00,104.23,104.23,104.191,104.191,4575,104.204
ONEQ,2026-08-05T19:35:00+00:00,2026-08-05T19:40:00+00:00,104.1856,104.1856,104.15,104.17,2403,104.1685
ONEQ,2026-08-05T19:45:00+00:00,2026-08-05T19:50:00+00:00,104.16,104.16,104.075,104.075,1556,104.1033
ONEQ,2026-08-05T19:50:00+00:00,2026-08-05T19:55:00+00:00,104.165,104.1914,104.165,104.1914,1204,104.1826
ONEQ,2026-08-05T19:55:00+00:00,2026-08-05T20:00:00+00:00,104.08,104.1048,103.88,103.88,10069,103.9549
ONEQ,2026-08-06T13:30:00+00:00,2026-08-06T13:35:00+00:00,103.615,103.615,103.27,103.37,17044,103.4183
ONEQ,2026-08-06T13:35:00+00:00,2026-08-06T13:40:00+00:00,103.57,103.95,103.5364,103.6247,5988,103.7037
ONEQ,2026-08-06T13:40:00+00:00,2026-08-06T13:45:00+00:00,103.62,103.88,103.62,103.74,5483,103.7467
ONEQ,2026-08-06T13:45:00+00:00,2026-08-06T13:50:00+00:00,103.85,103.9501,103.845,103.9501,1474,103.9151
ONEQ,2026-08-06T13:50:00+00:00,2026-08-06T13:55:00+00:00,104.0592,104.14,103.98,103.98,5348,104.0333
ONEQ,2026-08-06T13:55:00+00:00,2026-08-06T14:00:00+00:00,104.06,104.0999,104.02,104.055,3503,104.0583
ONEQ,2026-08-06T14:00:00+00:00,2026-08-06T14:05:00+00:00,104.09,104.09,103.98,104.0,1530,104.0233
ONEQ,2026-08-06T14:05:00+00:00,2026-08-06T14:10:00+00:00,104.0351,104.17,104.03,104.17,2503,104.1233
ONEQ,2026-08-06T14:10:00+00:00,2026-08-06T14:15:00+00:00,104.19,104.26,104.17,104.24,3247,104.2233
ONEQ,2026-08-06T14:15:00+00:00,2026-08-06T14:20:00+00:00,104.235,104.345,104.21,104.29,2403,104.2817
ONEQ,2026-08-06T14:20:00+00:00,2026-08-06T14:25:00+00:00,104.2373,104.3914,104.2373,104.315,5079,104.3146
ONEQ,2026-08-06T14:25:00+00:00,2026-08-06T14:30:00+00:00,104.27,104.2795,104.0542,104.0542,3693,104.1293
ONEQ,2026-08-06T14:30:00+00:00,2026-08-06T14:35:00+00:00,104.08,104.23,104.08,104.175,2142,104.1617
ONEQ,2026-08-06T14:35:00+00:00,2026-08-06T14:40:00+00:00,104.16,104.16,104.03,104.03,1877,104.0733
ONEQ,2026-08-06T14:40:00+00:00,2026-08-06T14:45:00+00:00,104.035,104.19,104.035,104.09,1725,104.105
ONEQ,2026-08-06T14:45:00+00:00,2026-08-06T14:50:00+00:00,104.08,104.08,103.975,104.05,2717,104.035
ONEQ,2026-08-06T14:50:00+00:00,2026-08-06T14:55:00+00:00,104.04,104.05,103.95,103.95,1513,103.9833
ONEQ,2026-08-06T14:55:00+00:00,2026-08-06T15:00:00+00:00,104.17,104.23,104.17,104.23,1598,104.21
ONEQ,2026-08-06T15:00:00+00:00,2026-08-06T15:05:00+00:00,104.16,104.16,104.1,104.1,559,104.12
ONEQ,2026-08-06T15:05:00+00:00,2026-08-06T15:10:00+00:00,104.2499,104.2499,104.2499,104.2499,959,104.2499
ONEQ,2026-08-06T15:10:00+00:00,2026-08-06T15:15:00+00:00,104.18,104.2392,104.12,104.12,2856,104.1597
ONEQ,2026-08-06T15:15:00+00:00,2026-08-06T15:20:00+00:00,104.1101,104.1101,104.0,104.0,828,104.0367
ONEQ,2026-08-06T15:20:00+00:00,2026-08-06T15:25:00+00:00,103.9337,103.96,103.8601,103.96,1428,103.9267
ONEQ,2026-08-06T15:25:00+00:00,2026-08-06T15:30:00+00:00,103.96,104.037,103.96,104.037,1775,104.0113
ONEQ,2026-08-06T15:30:00+00:00,2026-08-06T15:35:00+00:00,103.98,103.99,103.98,103.99,544,103.9867
ONEQ,2026-08-06T15:35:00+00:00,2026-08-06T15:40:00+00:00,103.9,103.99,103.84,103.84,1836,103.89
ONEQ,2026-08-06T15:40:00+00:00,2026-08-06T15:45:00+00:00,103.83,103.83,103.825,103.825,1470,103.8267
ONEQ,2026-08-06T15:45:00+00:00,2026-08-06T15:50:00+00:00,103.81,103.96,103.81,103.96,922,103.91
ONEQ,2026-08-06T15:50:00+00:00,2026-08-06T15:55:00+00:00,103.84,103.84,103.79,103.79,863,103.8067
ONEQ,2026-08-06T15:55:00+00:00,2026-08-06T16:00:00+00:00,103.7,103.825,103.69,103.75,1541,103.755
ONEQ,2026-08-06T16:00:00+00:00,2026-08-06T16:05:00+00:00,103.71,103.71,103.63,103.63,5402,103.6567
ONEQ,2026-08-06T16:05:00+00:00,2026-08-06T16:10:00+00:00,103.675,103.74,103.65,103.71,1218,103.7
ONEQ,2026-08-06T16:10:00+00:00,2026-08-06T16:15:00+00:00,103.7,103.7,103.67,103.67,635,103.68
ONEQ,2026-08-06T16:15:00+00:00,2026-08-06T16:20:00+00:00,103.5805,103.71,103.5805,103.71,2025,103.6668
ONEQ,2026-08-06T16:20:00+00:00,2026-08-06T16:25:00+00:00,103.69,103.73,103.65,103.65,1424,103.6767
ONEQ,2026-08-06T16:25:00+00:00,2026-08-06T16:30:00+00:00,103.62,103.62,103.62,103.62,359,103.62
ONEQ,2026-08-06T16:35:00+00:00,2026-08-06T16:40:00+00:00,103.6529,103.73,103.6374,103.6867,3249,103.6847
ONEQ,2026-08-06T16:40:00+00:00,2026-08-06T16:45:00+00:00,103.7647,103.7647,103.6599,103.6599,1985,103.6948
ONEQ,2026-08-06T16:45:00+00:00,2026-08-06T16:50:00+00:00,103.67,103.7399,103.67,103.68,2436,103.6966
ONEQ,2026-08-06T16:50:00+00:00,2026-08-06T16:55:00+00:00,103.685,103.78,103.685,103.78,633,103.7483
ONEQ,2026-08-06T16:55:00+00:00,2026-08-06T17:00:00+00:00,103.68,103.8299,103.68,103.76,1402,103.7566
ONEQ,2026-08-06T17:00:00+00:00,2026-08-06T17:05:00+00:00,103.8301,103.8301,103.8301,103.8301,673,103.8301
ONEQ,2026-08-06T17:05:00+00:00,2026-08-06T17:10:00+00:00,103.85,103.85,103.7941,103.7941,813,103.8127
ONEQ,2026-08-06T17:10:00+00:00,2026-08-06T17:15:00+00:00,103.81,103.81,103.79,103.79,708,103.7967
ONEQ,2026-08-06T17:15:00+00:00,2026-08-06T17:20:00+00:00,103.79,103.85,103.79,103.85,1160,103.83
ONEQ,2026-08-06T17:20:00+00:00,2026-08-06T17:25:00+00:00,103.795,103.81,103.795,103.81,839,103.805
ONEQ,2026-08-06T17:25:00+00:00,2026-08-06T17:30:00+00:00,103.84,103.84,103.84,103.84,257,103.84
ONEQ,2026-08-06T17:30:00+00:00,2026-08-06T17:35:00+00:00,103.79,103.79,103.79,103.79,448,103.79
ONEQ,2026-08-06T17:35:00+00:00,2026-08-06T17:40:00+00:00,103.79,103.79,103.75,103.785,1113,103.775
ONEQ,2026-08-06T17:40:00+00:00,2026-08-06T17:45:00+00:00,103.72,103.72,103.72,103.72,366,103.72
ONEQ,2026-08-06T17:45:00+00:00,2026-08-06T17:50:00+00:00,103.73,103.73,103.73,103.73,265,103.73
ONEQ,2026-08-06T17:50:00+00:00,2026-08-06T17:55:00+00:00,103.69,103.81,103.69,103.81,1176,103.77
ONEQ,2026-08-06T17:55:00+00:00,2026-08-06T18:00:00+00:00,103.795,103.81,103.795,103.81,216,103.805
ONEQ,2026-08-06T18:00:00+00:00,2026-08-06T18:05:00+00:00,103.8,103.86,103.7555,103.81,3925,103.8085
ONEQ,2026-08-06T18:05:00+00:00,2026-08-06T18:10:00+00:00,103.83,103.83,103.79,103.815,4153,103.8117
ONEQ,2026-08-06T18:10:00+00:00,2026-08-06T18:15:00+00:00,103.8499,103.87,103.785,103.87,1025,103.8417
ONEQ,2026-08-06T18:15:00+00:00,2026-08-06T18:20:00+00:00,103.8264,103.93,103.73,103.91,11136,103.8567
ONEQ,2026-08-06T18:20:00+00:00,2026-08-06T18:25:00+00:00,103.905,103.945,103.905,103.945,5171,103.9317
ONEQ,2026-08-06T18:25:00+00:00,2026-08-06T18:30:00+00:00,103.87,103.925,103.87,103.925,1327,103.9067
ONEQ,2026-08-06T18:30:00+00:00,2026-08-06T18:35:00+00:00,103.88,103.88,103.82,103.85,6252,103.85
ONEQ,2026-08-06T18:35:00+00:00,2026-08-06T18:40:00+00:00,103.87,103.87,103.8,103.8,5485,103.8233
ONEQ,2026-08-06T18:40:00+00:00,2026-08-06T18:45:00+00:00,103.765,103.765,103.71,103.71,1759,103.7283
ONEQ,2026-08-06T18:45:00+00:00,2026-08-06T18:50:00+00:00,103.795,103.82,103.76,103.76,688,103.78
ONEQ,2026-08-06T18:50:00+00:00,2026-08-06T18:55:00+00:00,103.8199,103.8199,103.75,103.75,2560,103.7733
ONEQ,2026-08-06T18:55:00+00:00,2026-08-06T19:00:00+00:00,103.78,103.8,103.78,103.79,2332,103.79
ONEQ,2026-08-06T19:00:00+00:00,2026-08-06T19:05:00+00:00,103.85,103.85,103.85,103.85,282,103.85
ONEQ,2026-08-06T19:05:00+00:00,2026-08-06T19:10:00+00:00,103.96,103.96,103.86,103.86,1077,103.8933
ONEQ,2026-08-06T19:10:00+00:00,2026-08-06T19:15:00+00:00,103.9069,103.93,103.9069,103.92,1130,103.919
ONEQ,2026-08-06T19:15:00+00:00,2026-08-06T19:20:00+00:00,103.845,103.86,103.815,103.86,1262,103.845
ONEQ,2026-08-06T19:20:00+00:00,2026-08-06T19:25:00+00:00,103.9,103.9,103.88,103.88,636,103.8867
ONEQ,2026-08-06T19:25:00+00:00,2026-08-06T19:30:00+00:00,103.79,103.84,103.75,103.75,1186,103.78
ONEQ,2026-08-06T19:30:00+00:00,2026-08-06T19:35:00+00:00,103.76,103.88,103.74,103.83,2047,103.8167
ONEQ,2026-08-06T19:35:00+00:00,2026-08-06T19:40:00+00:00,103.91,103.91,103.79,103.79,2654,103.83
ONEQ,2026-08-06T19:40:00+00:00,2026-08-06T19:45:00+00:00,103.79,103.819,103.785,103.795,9847,103.7997
ONEQ,2026-08-06T19:45:00+00:00,2026-08-06T19:50:00+00:00,103.82,103.835,103.77,103.8012,2009,103.8021
ONEQ,2026-08-06T19:50:00+00:00,2026-08-06T19:55:00+00:00,103.75,103.924,103.71,103.84,9106,103.8247
ONEQ,2026-08-06T19:55:00+00:00,2026-08-06T20:00:00+00:00,103.8203,103.8802,103.8,103.85,6251,103.8434
ONEQ,2026-08-07T13:30:00+00:00,2026-08-07T13:35:00+00:00,104.62,104.87,104.62,104.816,14406,104.7687
ONEQ,2026-08-07T13:35:00+00:00,2026-08-07T13:40:00+00:00,104.8,104.85,104.67,104.715,4444,104.745
ONEQ,2026-08-07T13:40:00+00:00,2026-08-07T13:45:00+00:00,104.71,104.87,104.5501,104.87,6340,104.7634
ONEQ,2026-08-07T13:45:00+00:00,2026-08-07T13:50:00+00:00,104.86,104.895,104.74,104.74,5025,104.7917
ONEQ,2026-08-07T13:50:00+00:00,2026-08-07T13:55:00+00:00,104.63,104.9,104.63,104.82,5869,104.7833
ONEQ,2026-08-07T13:55:00+00:00,2026-08-07T14:00:00+00:00,104.72,104.7499,104.58,104.615,4578,104.6483
ONEQ,2026-08-07T14:00:00+00:00,2026-08-07T14:05:00+00:00,104.6717,104.6717,104.5,104.5694,8450,104.5804
ONEQ,2026-08-07T14:05:00+00:00,2026-08-07T14:10:00+00:00,104.515,104.58,104.5,104.5115,9040,104.5305
ONEQ,2026-08-07T14:10:00+00:00,2026-08-07T14:15:00+00:00,104.505,104.54,104.375,104.54,6043,104.485
ONEQ,2026-08-07T14:15:00+00:00,2026-08-07T14:20:00+00:00,104.445,104.6651,104.4,104.6651,15264,104.5767
ONEQ,2026-08-07T14:20:00+00:00,2026-08-07T14:25:00+00:00,104.75,104.85,104.75,104.85,3825,104.8167
ONEQ,2026-08-07T14:25:00+00:00,2026-08-07T14:30:00+00:00,104.85,105.01,104.78,105.01,10595,104.9333
ONEQ,2026-08-07T14:30:00+00:00,2026-08-07T14:35:00+00:00,105.0599,105.0599,104.88,104.905,5320,104.9483
ONEQ,2026-08-07T14:35:00+00:00,2026-08-07T14:40:00+00:00,104.915,104.99,104.77,104.8,2852,104.8533
ONEQ,2026-08-07T14:40:00+00:00,2026-08-07T14:45:00+00:00,104.9799,104.9799,104.7561,104.7705,4664,104.8355
ONEQ,2026-08-07T14:45:00+00:00,2026-08-07T14:50:00+00:00,104.81,104.9999,104.81,104.88,6948,104.8966
ONEQ,2026-08-07T14:50:00+00:00,2026-08-07T14:55:00+00:00,104.85,104.9,104.72,104.8,4932,104.8067
ONEQ,2026-08-07T14:55:00+00:00,2026-08-07T15:00:00+00:00,104.88,104.91,104.87,104.885,4477,104.8883
ONEQ,2026-08-07T15:00:00+00:00,2026-08-07T15:05:00+00:00,104.92,104.92,104.83,104.91,2113,104.8867
ONEQ,2026-08-07T15:05:00+00:00,2026-08-07T15:10:00+00:00,104.915,104.915,104.8301,104.915,2533,104.8867
ONEQ,2026-08-07T15:10:00+00:00,2026-08-07T15:15:00+00:00,104.9244,105.01,104.92,104.96,2356,104.9633
ONEQ,2026-08-07T15:15:00+00:00,2026-08-07T15:20:00+00:00,104.98,104.98,104.95,104.95,1956,104.96
ONEQ,2026-08-07T15:20:00+00:00,2026-08-07T15:25:00+00:00,105.0373,105.0373,105.0373,105.0373,400,105.0373
ONEQ,2026-08-07T15:25:00+00:00,2026-08-07T15:30:00+00:00,105.09,105.2086,105.085,105.165,2011,105.1529
ONEQ,2026-08-07T15:30:00+00:00,2026-08-07T15:35:00+00:00,105.175,105.23,105.15,105.19,1554,105.19
ONEQ,2026-08-07T15:35:00+00:00,2026-08-07T15:40:00+00:00,105.17,105.185,105.17,105.185,1070,105.18
ONEQ,2026-08-07T15:40:00+00:00,2026-08-07T15:45:00+00:00,105.18,105.18,105.165,105.165,591,105.17
ONEQ,2026-08-07T15:45:00+00:00,2026-08-07T15:50:00+00:00,105.2,105.2,105.14,105.19,1233,105.1767
ONEQ,2026-08-07T15:50:00+00:00,2026-08-07T15:55:00+00:00,105.2,105.2565,105.115,105.115,6697,105.1622
ONEQ,2026-08-07T15:55:00+00:00,2026-08-07T16:00:00+00:00,105.2,105.2,105.09,105.09,2177,105.1267
ONEQ,2026-08-07T16:00:00+00:00,2026-08-07T16:05:00+00:00,105.08,105.08,105.08,105.08,1620,105.08
ONEQ,2026-08-07T16:05:00+00:00,2026-08-07T16:10:00+00:00,105.08,105.1039,105.0201,105.0201,1176,105.048
ONEQ,2026-08-07T16:10:00+00:00,2026-08-07T16:15:00+00:00,105.02,105.17,105.02,105.17,874,105.12
ONEQ,2026-08-07T16:15:00+00:00,2026-08-07T16:20:00+00:00,105.1072,105.14,105.025,105.025,1591,105.0633
ONEQ,2026-08-07T16:20:00+00:00,2026-08-07T16:25:00+00:00,105.035,105.065,104.98,104.98,4661,105.0083
ONEQ,2026-08-07T16:30:00+00:00,2026-08-07T16:35:00+00:00,104.75,104.75,104.75,104.75,361,104.75
ONEQ,2026-08-07T16:35:00+00:00,2026-08-07T16:40:00+00:00,104.785,104.855,104.785,104.855,961,104.8317
ONEQ,2026-08-07T16:40:00+00:00,2026-08-07T16:45:00+00:00,104.9,104.95,104.8,104.8,771,104.85
ONEQ,2026-08-07T16:45:00+00:00,2026-08-07T16:50:00+00:00,104.9675,104.98,104.8828,104.8828,1050,104.9152
ONEQ,2026-08-07T16:50:00+00:00,2026-08-07T16:55:00+00:00,104.9899,104.9899,104.8,104.83,2391,104.8733
ONEQ,2026-08-07T16:55:00+00:00,2026-08-07T17:00:00+00:00,104.84,104.84,104.84,104.84,3307,104.84
ONEQ,2026-08-07T17:00:00+00:00,2026-08-07T17:05:00+00:00,104.79,104.81,104.79,104.81,429,104.8033
ONEQ,2026-08-07T17:10:00+00:00,2026-08-07T17:15:00+00:00,104.83,104.83,104.79,104.79,988,104.8033
ONEQ,2026-08-07T17:20:00+00:00,2026-08-07T17:25:00+00:00,104.8527,104.8527,104.78,104.7999,8532,104.8109
ONEQ,2026-08-07T17:25:00+00:00,2026-08-07T17:30:00+00:00,104.7694,104.79,104.7694,104.77,1680,104.7765
ONEQ,2026-08-07T17:30:00+00:00,2026-08-07T17:35:00+00:00,104.785,104.785,104.75,104.75,858,104.7617
ONEQ,2026-08-07T17:35:00+00:00,2026-08-07T17:40:00+00:00,104.7851,104.8056,104.78,104.8056,1233,104.7971
ONEQ,2026-08-07T17:40:00+00:00,2026-08-07T17:45:00+00:00,104.805,104.81,104.7901,104.8,2007,104.8
ONEQ,2026-08-07T17:45:00+00:00,2026-08-07T17:50:00+00:00,104.815,104.815,104.815,104.815,600,104.815
ONEQ,2026-08-07T17:50:00+00:00,2026-08-07T17:55:00+00:00,104.81,104.81,104.8,104.8,1259,104.8033
ONEQ,2026-08-07T17:55:00+00:00,2026-08-07T18:00:00+00:00,104.835,104.835,104.81,104.81,413,104.8183
ONEQ,2026-08-07T18:00:00+00:00,2026-08-07T18:05:00+00:00,104.79,104.835,104.79,104.835,916,104.82
ONEQ,2026-08-07T18:05:00+00:00,2026-08-07T18:10:00+00:00,104.7813,104.7813,104.7813,104.7813,2623,104.7813
ONEQ,2026-08-07T18:10:00+00:00,2026-08-07T18:15:00+00:00,104.8186,104.8186,104.71,104.7101,2980,104.7462
ONEQ,2026-08-07T18:15:00+00:00,2026-08-07T18:20:00+00:00,104.7799,104.7799,104.7201,104.7201,736,104.74
ONEQ,2026-08-07T18:25:00+00:00,2026-08-07T18:30:00+00:00,104.72,104.755,104.7,104.7001,3519,104.7184
ONEQ,2026-08-07T18:30:00+00:00,2026-08-07T18:35:00+00:00,104.7,104.7599,104.7,104.7599,894,104.7399
ONEQ,2026-08-07T18:35:00+00:00,2026-08-07T18:40:00+00:00,104.675,104.675,104.675,104.675,755,104.675
ONEQ,2026-08-07T18:40:00+00:00,2026-08-07T18:45:00+00:00,104.67,104.7099,104.67,104.69,3906,104.69
ONEQ,2026-08-07T18:45:00+00:00,2026-08-07T18:50:00+00:00,104.68,104.68,104.68,104.68,2556,104.68
ONEQ,2026-08-07T18:55:00+00:00,2026-08-07T19:00:00+00:00,104.655,104.668,104.655,104.668,2060,104.6637
ONEQ,2026-08-07T19:00:00+00:00,2026-08-07T19:05:00+00:00,104.835,104.835,104.835,104.835,483,104.835
ONEQ,2026-08-07T19:05:00+00:00,2026-08-07T19:10:00+00:00,104.84,105.0,104.84,104.94,6696,104.9267
ONEQ,2026-08-07T19:10:00+00:00,2026-08-07T19:15:00+00:00,105.0,105.05,104.9801,105.05,1856,105.0267
ONEQ,2026-08-07T19:15:00+00:00,2026-08-07T19:20:00+00:00,105.14,105.14,105.0,105.0,3285,105.0467
ONEQ,2026-08-07T19:20:00+00:00,2026-08-07T19:25:00+00:00,105.01,105.1399,105.01,105.1399,1759,105.0966
ONEQ,2026-08-07T19:25:00+00:00,2026-08-07T19:30:00+00:00,105.0599,105.08,105.04,105.04,2093,105.0533
ONEQ,2026-08-07T19:30:00+00:00,2026-08-07T19:35:00+00:00,105.01,105.02,104.9501,104.9501,4642,104.9734
ONEQ,2026-08-07T19:35:00+00:00,2026-08-07T19:40:00+00:00,104.95,105.03,104.92,105.02,6343,104.99
ONEQ,2026-08-07T19:40:00+00:00,2026-08-07T19:45:00+00:00,105.0,105.01,104.92,104.96,1721,104.9633
ONEQ,2026-08-07T19:45:00+00:00,2026-08-07T19:50:00+00:00,104.9839,105.01,104.96,105.005,4138,104.9917
ONEQ,2026-08-07T19:50:00+00:00,2026-08-07T19:55:00+00:00,104.95,105.15,104.95,105.08,12204,105.06
ONEQ,2026-08-07T19:55:00+00:00,2026-08-07T20:00:00+00:00,105.188,105.2589,105.11,105.15,6137,105.173
ONEQ,2026-08-10T13:30:00+00:00,2026-08-10T13:35:00+00:00,105.0,105.08,104.881,104.965,16993,104.9753
ONEQ,2026-08-10T13:35:00+00:00,2026-08-10T13:40:00+00:00,104.85,104.99,104.82,104.82,2586,104.8767
ONEQ,2026-08-10T13:40:00+00:00,2026-08-10T13:45:00+00:00,104.99,104.99,104.876,104.925,2514,104.9303
ONEQ,2026-08-10T13:45:00+00:00,2026-08-10T13:50:00+00:00,104.95,104.96,104.94,104.96,4315,104.9533
ONEQ,2026-08-10T13:50:00+00:00,2026-08-10T13:55:00+00:00,105.02,105.02,104.87,104.9,2450,104.93
ONEQ,2026-08-10T13:55:00+00:00,2026-08-10T14:00:00+00:00,104.87,105.0,104.85,104.9,3416,104.9167
ONEQ,2026-08-10T14:00:00+00:00,2026-08-10T14:05:00+00:00,104.96,105.0616,104.96,104.995,3548,105.0055
ONEQ,2026-08-10T14:05:00+00:00,2026-08-10T14:10:00+00:00,105.1598,105.1598,105.15,105.15,2993,105.1533
ONEQ,2026-08-10T14:10:00+00:00,2026-08-10T14:15:00+00:00,105.17,105.18,105.1301,105.175,2166,105.1617
ONEQ,2026-08-10T14:15:00+00:00,2026-08-10T14:20:00+00:00,105.185,105.2,105.175,105.19,3060,105.1883
ONEQ,2026-08-10T14:20:00+00:00,2026-08-10T14:25:00+00:00,105.2,105.2197,105.19,105.2197,1210,105.2098
ONEQ,2026-08-10T14:25:00+00:00,2026-08-10T14:30:00+00:00,105.04,105.14,105.04,105.1101,2396,105.0967
ONEQ,2026-08-10T14:30:00+00:00,2026-08-10T14:35:00+00:00,105.17,105.17,105.17,105.17,2097,105.17
ONEQ,2026-08-10T14:35:00+00:00,2026-08-10T14:40:00+00:00,105.17,105.17,105.17,105.17,242,105.17
ONEQ,2026-08-10T14:40:00+00:00,2026-08-10T14:45:00+00:00,105.19,105.2475,105.19,105.23,2131,105.2225
ONEQ,2026-08-10T14:50:00+00:00,2026-08-10T14:55:00+00:00,105.13,105.13,105.035,105.035,1846,105.0667
ONEQ,2026-08-10T14:55:00+00:00,2026-08-10T15:00:00+00:00,104.99,105.0699,104.92,104.92,3316,104.97
ONEQ,2026-08-10T15:00:00+00:00,2026-08-10T15:05:00+00:00,104.91,105.03,104.91,105.03,2463,104.99
ONEQ,2026-08-10T15:05:00+00:00,2026-08-10T15:10:00+00:00,105.0799,105.1099,104.98,105.1099,1136,105.0666
ONEQ,2026-08-10T15:10:00+00:00,2026-08-10T15:15:00+00:00,104.89,105.0,104.89,104.925,3820,104.9383
ONEQ,2026-08-10T15:15:00+00:00,2026-08-10T15:20:00+00:00,104.935,104.945,104.935,104.945,2214,104.9417
ONEQ,2026-08-10T15:20:00+00:00,2026-08-10T15:25:00+00:00,104.905,104.9599,104.9,104.9,2706,104.92
ONEQ,2026-08-10T15:25:00+00:00,2026-08-10T15:30:00+00:00,104.8501,104.95,104.82,104.95,3592,104.9067
ONEQ,2026-08-10T15:30:00+00:00,2026-08-10T15:35:00+00:00,104.885,104.885,104.81,104.87,1005,104.855
ONEQ,2026-08-10T15:35:00+00:00,2026-08-10T15:40:00+00:00,104.8051,104.8051,104.75,104.75,3208,104.7684
ONEQ,2026-08-10T15:40:00+00:00,2026-08-10T15:45:00+00:00,104.805,104.89,104.805,104.89,900,104.8617
ONEQ,2026-08-10T15:45:00+00:00,2026-08-10T15:50:00+00:00,104.935,104.986,104.935,104.986,772,104.969
ONEQ,2026-08-10T15:50:00+00:00,2026-08-10T15:55:00+00:00,104.98,105.05,104.9683,105.05,5210,105.0228
ONEQ,2026-08-10T15:55:00+00:00,2026-08-10T16:00:00+00:00,105.11,105.11,105.11,105.11,322,105.11
ONEQ,2026-08-10T16:00:00+00:00,2026-08-10T16:05:00+00:00,105.115,105.115,105.1105,105.1105,599,105.112
ONEQ,2026-08-10T16:05:00+00:00,2026-08-10T16:10:00+00:00,105.04,105.04,105.04,105.04,801,105.04
ONEQ,2026-08-10T16:15:00+00:00,2026-08-10T16:20:00+00:00,104.94,104.98,104.93,104.97,2565,104.96
ONEQ,2026-08-10T16:20:00+00:00,2026-08-10T16:25:00+00:00,105.01,105.01,104.99,104.99,461,104.9967
ONEQ,2026-08-10T16:25:00+00:00,2026-08-10T16:30:00+00:00,104.95,104.95,104.89,104.89,492,104.91
ONEQ,2026-08-10T16:30:00+00:00,2026-08-10T16:35:00+00:00,104.895,104.895,104.7,104.7691,16591,104.788
ONEQ,2026-08-10T16:35:00+00:00,2026-08-10T16:40:00+00:00,104.765,104.94,104.7,104.7,846,104.78
ONEQ,2026-08-10T16:40:00+00:00,2026-08-10T16:45:00+00:00,104.71,104.7139,104.57,104.61,3258,104.6313
ONEQ,2026-08-10T16:45:00+00:00,2026-08-10T16:50:00+00:00,104.62,104.7238,104.6,104.675,3637,104.6663
ONEQ,2026-08-10T16:50:00+00:00,2026-08-10T16:55:00+00:00,104.61,104.68,104.61,104.6713,5584,104.6538
ONEQ,2026-08-10T16:55:00+00:00,2026-08-10T17:00:00+00:00,104.62,104.74,104.62,104.74,7053,104.7
ONEQ,2026-08-10T17:00:00+00:00,2026-08-10T17:05:00+00:00,104.8172,104.8172,104.8172,104.8172,409,104.8172
ONEQ,2026-08-10T17:05:00+00:00,2026-08-10T17:10:00+00:00,104.74,104.8783,104.72,104.8783,2922,104.8255
ONEQ,2026-08-10T17:10:00+00:00,2026-08-10T17:15:00+00:00,104.8752,104.8752,104.85,104.855,1486,104.8601
ONEQ,2026-08-10T17:15:00+00:00,2026-08-10T17:20:00+00:00,104.87,104.9239,104.81,104.81,738,104.848
ONEQ,2026-08-10T17:20:00+00:00,2026-08-10T17:25:00+00:00,104.8201,104.8201,104.8201,104.8201,574,104.8201
ONEQ,2026-08-10T17:25:00+00:00,2026-08-10T17:30:00+00:00,104.855,104.855,104.79,104.79,1196,104.8117
ONEQ,2026-08-10T17:30:00+00:00,2026-08-10T17:35:00+00:00,104.86,104.87,104.82,104.865,1267,104.8517
ONEQ,2026-08-10T17:35:00+00:00,2026-08-10T17:40:00+00:00,104.75,104.75,104.75,104.75,271,104.75
ONEQ,2026-08-10T17:40:00+00:00,2026-08-10T17:45:00+00:00,104.76,104.77,104.72,104.77,687,104.7533
ONEQ,2026-08-10T17:45:00+00:00,2026-08-10T17:50:00+00:00,104.7686,104.78,104.69,104.69,2682,104.72
ONEQ,2026-08-10T17:50:00+00:00,2026-08-10T17:55:00+00:00,104.68,104.73,104.66,104.6701,5267,104.6867
ONEQ,2026-08-10T18:00:00+00:00,2026-08-10T18:05:00+00:00,104.745,104.745,104.74,104.74,912,104.7417
ONEQ,2026-08-10T18:05:00+00:00,2026-08-10T18:10:00+00:00,104.69,104.78,104.69,104.71,1755,104.7267
ONEQ,2026-08-10T18:10:00+00:00,2026-08-10T18:15:00+00:00,104.72,104.735,104.69,104.6941,2245,104.7064
ONEQ,2026-08-10T18:15:00+00:00,2026-08-10T18:20:00+00:00,104.66,104.67,104.66,104.67,1134,104.6667
ONEQ,2026-08-10T18:25:00+00:00,2026-08-10T18:30:00+00:00,104.695,104.695,104.695,104.695,241,104.695
ONEQ,2026-08-10T18:30:00+00:00,2026-08-10T18:35:00+00:00,104.67,104.74,104.67,104.74,4027,104.7167
ONEQ,2026-08-10T18:35:00+00:00,2026-08-10T18:40:00+00:00,104.73,104.73,104.73,104.73,292,104.73
ONEQ,2026-08-10T18:40:00+00:00,2026-08-10T18:45:00+00:00,104.74,104.7799,104.74,104.7799,4490,104.7666
ONEQ,2026-08-10T18:45:00+00:00,2026-08-10T18:50:00+00:00,104.7911,104.7911,104.76,104.78,1660,104.777
ONEQ,2026-08-10T18:55:00+00:00,2026-08-10T19:00:00+00:00,104.8799,104.8799,104.84,104.84,446,104.8533
ONEQ,2026-08-10T19:00:00+00:00,2026-08-10T19:05:00+00:00,104.8351,104.88,104.8351,104.8609,1531,104.8587
ONEQ,2026-08-10T19:05:00+00:00,2026-08-10T19:10:00+00:00,104.8,104.9,104.8,104.9,896,104.8667
ONEQ,2026-08-10T19:10:00+00:00,2026-08-10T19:15:00+00:00,104.8073,104.86,104.8073,104.86,2599,104.8424
ONEQ,2026-08-10T19:15:00+00:00,2026-08-10T19:20:00+00:00,104.876,104.876,104.84,104.84,709,104.852
ONEQ,2026-08-10T19:20:00+00:00,2026-08-10T19:25:00+00:00,104.8901,104.8901,104.86,104.86,1277,104.87
ONEQ,2026-08-10T19:25:00+00:00,2026-08-10T19:30:00+00:00,104.9,104.9,104.9,104.9,527,104.9
ONEQ,2026-08-10T19:30:00+00:00,2026-08-10T19:35:00+00:00,104.8301,104.8301,104.8301,104.8301,227,104.8301
ONEQ,2026-08-10T19:35:00+00:00,2026-08-10T19:40:00+00:00,104.91,104.91,104.82,104.91,4988,104.88
ONEQ,2026-08-10T19:40:00+00:00,2026-08-10T19:45:00+00:00,104.9273,104.9273,104.84,104.84,1972,104.8691
ONEQ,2026-08-10T19:45:00+00:00,2026-08-10T19:50:00+00:00,104.84,104.85,104.84,104.85,1639,104.8467
ONEQ,2026-08-10T19:50:00+00:00,2026-08-10T19:55:00+00:00,104.85,104.85,104.72,104.8,4171,104.79
ONEQ,2026-08-10T19:55:00+00:00,2026-08-10T20:00:00+00:00,104.82,104.83,104.7305,104.83,4550,104.7968
ONEQ,2026-08-11T13:30:00+00:00,2026-08-11T13:35:00+00:00,105.28,105.28,104.6401,104.73,26161,104.8834
ONEQ,2026-08-11T13:35:00+00:00,2026-08-11T13:40:00+00:00,104.61,104.68,104.5,104.58,5369,104.5867
ONEQ,2026-08-11T13:40:00+00:00,2026-08-11T13:45:00+00:00,104.655,104.7,104.61,104.7,1966,104.67
ONEQ,2026-08-11T13:45:00+00:00,2026-08-11T13:50:00+00:00,104.5,104.5,104.405,104.4451,2005,104.45
ONEQ,2026-08-11T13:50:00+00:00,2026-08-11T13:55:00+00:00,104.46,104.49,104.3401,104.44,6081,104.4234
ONEQ,2026-08-11T13:55:00+00:00,2026-08-11T14:00:00+00:00,104.4901,104.57,104.4901,104.57,1427,104.5434
ONEQ,2026-08-11T14:00:00+00:00,2026-08-11T14:05:00+00:00,104.6726,104.775,104.6726,104.76,3757,104.7359
ONEQ,2026-08-11T14:05:00+00:00,2026-08-11T14:10:00+00:00,104.78,104.86,104.7026,104.86,2314,104.8075
ONEQ,2026-08-11T14:10:00+00:00,2026-08-11T14:15:00+00:00,104.88,104.9,104.84,104.84,6803,104.86
ONEQ,2026-08-11T14:15:00+00:00,2026-08-11T14:20:00+00:00,104.81,104.87,104.77,104.8,5390,104.8133
ONEQ,2026-08-11T14:20:00+00:00,2026-08-11T14:25:00+00:00,104.8,104.9,104.73,104.73,4604,104.7867
ONEQ,2026-08-11T14:25:00+00:00,2026-08-11T14:30:00+00:00,104.73,104.83,104.73,104.83,3680,104.7967
ONEQ,2026-08-11T14:30:00+00:00,2026-08-11T14:35:00+00:00,104.71,104.79,104.71,104.79,4522,104.7633
ONEQ,2026-08-11T14:35:00+00:00,2026-08-11T14:40:00+00:00,104.73,104.78,104.6901,104.6901,2787,104.7201
ONEQ,2026-08-11T14:40:00+00:00,2026-08-11T14:45:00+00:00,104.7426,104.765,104.7426,104.765,679,104.7575
ONEQ,2026-08-11T14:45:00+00:00,2026-08-11T14:50:00+00:00,104.74,104.84,104.74,104.82,1630,104.8
ONEQ,2026-08-11T14:50:00+00:00,2026-08-11T14:55:00+00:00,104.81,104.87,104.81,104.87,1107,104.85
ONEQ,2026-08-11T14:55:00+00:00,2026-08-11T15:00:00+00:00,104.89,104.89,104.85,104.85,1242,104.8633
ONEQ,2026-08-11T15:00:00+00:00,2026-08-11T15:05:00+00:00,104.9,104.9,104.85,104.85,1419,104.8667
ONEQ,2026-08-11T15:05:00+00:00,2026-08-11T15:10:00+00:00,104.79,104.79,104.68,104.68,659,104.7167
ONEQ,2026-08-11T15:10:00+00:00,2026-08-11T15:15:00+00:00,104.6,104.69,104.57,104.69,4990,104.65
ONEQ,2026-08-11T15:15:00+00:00,2026-08-11T15:20:00+00:00,104.629,104.629,104.629,104.629,1656,104.629
ONEQ,2026-08-11T15:20:00+00:00,2026-08-11T15:25:00+00:00,104.7,104.7,104.7,104.7,436,104.7
ONEQ,2026-08-11T15:25:00+00:00,2026-08-11T15:30:00+00:00,104.655,104.655,104.57,104.61,1056,104.6117
ONEQ,2026-08-11T15:30:00+00:00,2026-08-11T15:35:00+00:00,104.61,104.63,104.5803,104.61,3165,104.6068
ONEQ,2026-08-11T15:35:00+00:00,2026-08-11T15:40:00+00:00,104.445,104.445,104.445,104.445,1141,104.445
ONEQ,2026-08-11T15:45:00+00:00,2026-08-11T15:50:00+00:00,104.5,104.5,104.4101,104.4442,1792,104.4514
ONEQ,2026-08-11T15:50:00+00:00,2026-08-11T15:55:00+00:00,104.46,104.46,104.445,104.445,864,104.45
ONEQ,2026-08-11T15:55:00+00:00,2026-08-11T16:00:00+00:00,104.42,104.47,104.42,104.45,1550,104.4467
ONEQ,2026-08-11T16:00:00+00:00,2026-08-11T16:05:00+00:00,104.455,104.455,104.405,104.405,729,104.4217
ONEQ,2026-08-11T16:05:00+00:00,2026-08-11T16:10:00+00:00,104.46,104.46,104.44,104.44,1325,104.4467
ONEQ,2026-08-11T16:10:00+00:00,2026-08-11T16:15:00+00:00,104.42,104.5499,104.42,104.44,2238,104.47
ONEQ,2026-08-11T16:15:00+00:00,2026-08-11T16:20:00+00:00,104.435,104.47,104.42,104.42,4964,104.4367
ONEQ,2026-08-11T16:20:00+00:00,2026-08-11T16:25:00+00:00,104.345,104.345,104.345,104.345,3546,104.345
ONEQ,2026-08-11T16:25:00+00:00,2026-08-11T16:30:00+00:00,104.35,104.35,104.33,104.33,1878,104.3367
ONEQ,2026-08-11T16:30:00+00:00,2026-08-11T16:35:00+00:00,104.345,104.3451,104.345,104.3451,829,104.3451
ONEQ,2026-08-11T16:35:00+00:00,2026-08-11T16:40:00+00:00,104.4,104.4,104.3651,104.398,1093,104.3877
ONEQ,2026-08-11T16:40:00+00:00,2026-08-11T16:45:00+00:00,104.395,104.395,104.395,104.395,1118,104.395
ONEQ,2026-08-11T16:45:00+00:00,2026-08-11T16:50:00+00:00,104.3338,104.3338,104.305,104.305,1126,104.3146
ONEQ,2026-08-11T16:50:00+00:00,2026-08-11T16:55:00+00:00,104.335,104.39,104.32,104.39,972,104.3667
ONEQ,2026-08-11T16:55:00+00:00,2026-08-11T17:00:00+00:00,104.3,104.3499,104.3,104.3499,1336,104.3333
ONEQ,2026-08-11T17:00:00+00:00,2026-08-11T17:05:00+00:00,104.25,104.25,104.18,104.18,3215,104.2033
ONEQ,2026-08-11T17:05:00+00:00,2026-08-11T17:10:00+00:00,104.27,104.27,104.27,104.27,1299,104.27
ONEQ,2026-08-11T17:10:00+00:00,2026-08-11T17:15:00+00:00,104.15,104.152,104.1,104.1,3627,104.1173
ONEQ,2026-08-11T17:15:00+00:00,2026-08-11T17:20:00+00:00,104.17,104.2135,104.17,104.2135,718,104.199
ONEQ,2026-08-11T17:20:00+00:00,2026-08-11T17:25:00+00:00,104.2026,104.2026,104.2026,104.2026,1879,104.2026
ONEQ,2026-08-11T17:25:00+00:00,2026-08-11T17:30:00+00:00,104.18,104.21,104.18,104.21,831,104.2
ONEQ,2026-08-11T17:30:00+00:00,2026-08-11T17:35:00+00:00,104.2158,104.25,104.2,104.25,4384,104.2333
ONEQ,2026-08-11T17:35:00+00:00,2026-08-11T17:40:00+00:00,104.22,104.22,104.22,104.22,1244,104.22
ONEQ,2026-08-11T17:40:00+00:00,2026-08-11T17:45:00+00:00,104.32,104.32,104.32,104.32,183,104.32
ONEQ,2026-08-11T17:45:00+00:00,2026-08-11T17:50:00+00:00,104.3126,104.3126,104.295,104.295,1087,104.3009
ONEQ,2026-08-11T17:50:00+00:00,2026-08-11T17:55:00+00:00,104.25,104.37,104.25,104.37,400,104.33
ONEQ,2026-08-11T17:55:00+00:00,2026-08-11T18:00:00+00:00,104.28,104.28,104.28,104.28,2237,104.28
ONEQ,2026-08-11T18:00:00+00:00,2026-08-11T18:05:00+00:00,104.27,104.27,104.23,104.23,815,104.2433
ONEQ,2026-08-11T18:05:00+00:00,2026-08-11T18:10:00+00:00,104.245,104.2699,104.13,104.13,2955,104.1766
ONEQ,2026-08-11T18:15:00+00:00,2026-08-11T18:20:00+00:00,104.15,104.15,104.136,104.136,813,104.1407
ONEQ,2026-08-11T18:20:00+00:00,2026-08-11T18:25:00+00:00,104.075,104.075,104.0544,104.0544,797,104.0613
ONEQ,2026-08-11T18:25:00+00:00,2026-08-11T18:30:00+00:00,104.0501,104.0501,103.96,103.96,6951,103.99
ONEQ,2026-08-11T18:30:00+00:00,2026-08-11T18:35:00+00:00,103.945,103.99,103.945,103.99,4306,103.975
ONEQ,2026-08-11T18:35:00+00:00,2026-08-11T18:40:00+00:00,104.01,104.01,104.01,104.01,1510,104.01
ONEQ,2026-08-11T18:40:00+00:00,2026-08-11T18:45:00+00:00,103.9301,103.99,103.91,103.92,1306,103.94
ONEQ,2026-08-11T18:45:00+00:00,2026-08-11T18:50:00+00:00,104.005,104.005,103.96,103.96,2803,103.975
ONEQ,2026-08-11T18:50:00+00:00,2026-08-11T18:55:00+00:00,104.1,104.1,104.1,104.1,203,104.1
ONEQ,2026-08-11T18:55:00+00:00,2026-08-11T19:00:00+00:00,104.1,104.1,104.02,104.02,4693,104.0467
ONEQ,2026-08-11T19:00:00+00:00,2026-08-11T19:05:00+00:00,104.05,104.0599,104.05,104.0599,927,104.0566
ONEQ,2026-08-11T19:05:00+00:00,2026-08-11T19:10:00+00:00,104.06,104.06,104.06,104.06,2123,104.06
ONEQ,2026-08-11T19:10:00+00:00,2026-08-11T19:15:00+00:00,104.0941,104.0941,104.0941,104.0941,545,104.0941
ONEQ,2026-08-11T19:15:00+00:00,2026-08-11T19:20:00+00:00,104.19,104.19,104.19,104.19,194,104.19
ONEQ,2026-08-11T19:20:00+00:00,2026-08-11T19:25:00+00:00,104.13,104.19,104.13,104.17,1077,104.1633
ONEQ,2026-08-11T19:25:00+00:00,2026-08-11T19:30:00+00:00,104.14,104.1801,104.14,104.1801,695,104.1667
ONEQ,2026-08-11T19:30:00+00:00,2026-08-11T19:35:00+00:00,104.205,104.205,104.1304,104.1304,5460,104.1553
ONEQ,2026-08-11T19:35:00+00:00,2026-08-11T19:40:00+00:00,104.215,104.26,104.1501,104.19,3811,104.2
ONEQ,2026-08-11T19:40:00+00:00,2026-08-11T19:45:00+00:00,104.235,104.235,104.195,104.23,2278,104.22
ONEQ,2026-08-11T19:45:00+00:00,2026-08-11T19:50:00+00:00,104.1651,104.18,104.155,104.18,1603,104.1717
ONEQ,2026-08-11T19:50:00+00:00,2026-08-11T19:55:00+00:00,104.05,104.13,104.05,104.13,3950,104.1033
ONEQ,2026-08-11T19:55:00+00:00,2026-08-11T20:00:00+00:00,104.19,104.21,104.14,104.145,1306,104.165
ONEQ,2026-08-12T13:30:00+00:00,2026-08-12T13:35:00+00:00,105.17,105.2,104.544,104.895,15912,104.8797
ONEQ,2026-08-12T13:35:00+00:00,2026-08-12T13:40:00+00:00,104.78,104.97,104.78,104.895,3162,104.8817
ONEQ,2026-08-12T13:40:00+00:00,2026-08-12T13:45:00+00:00,104.765,104.765,104.75,104.765,829,104.76
ONEQ,2026-08-12T13:45:00+00:00,2026-08-12T13:50:00+00:00,104.82,104.95,104.7,104.95,4146,104.8667
ONEQ,2026-08-12T13:50:00+00:00,2026-08-12T13:55:00+00:00,104.87,104.98,104.75,104.81,9995,104.8467
ONEQ,2026-08-12T13:55:00+00:00,2026-08-12T14:00:00+00:00,104.75,104.81,104.71,104.81,5643,104.7767
ONEQ,2026-08-12T14:00:00+00:00,2026-08-12T14:05:00+00:00,104.815,104.815,104.685,104.685,1909,104.7283
ONEQ,2026-08-12T14:05:00+00:00,2026-08-12T14:10:00+00:00,104.75,104.845,104.69,104.835,1723,104.79
ONEQ,2026-08-12T14:10:00+00:00,2026-08-12T14:15:00+00:00,104.9599,104.99,104.72,104.845,2326,104.8517
ONEQ,2026-08-12T14:15:00+00:00,2026-08-12T14:20:00+00:00,104.8112,104.83,104.72,104.72,1849,104.7567
ONEQ,2026-08-12T14:20:00+00:00,2026-08-12T14:25:00+00:00,104.72,104.8599,104.68,104.76,1353,104.7666
ONEQ,2026-08-12T14:25:00+00:00,2026-08-12T14:30:00+00:00,104.78,105.0191,104.78,104.85,3447,104.883
ONEQ,2026-08-12T14:30:00+00:00,2026-08-12T14:35:00+00:00,104.8,104.8,104.65,104.8,1763,104.75
ONEQ,2026-08-12T14:35:00+00:00,2026-08-12T14:40:00+00:00,104.795,104.795,104.795,104.795,780,104.795
ONEQ,2026-08-12T14:40:00+00:00,2026-08-12T14:45:00+00:00,104.91,104.925,104.84,104.925,2348,104.8967
ONEQ,2026-08-12T14:45:00+00:00,2026-08-12T14:50:00+00:00,104.84,104.9,104.84,104.9,1240,104.88
ONEQ,2026-08-12T14:50:00+00:00,2026-08-12T14:55:00+00:00,104.74,104.74,104.74,104.74,864,104.74
ONEQ,2026-08-12T14:55:00+00:00,2026-08-12T15:00:00+00:00,104.75,104.78,104.66,104.7,3728,104.7133
ONEQ,2026-08-12T15:00:00+00:00,2026-08-12T15:05:00+00:00,104.7,104.71,104.665,104.665,1133,104.68
ONEQ,2026-08-12T15:05:00+00:00,2026-08-12T15:10:00+00:00,104.6401,104.73,104.6401,104.68,1610,104.6834
ONEQ,2026-08-12T15:15:00+00:00,2026-08-12T15:20:00+00:00,104.73,104.73,104.6455,104.6455,1067,104.6737
ONEQ,2026-08-12T15:20:00+00:00,2026-08-12T15:25:00+00:00,104.6426,104.675,104.6426,104.675,595,104.6642
ONEQ,2026-08-12T15:25:00+00:00,2026-08-12T15:30:00+00:00,104.6186,104.67,104.61,104.67,2605,104.65
ONEQ,2026-08-12T15:30:00+00:00,2026-08-12T15:35:00+00:00,104.66,104.66,104.61,104.61,2814,104.6267
ONEQ,2026-08-12T15:35:00+00:00,2026-08-12T15:40:00+00:00,104.5101,104.5101,104.5101,104.5101,753,104.5101
ONEQ,2026-08-12T15:40:00+00:00,2026-08-12T15:45:00+00:00,104.585,104.585,104.585,104.585,854,104.585
ONEQ,2026-08-12T15:45:00+00:00,2026-08-12T15:50:00+00:00,104.5793,104.5793,104.5793,104.5793,1277,104.5793
ONEQ,2026-08-12T15:50:00+00:00,2026-08-12T15:55:00+00:00,104.6693,104.7,104.5948,104.5948,2185,104.6299
ONEQ,2026-08-12T16:05:00+00:00,2026-08-12T16:10:00+00:00,104.655,104.66,104.6,104.66,1889,104.64
ONEQ,2026-08-12T16:10:00+00:00,2026-08-12T16:15:00+00:00,104.73,104.73,104.58,104.58,3994,104.63
ONEQ,2026-08-12T16:15:00+00:00,2026-08-12T16:20:00+00:00,104.72,104.75,104.675,104.75,4025,104.725
ONEQ,2026-08-12T16:20:00+00:00,2026-08-12T16:25:00+00:00,104.75,104.76,104.64,104.735,2688,104.7117
ONEQ,2026-08-12T16:25:00+00:00,2026-08-12T16:30:00+00:00,104.694,104.7999,104.694,104.7999,1889,104.7646
ONEQ,2026-08-12T16:30:00+00:00,2026-08-12T16:35:00+00:00,104.67,104.675,104.67,104.675,547,104.6733
ONEQ,2026-08-12T16:35:00+00:00,2026-08-12T16:40:00+00:00,104.685,104.695,104.65,104.65,2077,104.665
ONEQ,2026-08-12T16:40:00+00:00,2026-08-12T16:45:00+00:00,104.8399,104.8399,104.7001,104.7301,13290,104.7567
ONEQ,2026-08-12T16:45:00+00:00,2026-08-12T16:50:00+00:00,104.7106,104.818,104.7,104.818,9665,104.7787
ONEQ,2026-08-12T16:50:00+00:00,2026-08-12T16:55:00+00:00,104.7857,104.86,104.7857,104.86,3766,104.8352
ONEQ,2026-08-12T16:55:00+00:00,2026-08-12T17:00:00+00:00,104.88,104.88,104.7801,104.7801,3836,104.8134
ONEQ,2026-08-12T17:00:00+00:00,2026-08-12T17:05:00+00:00,104.9,104.9,104.825,104.865,1975,104.8633
ONEQ,2026-08-12T17:05:00+00:00,2026-08-12T17:10:00+00:00,104.87,104.87,104.86,104.8679,2412,104.866
ONEQ,2026-08-12T17:10:00+00:00,2026-08-12T17:15:00+00:00,104.91,104.91,104.815,104.815,810,104.8467
ONEQ,2026-08-12T17:15:00+00:00,2026-08-12T17:20:00+00:00,104.8685,104.8685,104.78,104.78,1500,104.8095
ONEQ,2026-08-12T17:20:00+00:00,2026-08-12T17:25:00+00:00,104.815,104.8799,104.7901,104.7901,3503,104.82
ONEQ,2026-08-12T17:25:00+00:00,2026-08-12T17:30:00+00:00,104.87,104.87,104.86,104.87,546,104.8667
ONEQ,2026-08-12T17:30:00+00:00,2026-08-12T17:35:00+00:00,104.86,104.88,104.82,104.87,1419,104.8567
ONEQ,2026-08-12T17:35:00+00:00,2026-08-12T17:40:00+00:00,104.84,104.84,104.84,104.84,305,104.84
ONEQ,2026-08-12T17:40:00+00:00,2026-08-12T17:45:00+00:00,104.84,104.84,104.8103,104.8103,1759,104.8202
ONEQ,2026-08-12T17:45:00+00:00,2026-08-12T17:50:00+00:00,104.8097,104.8097,104.7901,104.7901,2329,104.7966
ONEQ,2026-08-12T17:50:00+00:00,2026-08-12T17:55:00+00:00,104.815,104.8299,104.8124,104.8299,1076,104.8241
ONEQ,2026-08-12T17:55:00+00:00,2026-08-12T18:00:00+00:00,104.765,104.805,104.765,104.7801,2595,104.7834
ONEQ,2026-08-12T18:00:00+00:00,2026-08-12T18:05:00+00:00,104.78,104.78,104.76,104.77,1152,104.77
ONEQ,2026-08-12T18:05:00+00:00,2026-08-12T18:10:00+00:00,104.77,104.79,104.765,104.7812,2580,104.7787
ONEQ,2026-08-12T18:10:00+00:00,2026-08-12T18:15:00+00:00,104.81,104.83,104.81,104.815,2430,104.8183
ONEQ,2026-08-12T18:15:00+00:00,2026-08-12T18:20:00+00:00,104.785,104.785,104.785,104.785,168,104.785
ONEQ,2026-08-12T18:20:00+00:00,2026-08-12T18:25:00+00:00,104.79,104.88,104.775,104.86,6062,104.8383
ONEQ,2026-08-12T18:25:00+00:00,2026-08-12T18:30:00+00:00,104.88,104.88,104.82,104.84,1186,104.8467
ONEQ,2026-08-12T18:30:00+00:00,2026-08-12T18:35:00+00:00,104.835,104.89,104.835,104.8806,2370,104.8685
ONEQ,2026-08-12T18:35:00+00:00,2026-08-12T18:40:00+00:00,104.87,104.87,104.87,104.87,1687,104.87
ONEQ,2026-08-12T18:40:00+00:00,2026-08-12T18:45:00+00:00,104.92,104.92,104.92,104.92,402,104.92
ONEQ,2026-08-12T18:45:00+00:00,2026-08-12T18:50:00+00:00,104.94,104.945,104.91,104.945,565,104.9333
ONEQ,2026-08-12T18:50:00+00:00,2026-08-12T18:55:00+00:00,104.95,104.95,104.95,104.95,616,104.95
ONEQ,2026-08-12T18:55:00+00:00,2026-08-12T19:00:00+00:00,104.92,104.9298,104.83,104.83,1216,104.8633
ONEQ,2026-08-12T19:00:00+00:00,2026-08-12T19:05:00+00:00,104.865,104.865,104.82,104.82,863,104.835
ONEQ,2026-08-12T19:10:00+00:00,2026-08-12T19:15:00+00:00,104.83,104.87,104.81,104.82,3497,104.8333
ONEQ,2026-08-12T19:20:00+00:00,2026-08-12T19:25:00+00:00,104.85,104.85,104.8099,104.82,740,104.8266
ONEQ,2026-08-12T19:25:00+00:00,2026-08-12T19:30:00+00:00,104.84,104.84,104.8,104.8,816,104.8133
ONEQ,2026-08-12T19:30:00+00:00,2026-08-12T19:35:00+00:00,104.81,104.84,104.776,104.776,2200,104.7973
ONEQ,2026-08-12T19:35:00+00:00,2026-08-12T19:40:00+00:00,104.79,104.79,104.73,104.755,1727,104.7583
ONEQ,2026-08-12T19:40:00+00:00,2026-08-12T19:45:00+00:00,104.7,104.75,104.685,104.75,5839,104.7283
ONEQ,2026-08-12T19:45:00+00:00,2026-08-12T19:50:00+00:00,104.79,104.8,104.71,104.8,2029,104.77
ONEQ,2026-08-12T19:50:00+00:00,2026-08-12T19:55:00+00:00,104.8,104.8,104.71,104.75,1406,104.7533
ONEQ,2026-08-12T19:55:00+00:00,2026-08-12T20:00:00+00:00,104.763,104.8,104.6,104.8,6393,104.7333
ONEQ,2026-08-13T13:30:00+00:00,2026-08-13T13:35:00+00:00,104.86,105.05,104.86,105.05,11578,104.9867
ONEQ,2026-08-13T13:35:00+00:00,2026-08-13T13:40:00+00:00,105.185,105.385,105.185,105.365,9403,105.3117
ONEQ,2026-08-13T13:40:00+00:00,2026-08-13T13:45:00+00:00,105.4,105.405,105.225,105.225,3323,105.285
ONEQ,2026-08-13T13:45:00+00:00,2026-08-13T13:50:00+00:00,105.45,105.54,105.45,105.54,5294,105.51
ONEQ,2026-08-13T13:50:00+00:00,2026-08-13T13:55:00+00:00,105.58,105.69,105.57,105.61,1429,105.6233
ONEQ,2026-08-13T13:55:00+00:00,2026-08-13T14:00:00+00:00,105.595,105.655,105.56,105.655,7466,105.6233
ONEQ,2026-08-13T14:00:00+00:00,2026-08-13T14:05:00+00:00,105.65,105.6597,105.65,105.6597,1093,105.6565
ONEQ,2026-08-13T14:05:00+00:00,2026-08-13T14:10:00+00:00,105.675,105.719,105.675,105.675,2959,105.6897
ONEQ,2026-08-13T14:10:00+00:00,2026-08-13T14:15:00+00:00,105.7,105.8,105.7,105.75,11929,105.75
ONEQ,2026-08-13T14:15:00+00:00,2026-08-13T14:20:00+00:00,105.7664,105.79,105.74,105.755,6810,105.7617
ONEQ,2026-08-13T14:20:00+00:00,2026-08-13T14:25:00+00:00,105.74,105.75,105.69,105.745,2640,105.7283
ONEQ,2026-08-13T14:25:00+00:00,2026-08-13T14:30:00+00:00,105.76,105.8,105.72,105.8,5650,105.7733
ONEQ,2026-08-13T14:30:00+00:00,2026-08-13T14:35:00+00:00,105.775,105.83,105.775,105.83,1341,105.8117
ONEQ,2026-08-13T14:35:00+00:00,2026-08-13T14:40:00+00:00,105.86,105.88,105.83,105.85,6308,105.8533
ONEQ,2026-08-13T14:40:00+00:00,2026-08-13T14:45:00+00:00,105.83,105.83,105.72,105.785,1210,105.7783
ONEQ,2026-08-13T14:45:00+00:00,2026-08-13T14:50:00+00:00,105.69,105.76,105.63,105.64,8283,105.6767
ONEQ,2026-08-13T14:50:00+00:00,2026-08-13T14:55:00+00:00,105.66,105.66,105.6201,105.645,2177,105.6417
ONEQ,2026-08-13T14:55:00+00:00,2026-08-13T15:00:00+00:00,105.645,105.7,105.62,105.67,2385,105.6633
ONEQ,2026-08-13T15:00:00+00:00,2026-08-13T15:05:00+00:00,105.69,105.705,105.63,105.63,2360,105.655
ONEQ,2026-08-13T15:05:00+00:00,2026-08-13T15:10:00+00:00,105.635,105.685,105.585,105.585,2271,105.6183
ONEQ,2026-08-13T15:10:00+00:00,2026-08-13T15:15:00+00:00,105.625,105.625,105.5613,105.5999,2054,105.5954
ONEQ,2026-08-13T15:15:00+00:00,2026-08-13T15:20:00+00:00,105.5645,105.59,105.5645,105.59,3567,105.5815
ONEQ,2026-08-13T15:20:00+00:00,2026-08-13T15:25:00+00:00,105.55,105.58,105.55,105.58,748,105.57
ONEQ,2026-08-13T15:25:00+00:00,2026-08-13T15:30:00+00:00,105.515,105.57,105.395,105.425,5172,105.4633
ONEQ,2026-08-13T15:30:00+00:00,2026-08-13T15:35:00+00:00,105.37,105.43,105.3,105.3,2022,105.3433
ONEQ,2026-08-13T15:35:00+00:00,2026-08-13T15:40:00+00:00,105.34,105.39,105.31,105.31,1109,105.3367
ONEQ,2026-08-13T15:40:00+00:00,2026-08-13T15:45:00+00:00,105.359,105.45,105.33,105.4001,2514,105.3934
ONEQ,2026-08-13T15:45:00+00:00,2026-08-13T15:50:00+00:00,105.4,105.4399,105.345,105.345,2631,105.3766
ONEQ,2026-08-13T15:50:00+00:00,2026-08-13T15:55:00+00:00,105.285,105.2894,105.2825,105.2825,1066,105.2848
ONEQ,2026-08-13T15:55:00+00:00,2026-08-13T16:00:00+00:00,105.2892,105.32,105.24,105.24,7212,105.2667
ONEQ,2026-08-13T16:00:00+00:00,2026-08-13T16:05:00+00:00,105.23,105.23,105.23,105.23,914,105.23
ONEQ,2026-08-13T16:05:00+00:00,2026-08-13T16:10:00+00:00,105.395,105.4497,105.395,105.4497,820,105.4315
ONEQ,2026-08-13T16:10:00+00:00,2026-08-13T16:15:00+00:00,105.45,105.45,105.33,105.33,3879,105.37
ONEQ,2026-08-13T16:15:00+00:00,2026-08-13T16:20:00+00:00,105.33,105.33,105.3125,105.3181,1518,105.3202
ONEQ,2026-08-13T16:20:00+00:00,2026-08-13T16:25:00+00:00,105.33,105.33,105.33,105.33,559,105.33
ONEQ,2026-08-13T16:25:00+00:00,2026-08-13T16:30:00+00:00,105.422,105.422,105.422,105.422,1167,105.422
ONEQ,2026-08-13T16:35:00+00:00,2026-08-13T16:40:00+00:00,105.44,105.44,105.3701,105.43,1597,105.4134
ONEQ,2026-08-13T16:40:00+00:00,2026-08-13T16:45:00+00:00,105.39,105.43,105.39,105.43,2104,105.4167
ONEQ,2026-08-13T16:45:00+00:00,2026-08-13T16:50:00+00:00,105.44,105.4701,105.44,105.4701,1815,105.4601
ONEQ,2026-08-13T16:50:00+00:00,2026-08-13T16:55:00+00:00,105.495,105.5,105.48,105.485,2564,105.4883
ONEQ,2026-08-13T16:55:00+00:00,2026-08-13T17:00:00+00:00,105.4999,105.4999,105.4999,105.4999,474,105.4999
ONEQ,2026-08-13T17:00:00+00:00,2026-08-13T17:05:00+00:00,105.5,105.56,105.5,105.56,573,105.54
ONEQ,2026-08-13T17:05:00+00:00,2026-08-13T17:10:00+00:00,105.51,105.5599,105.51,105.545,2043,105.5383
ONEQ,2026-08-13T17:10:00+00:00,2026-08-13T17:15:00+00:00,105.545,105.545,105.545,105.545,271,105.545
ONEQ,2026-08-13T17:15:00+00:00,2026-08-13T17:20:00+00:00,105.6,105.6,105.6,105.6,1024,105.6
ONEQ,2026-08-13T17:25:00+00:00,2026-08-13T17:30:00+00:00,105.56,105.6,105.56,105.6,208,105.5867
ONEQ,2026-08-13T17:30:00+00:00,2026-08-13T17:35:00+00:00,105.6247,105.6247,105.55,105.55,2266,105.5749
ONEQ,2026-08-13T17:35:00+00:00,2026-08-13T17:40:00+00:00,105.555,105.555,105.555,105.555,1501,105.555
ONEQ,2026-08-13T17:40:00+00:00,2026-08-13T17:45:00+00:00,105.54,105.54,105.54,105.54,517,105.54
ONEQ,2026-08-13T17:45:00+00:00,2026-08-13T17:50:00+00:00,105.4975,105.545,105.49,105.545,2977,105.5267
ONEQ,2026-08-13T17:50:00+00:00,2026-08-13T17:55:00+00:00,105.56,105.56,105.5116,105.5116,1334,105.5277
ONEQ,2026-08-13T17:55:00+00:00,2026-08-13T18:00:00+00:00,105.5546,105.5546,105.5049,105.5049,2064,105.5215
ONEQ,2026-08-13T18:00:00+00:00,2026-08-13T18:05:00+00:00,105.51,105.52,105.485,105.52,1289,105.5083
ONEQ,2026-08-13T18:05:00+00:00,2026-08-13T18:10:00+00:00,105.52,105.52,105.485,105.485,1793,105.4967
ONEQ,2026-08-13T18:10:00+00:00,2026-08-13T18:15:00+00:00,105.52,105.52,105.52,105.52,399,105.52
ONEQ,2026-08-13T18:25:00+00:00,2026-08-13T18:30:00+00:00,105.4701,105.4745,105.4701,105.4745,4445,105.473
ONEQ,2026-08-13T18:30:00+00:00,2026-08-13T18:35:00+00:00,105.56,105.56,105.56,105.56,161,105.56
ONEQ,2026-08-13T18:35:00+00:00,2026-08-13T18:40:00+00:00,105.6,105.6237,105.5697,105.5697,1761,105.5877
ONEQ,2026-08-13T18:40:00+00:00,2026-08-13T18:45:00+00:00,105.58,105.63,105.58,105.63,2783,105.6133
ONEQ,2026-08-13T18:45:00+00:00,2026-08-13T18:50:00+00:00,105.65,105.66,105.64,105.64,1291,105.6467
ONEQ,2026-08-13T18:50:00+00:00,2026-08-13T18:55:00+00:00,105.655,105.66,105.655,105.66,1022,105.6583
ONEQ,2026-08-13T18:55:00+00:00,2026-08-13T19:00:00+00:00,105.75,105.75,105.75,105.75,276,105.75
ONEQ,2026-08-13T19:00:00+00:00,2026-08-13T19:05:00+00:00,105.72,105.72,105.71,105.71,1321,105.7133
ONEQ,2026-08-13T19:05:00+00:00,2026-08-13T19:10:00+00:00,105.67,105.79,105.67,105.785,1336,105.7483
ONEQ,2026-08-13T19:10:00+00:00,2026-08-13T19:15:00+00:00,105.77,105.77,105.77,105.77,911,105.77
ONEQ,2026-08-13T19:15:00+00:00,2026-08-13T19:20:00+00:00,105.68,105.71,105.675,105.71,2076,105.6983
ONEQ,2026-08-13T19:20:00+00:00,2026-08-13T19:25:00+00:00,105.715,105.77,105.7,105.7,5304,105.7233
ONEQ,2026-08-13T19:25:00+00:00,2026-08-13T19:30:00+00:00,105.69,105.6916,105.69,105.6916,417,105.6911
ONEQ,2026-08-13T19:30:00+00:00,2026-08-13T19:35:00+00:00,105.71,105.7201,105.71,105.7201,1085,105.7167
ONEQ,2026-08-13T19:35:00+00:00,2026-08-13T19:40:00+00:00,105.7,105.71,105.7,105.71,439,105.7067
ONEQ,2026-08-13T19:40:00+00:00,2026-08-13T19:45:00+00:00,105.6601,105.71,105.6601,105.685,3153,105.685
ONEQ,2026-08-13T19:45:00+00:00,2026-08-13T19:50:00+00:00,105.69,105.69,105.595,105.595,3045,105.6267
ONEQ,2026-08-13T19:50:00+00:00,2026-08-13T19:55:00+00:00,105.5331,105.67,105.5244,105.59,4524,105.5948
ONEQ,2026-08-13T19:55:00+00:00,2026-08-13T20:00:00+00:00,105.6026,105.6026,105.545,105.545,2412,105.5642
ONEQ,2026-08-14T13:30:00+00:00,2026-08-14T13:35:00+00:00,105.86,105.86,105.59,105.7,11486,105.7167
ONEQ,2026-08-14T13:35:00+00:00,2026-08-14T13:40:00+00:00,105.78,105.79,105.62,105.67,5085,105.6933
ONEQ,2026-08-14T13:40:00+00:00,2026-08-14T13:45:00+00:00,105.68,105.73,105.68,105.73,2228,105.7133
ONEQ,2026-08-14T13:45:00+00:00,2026-08-14T13:50:00+00:00,105.79,105.79,105.67,105.7663,3408,105.7421
ONEQ,2026-08-14T13:50:00+00:00,2026-08-14T13:55:00+00:00,105.72,105.74,105.62,105.7162,5393,105.6921
ONEQ,2026-08-14T13:55:00+00:00,2026-08-14T14:00:00+00:00,105.685,105.6881,105.64,105.68,6672,105.6694
ONEQ,2026-08-14T14:00:00+00:00,2026-08-14T14:05:00+00:00,105.62,105.7399,105.62,105.63,8866,105.6633
ONEQ,2026-08-14T14:05:00+00:00,2026-08-14T14:10:00+00:00,105.66,105.75,105.66,105.725,3784,105.7117
ONEQ,2026-08-14T14:10:00+00:00,2026-08-14T14:15:00+00:00,105.7,105.7,105.695,105.7,1706,105.6983
ONEQ,2026-08-14T14:15:00+00:00,2026-08-14T14:20:00+00:00,105.64,105.655,105.58,105.605,8047,105.6133
ONEQ,2026-08-14T14:20:00+00:00,2026-08-14T14:25:00+00:00,105.6799,105.6799,105.3958,105.47,5095,105.5152
ONEQ,2026-08-14T14:25:00+00:00,2026-08-14T14:30:00+00:00,105.475,105.48,105.393,105.43,4903,105.4343
ONEQ,2026-08-14T14:30:00+00:00,2026-08-14T14:35:00+00:00,105.415,105.5099,105.31,105.35,2461,105.39
ONEQ,2026-08-14T14:35:00+00:00,2026-08-14T14:40:00+00:00,105.42,105.445,105.42,105.445,943,105.4367
ONEQ,2026-08-14T14:40:00+00:00,2026-08-14T14:45:00+00:00,105.445,105.445,105.43,105.43,615,105.435
ONEQ,2026-08-14T14:45:00+00:00,2026-08-14T14:50:00+00:00,105.5,105.5,105.4001,105.44,2388,105.4467
ONEQ,2026-08-14T14:50:00+00:00,2026-08-14T14:55:00+00:00,105.3937,105.3937,105.3937,105.3937,477,105.3937
ONEQ,2026-08-14T14:55:00+00:00,2026-08-14T15:00:00+00:00,105.45,105.45,105.29,105.29,3561,105.3433
ONEQ,2026-08-14T15:00:00+00:00,2026-08-14T15:05:00+00:00,105.285,105.285,105.22,105.2589,2576,105.2546
ONEQ,2026-08-14T15:05:00+00:00,2026-08-14T15:10:00+00:00,105.28,105.28,105.2251,105.2251,3052,105.2434
ONEQ,2026-08-14T15:10:00+00:00,2026-08-14T15:15:00+00:00,105.2158,105.24,105.1375,105.1375,2367,105.1717
ONEQ,2026-08-14T15:15:00+00:00,2026-08-14T15:20:00+00:00,105.22,105.22,105.1902,105.1902,1044,105.2001
ONEQ,2026-08-14T15:20:00+00:00,2026-08-14T15:25:00+00:00,105.17,105.17,105.115,105.115,2876,105.1333
ONEQ,2026-08-14T15:25:00+00:00,2026-08-14T15:30:00+00:00,105.149,105.149,105.055,105.0871,9641,105.097
ONEQ,2026-08-14T15:30:00+00:00,2026-08-14T15:35:00+00:00,105.13,105.15,105.04,105.0701,3616,105.0867
ONEQ,2026-08-14T15:35:00+00:00,2026-08-14T15:40:00+00:00,105.11,105.16,105.11,105.16,2526,105.1433
ONEQ,2026-08-14T15:40:00+00:00,2026-08-14T15:45:00+00:00,105.085,105.1463,105.03,105.1463,19091,105.1075
ONEQ,2026-08-14T15:45:00+00:00,2026-08-14T15:50:00+00:00,105.095,105.16,105.095,105.16,1796,105.1383
ONEQ,2026-08-14T15:50:00+00:00,2026-08-14T15:55:00+00:00,105.11,105.15,105.11,105.15,1159,105.1367
ONEQ,2026-08-14T15:55:00+00:00,2026-08-14T16:00:00+00:00,105.1553,105.1589,105.1553,105.1589,1262,105.1577
ONEQ,2026-08-14T16:05:00+00:00,2026-08-14T16:10:00+00:00,105.195,105.195,105.17,105.17,1703,105.1783
ONEQ,2026-08-14T16:10:00+00:00,2026-08-14T16:15:00+00:00,105.18,105.2,105.17,105.2,5567,105.19
ONEQ,2026-08-14T16:15:00+00:00,2026-08-14T16:20:00+00:00,105.22,105.22,105.22,105.22,1631,105.22
ONEQ,2026-08-14T16:20:00+00:00,2026-08-14T16:25:00+00:00,105.2,105.27,105.1954,105.27,3537,105.2451
ONEQ,2026-08-14T16:25:00+00:00,2026-08-14T16:30:00+00:00,105.24,105.285,105.23,105.28,1972,105.265
ONEQ,2026-08-14T16:30:00+00:00,2026-08-14T16:35:00+00:00,105.18,105.2,105.18,105.2,1441,105.1933
ONEQ,2026-08-14T16:35:00+00:00,2026-08-14T16:40:00+00:00,105.215,105.215,105.1701,105.2,914,105.195
ONEQ,2026-08-14T16:40:00+00:00,2026-08-14T16:45:00+00:00,105.19,105.21,105.12,105.21,1507,105.18
ONEQ,2026-08-14T16:45:00+00:00,2026-08-14T16:50:00+00:00,105.12,105.15,105.12,105.15,1566,105.14
ONEQ,2026-08-14T16:50:00+00:00,2026-08-14T16:55:00+00:00,105.14,105.14,105.0875,105.0875,3910,105.105
ONEQ,2026-08-14T17:00:00+00:00,2026-08-14T17:05:00+00:00,105.104,105.125,105.104,105.125,830,105.118
ONEQ,2026-08-14T17:05:00+00:00,2026-08-14T17:10:00+00:00,105.1101,105.1672,105.1101,105.1672,2701,105.1482
ONEQ,2026-08-14T17:10:00+00:00,2026-08-14T17:15:00+00:00,105.13,105.14,105.13,105.14,768,105.1367
ONEQ,2026-08-14T17:15:00+00:00,2026-08-14T17:20:00+00:00,105.1101,105.12,105.1101,105.12,1899,105.1167
ONEQ,2026-08-14T17:20:00+00:00,2026-08-14T17:25:00+00:00,105.165,105.165,105.12,105.12,679,105.135
ONEQ,2026-08-14T17:25:00+00:00,2026-08-14T17:30:00+00:00,105.11,105.135,105.09,105.11,1754,105.1117
ONEQ,2026-08-14T17:30:00+00:00,2026-08-14T17:35:00+00:00,105.125,105.125,105.08,105.08,1959,105.095
ONEQ,2026-08-14T17:35:00+00:00,2026-08-14T17:40:00+00:00,105.14,105.14,105.14,105.14,1454,105.14
ONEQ,2026-08-14T17:40:00+00:00,2026-08-14T17:45:00+00:00,105.08,105.08,105.08,105.08,560,105.08
ONEQ,2026-08-14T17:45:00+00:00,2026-08-14T17:50:00+00:00,105.15,105.15,105.15,105.15,1863,105.15
ONEQ,2026-08-14T18:00:00+00:00,2026-08-14T18:05:00+00:00,105.1699,105.17,105.165,105.165,3279,105.1667
ONEQ,2026-08-14T18:05:00+00:00,2026-08-14T18:10:00+00:00,105.21,105.21,105.18,105.18,2289,105.19
ONEQ,2026-08-14T18:10:00+00:00,2026-08-14T18:15:00+00:00,105.185,105.185,105.16,105.16,3060,105.1683
ONEQ,2026-08-14T18:15:00+00:00,2026-08-14T18:20:00+00:00,105.24,105.24,105.24,105.24,4898,105.24
ONEQ,2026-08-14T18:25:00+00:00,2026-08-14T18:30:00+00:00,105.2,105.2,105.14,105.14,1506,105.16
ONEQ,2026-08-14T18:35:00+00:00,2026-08-14T18:40:00+00:00,105.1399,105.1399,105.13,105.138,1252,105.136
ONEQ,2026-08-14T18:40:00+00:00,2026-08-14T18:45:00+00:00,105.15,105.1945,105.13,105.1945,1772,105.173
ONEQ,2026-08-14T18:45:00+00:00,2026-08-14T18:50:00+00:00,105.19,105.19,105.165,105.167,1674,105.174
ONEQ,2026-08-14T18:50:00+00:00,2026-08-14T18:55:00+00:00,105.21,105.21,105.21,105.21,1781,105.21
ONEQ,2026-08-14T19:00:00+00:00,2026-08-14T19:05:00+00:00,105.11,105.11,105.11,105.11,572,105.11
ONEQ,2026-08-14T19:05:00+00:00,2026-08-14T19:10:00+00:00,105.13,105.1469,105.13,105.145,1086,105.1406
ONEQ,2026-08-14T19:15:00+00:00,2026-08-14T19:20:00+00:00,105.1,105.19,105.1,105.19,833,105.16
ONEQ,2026-08-14T19:20:00+00:00,2026-08-14T19:25:00+00:00,105.15,105.15,105.15,105.15,598,105.15
ONEQ,2026-08-14T19:25:00+00:00,2026-08-14T19:30:00+00:00,105.16,105.16,105.16,105.16,871,105.16
ONEQ,2026-08-14T19:30:00+00:00,2026-08-14T19:35:00+00:00,105.185,105.23,105.18,105.23,2511,105.2133
ONEQ,2026-08-14T19:35:00+00:00,2026-08-14T19:40:00+00:00,105.21,105.245,105.21,105.245,4988,105.2333
ONEQ,2026-08-14T19:40:00+00:00,2026-08-14T19:45:00+00:00,105.2201,105.245,105.2201,105.245,1342,105.2367
ONEQ,2026-08-14T19:45:00+00:00,2026-08-14T19:50:00+00:00,105.235,105.27,105.235,105.24,1889,105.2483
ONEQ,2026-08-14T19:50:00+00:00,2026-08-14T19:55:00+00:00,105.27,105.2851,105.245,105.2851,5533,105.2717
ONEQ,2026-08-14T19:55:00+00:00,2026-08-14T20:00:00+00:00,105.28,105.28,105.245,105.245,866,105.2567
ONEQ,2026-08-17T13:30:00+00:00,2026-08-17T13:35:00+00:00,105.58,105.58,105.3,105.3,56652,105.3933
ONEQ,2026-08-17T13:35:00+00:00,2026-08-17T13:40:00+00:00,105.3,105.45,105.3,105.31,8100,105.3533
ONEQ,2026-08-17T13:40:00+00:00,2026-08-17T13:45:00+00:00,105.35,105.35,105.3474,105.3474,634,105.3483
ONEQ,2026-08-17T13:45:00+00:00,2026-08-17T13:50:00+00:00,105.35,105.3512,105.292,105.292,2186,105.3117
ONEQ,2026-08-17T13:50:00+00:00,2026-08-17T13:55:00+00:00,105.435,105.458,105.435,105.458,1345,105.4503
ONEQ,2026-08-17T13:55:00+00:00,2026-08-17T14:00:00+00:00,105.4342,105.4342,105.399,105.399,981,105.4107
ONEQ,2026-08-17T14:00:00+00:00,2026-08-17T14:05:00+00:00,105.26,105.405,105.22,105.31,8877,105.3117
ONEQ,2026-08-17T14:05:00+00:00,2026-08-17T14:10:00+00:00,105.3027,105.34,105.3027,105.34,4953,105.3276
ONEQ,2026-08-17T14:10:00+00:00,2026-08-17T14:15:00+00:00,105.49,105.49,105.47,105.47,1919,105.4767
ONEQ,2026-08-17T14:15:00+00:00,2026-08-17T14:20:00+00:00,105.43,105.43,105.36,105.4,4139,105.3967
ONEQ,2026-08-17T14:20:00+00:00,2026-08-17T14:25:00+00:00,105.2273,105.2363,105.2273,105.2363,642,105.2333
ONEQ,2026-08-17T14:25:00+00:00,2026-08-17T14:30:00+00:00,105.23,105.3,105.23,105.2701,6667,105.2667
ONEQ,2026-08-17T14:30:00+00:00,2026-08-17T14:35:00+00:00,105.36,105.36,105.2901,105.2901,2850,105.3134
ONEQ,2026-08-17T14:35:00+00:00,2026-08-17T14:40:00+00:00,105.39,105.39,105.3285,105.3285,1930,105.349
ONEQ,2026-08-17T14:40:00+00:00,2026-08-17T14:45:00+00:00,105.3442,105.3442,105.3001,105.3001,1064,105.3148
ONEQ,2026-08-17T14:45:00+00:00,2026-08-17T14:50:00+00:00,105.31,105.36,105.31,105.36,1525,105.3433
ONEQ,2026-08-17T14:50:00+00:00,2026-08-17T14:55:00+00:00,105.325,105.325,105.325,105.325,920,105.325
ONEQ,2026-08-17T14:55:00+00:00,2026-08-17T15:00:00+00:00,105.3225,105.3225,105.3225,105.3225,710,105.3225
ONEQ,2026-08-17T15:00:00+00:00,2026-08-17T15:05:00+00:00,105.4513,105.4832,105.38,105.4832,1827,105.4488
ONEQ,2026-08-17T15:05:00+00:00,2026-08-17T15:10:00+00:00,105.5323,105.5323,105.45,105.45,1520,105.4774
ONEQ,2026-08-17T15:10:00+00:00,2026-08-17T15:15:00+00:00,105.445,105.445,105.435,105.435,4744,105.4383
ONEQ,2026-08-17T15:20:00+00:00,2026-08-17T15:25:00+00:00,105.53,105.54,105.43,105.43,2671,105.4667
ONEQ,2026-08-17T15:25:00+00:00,2026-08-17T15:30:00+00:00,105.46,105.49,105.46,105.485,1100,105.4783
ONEQ,2026-08-17T15:30:00+00:00,2026-08-17T15:35:00+00:00,105.4877,105.4877,105.43,105.43,1153,105.4492
ONEQ,2026-08-17T15:35:00+00:00,2026-08-17T15:40:00+00:00,105.435,105.435,105.4249,105.4249,3488,105.4283
ONEQ,2026-08-17T15:40:00+00:00,2026-08-17T15:45:00+00:00,105.375,105.375,105.325,105.37,2464,105.3567
ONEQ,2026-08-17T15:45:00+00:00,2026-08-17T15:50:00+00:00,105.4,105.4,105.385,105.4,9086,105.395
ONEQ,2026-08-17T15:50:00+00:00,2026-08-17T15:55:00+00:00,105.44,105.48,105.44,105.48,1062,105.4667
ONEQ,2026-08-17T16:00:00+00:00,2026-08-17T16:05:00+00:00,105.475,105.475,105.425,105.425,438,105.4417
ONEQ,2026-08-17T16:05:00+00:00,2026-08-17T16:10:00+00:00,105.39,105.4,105.37,105.37,2136,105.38
ONEQ,2026-08-17T16:10:00+00:00,2026-08-17T16:15:00+00:00,105.3639,105.3721,105.3639,105.3721,435,105.3694
ONEQ,2026-08-17T16:15:00+00:00,2026-08-17T16:20:00+00:00,105.3799,105.38,105.365,105.365,1629,105.37
ONEQ,2026-08-17T16:20:00+00:00,2026-08-17T16:25:00+00:00,105.41,105.41,105.4,105.4,880,105.4033
ONEQ,2026-08-17T16:25:00+00:00,2026-08-17T16:30:00+00:00,105.34,105.34,105.335,105.335,1041,105.3367
ONEQ,2026-08-17T16:30:00+00:00,2026-08-17T16:35:00+00:00,105.37,105.4,105.37,105.375,5034,105.3817
ONEQ,2026-08-17T16:35:00+00:00,2026-08-17T16:40:00+00:00,105.32,105.3628,105.2933,105.3628,3754,105.3396
ONEQ,2026-08-17T16:40:00+00:00,2026-08-17T16:45:00+00:00,105.35,105.35,105.35,105.35,1908,105.35
ONEQ,2026-08-17T16:45:00+00:00,2026-08-17T16:50:00+00:00,105.275,105.28,105.27,105.28,2282,105.2767
ONEQ,2026-08-17T16:50:00+00:00,2026-08-17T16:55:00+00:00,105.26,105.26,105.26,105.26,298,105.26
ONEQ,2026-08-17T16:55:00+00:00,2026-08-17T17:00:00+00:00,105.25,105.25,105.25,105.25,931,105.25
ONEQ,2026-08-17T17:00:00+00:00,2026-08-17T17:05:00+00:00,105.2312,105.2499,105.2312,105.2499,3720,105.2437
ONEQ,2026-08-17T17:05:00+00:00,2026-08-17T17:10:00+00:00,105.2189,105.2189,105.16,105.16,3277,105.1796
ONEQ,2026-08-17T17:10:00+00:00,2026-08-17T17:15:00+00:00,105.14,105.15,105.14,105.15,3121,105.1467
ONEQ,2026-08-17T17:15:00+00:00,2026-08-17T17:20:00+00:00,105.0701,105.0701,105.0701,105.0701,1389,105.0701
ONEQ,2026-08-17T17:20:00+00:00,2026-08-17T17:25:00+00:00,105.07,105.07,105.02,105.02,832,105.0367
ONEQ,2026-08-17T17:25:00+00:00,2026-08-17T17:30:00+00:00,105.0199,105.0199,105.0199,105.0199,3967,105.0199
ONEQ,2026-08-17T17:30:00+00:00,2026-08-17T17:35:00+00:00,105.025,105.025,105.025,105.025,608,105.025
ONEQ,2026-08-17T17:35:00+00:00,2026-08-17T17:40:00+00:00,105.02,105.0265,105.02,105.0265,345,105.0243
ONEQ,2026-08-17T17:40:00+00:00,2026-08-17T17:45:00+00:00,105.0,105.09,105.0,105.09,665,105.06
ONEQ,2026-08-17T17:45:00+00:00,2026-08-17T17:50:00+00:00,105.11,105.11,105.065,105.065,1519,105.08
ONEQ,2026-08-17T17:50:00+00:00,2026-08-17T17:55:00+00:00,105.035,105.04,105.025,105.04,1764,105.035
ONEQ,2026-08-17T17:55:00+00:00,2026-08-17T18:00:00+00:00,105.0,105.01,105.0,105.01,3820,105.0067
ONEQ,2026-08-17T18:00:00+00:00,2026-08-17T18:05:00+00:00,105.0,105.0,104.965,104.965,778,104.9767
ONEQ,2026-08-17T18:05:00+00:00,2026-08-17T18:10:00+00:00,104.96,104.96,104.96,104.96,253,104.96
ONEQ,2026-08-17T18:10:00+00:00,2026-08-17T18:15:00+00:00,104.9993,105.01,104.9993,105.01,1564,105.0064
ONEQ,2026-08-17T18:15:00+00:00,2026-08-17T18:20:00+00:00,104.9863,105.04,104.9863,105.04,1099,105.0221
ONEQ,2026-08-17T18:20:00+00:00,2026-08-17T18:25:00+00:00,105.015,105.015,105.015,105.015,528,105.015
ONEQ,2026-08-17T18:25:00+00:00,2026-08-17T18:30:00+00:00,105.01,105.015,105.01,105.015,809,105.0133
ONEQ,2026-08-17T18:35:00+00:00,2026-08-17T18:40:00+00:00,105.05,105.05,105.02,105.02,481,105.03
ONEQ,2026-08-17T18:40:00+00:00,2026-08-17T18:45:00+00:00,105.04,105.06,105.04,105.06,1127,105.0533
ONEQ,2026-08-17T18:45:00+00:00,2026-08-17T18:50:00+00:00,105.065,105.065,105.05,105.05,2149,105.055
ONEQ,2026-08-17T18:50:00+00:00,2026-08-17T18:55:00+00:00,105.11,105.11,105.11,105.11,276,105.11
ONEQ,2026-08-17T18:55:00+00:00,2026-08-17T19:00:00+00:00,105.09,105.105,105.06,105.075,2194,105.08
ONEQ,2026-08-17T19:00:00+00:00,2026-08-17T19:05:00+00:00,105.07,105.08,105.065,105.065,3913,105.07
ONEQ,2026-08-17T19:05:00+00:00,2026-08-17T19:10:00+00:00,105.0664,105.07,105.0664,105.07,1168,105.0688
ONEQ,2026-08-17T19:10:00+00:00,2026-08-17T19:15:00+00:00,105.08,105.08,105.02,105.02,615,105.04
ONEQ,2026-08-17T19:15:00+00:00,2026-08-17T19:20:00+00:00,105.0101,105.06,105.0101,105.06,1691,105.0434
ONEQ,2026-08-17T19:20:00+00:00,2026-08-17T19:25:00+00:00,105.08,105.09,105.06,105.06,487,105.07
ONEQ,2026-08-17T19:25:00+00:00,2026-08-17T19:30:00+00:00,105.065,105.12,105.065,105.065,2841,105.0833
ONEQ,2026-08-17T19:30:00+00:00,2026-08-17T19:35:00+00:00,105.02,105.0363,105.02,105.0299,3968,105.0287
ONEQ,2026-08-17T19:35:00+00:00,2026-08-17T19:40:00+00:00,105.0,105.035,105.0,105.035,1302,105.0233
ONEQ,2026-08-17T19:40:00+00:00,2026-08-17T19:45:00+00:00,105.04,105.04,105.0,105.035,1603,105.025
ONEQ,2026-08-17T19:45:00+00:00,2026-08-17T19:50:00+00:00,105.0352,105.0538,105.0352,105.0538,946,105.0476
ONEQ,2026-08-17T19:50:00+00:00,2026-08-17T19:55:00+00:00,105.0,105.0198,105.0,105.0198,989,105.0132
ONEQ,2026-08-17T19:55:00+00:00,2026-08-17T20:00:00+00:00,104.99,105.06,104.93,105.06,7814,105.0167
ONEQ,2026-08-18T13:30:00+00:00,2026-08-18T13:35:00+00:00,104.2,104.22,103.68,103.735,21618,103.8783
ONEQ,2026-08-18T13:35:00+00:00,2026-08-18T13:40:00+00:00,103.75,103.97,103.7401,103.92,8843,103.8767
ONEQ,2026-08-18T13:40:00+00:00,2026-08-18T13:45:00+00:00,104.0701,104.115,103.8009,103.8009,2692,103.9056
ONEQ,2026-08-18T13:45:00+00:00,2026-08-18T13:50:00+00:00,103.83,103.8757,103.75,103.75,8512,103.7919
ONEQ,2026-08-18T13:50:00+00:00,2026-08-18T13:55:00+00:00,103.64,103.82,103.64,103.64,4815,103.7
ONEQ,2026-08-18T13:55:00+00:00,2026-08-18T14:00:00+00:00,103.635,103.73,103.635,103.66,4768,103.675
ONEQ,2026-08-18T14:00:00+00:00,2026-08-18T14:05:00+00:00,103.785,103.8599,103.7303,103.8599,1984,103.8167
ONEQ,2026-08-18T14:05:00+00:00,2026-08-18T14:10:00+00:00,103.79,103.8499,103.715,103.715,2835,103.76
ONEQ,2026-08-18T14:10:00+00:00,2026-08-18T14:15:00+00:00,103.64,103.64,103.53,103.59,1658,103.5867
ONEQ,2026-08-18T14:15:00+00:00,2026-08-18T14:20:00+00:00,103.575,103.705,103.5712,103.7,10834,103.6587
ONEQ,2026-08-18T14:20:00+00:00,2026-08-18T14:25:00+00:00,103.73,103.73,103.62,103.67,3840,103.6733
ONEQ,2026-08-18T14:25:00+00:00,2026-08-18T14:30:00+00:00,103.8227,103.9299,103.8227,103.855,4947,103.8692
ONEQ,2026-08-18T14:30:00+00:00,2026-08-18T14:35:00+00:00,103.89,103.91,103.88,103.88,974,103.89
ONEQ,2026-08-18T14:35:00+00:00,2026-08-18T14:40:00+00:00,103.88,103.93,103.88,103.9,1401,103.9033
ONEQ,2026-08-18T14:40:00+00:00,2026-08-18T14:45:00+00:00,103.88,103.88,103.6588,103.6588,6000,103.7325
ONEQ,2026-08-18T14:45:00+00:00,2026-08-18T14:50:00+00:00,103.705,103.7743,103.705,103.71,3555,103.7298
ONEQ,2026-08-18T14:50:00+00:00,2026-08-18T14:55:00+00:00,103.69,103.705,103.54,103.59,2320,103.6117
ONEQ,2026-08-18T14:55:00+00:00,2026-08-18T15:00:00+00:00,103.585,103.63,103.52,103.52,2217,103.5567
ONEQ,2026-08-18T15:00:00+00:00,2026-08-18T15:05:00+00:00,103.5551,103.6125,103.46,103.6125,8162,103.5617
ONEQ,2026-08-18T15:05:00+00:00,2026-08-18T15:10:00+00:00,103.6,103.6,103.53,103.6,3019,103.5767
ONEQ,2026-08-18T15:10:00+00:00,2026-08-18T15:15:00+00:00,103.53,103.56,103.52,103.56,2295,103.5467
ONEQ,2026-08-18T15:15:00+00:00,2026-08-18T15:20:00+00:00,103.6,103.6,103.56,103.56,1476,103.5733
ONEQ,2026-08-18T15:20:00+00:00,2026-08-18T15:25:00+00:00,103.5301,103.62,103.53,103.62,43983,103.59
ONEQ,2026-08-18T15:25:00+00:00,2026-08-18T15:30:00+00:00,103.61,103.71,103.61,103.71,1061,103.6767
ONEQ,2026-08-18T15:30:00+00:00,2026-08-18T15:35:00+00:00,103.66,103.6999,103.66,103.6999,1635,103.6866
ONEQ,2026-08-18T15:35:00+00:00,2026-08-18T15:40:00+00:00,103.62,103.66,103.59,103.65,2195,103.6333
ONEQ,2026-08-18T15:40:00+00:00,2026-08-18T15:45:00+00:00,103.6854,103.6854,103.6854,103.6854,725,103.6854
ONEQ,2026-08-18T15:45:00+00:00,2026-08-18T15:50:00+00:00,103.7199,103.78,103.7199,103.76,6557,103.7533
ONEQ,2026-08-18T15:50:00+00:00,2026-08-18T15:55:00+00:00,103.72,103.8299,103.72,103.8299,1031,103.7933
ONEQ,2026-08-18T15:55:00+00:00,2026-08-18T16:00:00+00:00,103.778,103.778,103.778,103.778,242,103.778
ONEQ,2026-08-18T16:00:00+00:00,2026-08-18T16:05:00+00:00,103.81,103.88,103.81,103.88,591,103.8567
ONEQ,2026-08-18T16:05:00+00:00,2026-08-18T16:10:00+00:00,103.835,103.84,103.835,103.835,2357,103.8367
ONEQ,2026-08-18T16:10:00+00:00,2026-08-18T16:15:00+00:00,103.845,103.8779,103.845,103.8778,13837,103.8669
ONEQ,2026-08-18T16:15:00+00:00,2026-08-18T16:20:00+00:00,103.87,103.87,103.79,103.79,10859,103.8167
ONEQ,2026-08-18T16:20:00+00:00,2026-08-18T16:25:00+00:00,103.84,103.865,103.81,103.86,2138,103.845
ONEQ,2026-08-18T16:25:00+00:00,2026-08-18T16:30:00+00:00,103.77,103.8306,103.76,103.76,2692,103.7835
ONEQ,2026-08-18T16:30:00+00:00,2026-08-18T16:35:00+00:00,103.77,103.795,103.745,103.78,2937,103.7733
ONEQ,2026-08-18T16:35:00+00:00,2026-08-18T16:40:00+00:00,103.78,103.81,103.75,103.81,5589,103.79
ONEQ,2026-08-18T16:40:00+00:00,2026-08-18T16:45:00+00:00,103.85,103.85,103.7886,103.83,0,103.8229
ONEQ,2026-08-18T16:45:00+00:00,2026-08-18T16:50:00+00:00,103.88,103.88,103.88,103.88,198,103.88
ONEQ,2026-08-18T16:50:00+00:00,2026-08-18T16:55:00+00:00,103.945,103.945,103.94,103.94,845,103.9417
ONEQ,2026-08-18T16:55:00+00:00,2026-08-18T17:00:00+00:00,103.95,103.9699,103.93,103.9699,910,103.9566
ONEQ,2026-08-18T17:00:00+00:00,2026-08-18T17:05:00+00:00,103.87,103.93,103.8674,103.93,789,103.9091
ONEQ,2026-08-18T17:05:00+00:00,2026-08-18T17:10:00+00:00,103.85,103.85,103.85,103.85,362,103.85
ONEQ,2026-08-18T17:10:00+00:00,2026-08-18T17:15:00+00:00,103.87,103.87,103.87,103.87,340,103.87
ONEQ,2026-08-18T17:20:00+00:00,2026-08-18T17:25:00+00:00,103.75,103.75,103.75,103.75,586,103.75
ONEQ,2026-08-18T17:25:00+00:00,2026-08-18T17:30:00+00:00,103.7232,103.7504,103.7232,103.7504,543,103.7413
ONEQ,2026-08-18T17:30:00+00:00,2026-08-18T17:35:00+00:00,103.755,103.755,103.745,103.745,1379,103.7483
ONEQ,2026-08-18T17:35:00+00:00,2026-08-18T17:40:00+00:00,103.755,103.76,103.66,103.74,2562,103.72
ONEQ,2026-08-18T17:40:00+00:00,2026-08-18T17:45:00+00:00,103.75,103.75,103.715,103.73,2094,103.7317
ONEQ,2026-08-18T17:45:00+00:00,2026-08-18T17:50:00+00:00,103.775,103.775,103.72,103.72,2032,103.7383
ONEQ,2026-08-18T17:50:00+00:00,2026-08-18T17:55:00+00:00,103.7,103.7191,103.6721,103.705,1524,103.6987
ONEQ,2026-08-18T17:55:00+00:00,2026-08-18T18:00:00+00:00,103.675,103.675,103.62,103.62,2822,103.6383
ONEQ,2026-08-18T18:00:00+00:00,2026-08-18T18:05:00+00:00,103.62,103.62,103.59,103.59,1715,103.6
ONEQ,2026-08-18T18:05:00+00:00,2026-08-18T18:10:00+00:00,103.5655,103.61,103.56,103.56,1603,103.5767
ONEQ,2026-08-18T18:10:00+00:00,2026-08-18T18:15:00+00:00,103.5651,103.64,103.555,103.64,1590,103.6117
ONEQ,2026-08-18T18:15:00+00:00,2026-08-18T18:20:00+00:00,103.67,103.7399,103.63,103.65,3430,103.6733
ONEQ,2026-08-18T18:20:00+00:00,2026-08-18T18:25:00+00:00,103.67,103.7999,103.67,103.6801,1005,103.7167
ONEQ,2026-08-18T18:25:00+00:00,2026-08-18T18:30:00+00:00,103.68,103.685,103.68,103.685,1280,103.6833
ONEQ,2026-08-18T18:30:00+00:00,2026-08-18T18:35:00+00:00,103.71,103.71,103.675,103.675,714,103.6867
ONEQ,2026-08-18T18:35:00+00:00,2026-08-18T18:40:00+00:00,103.705,103.725,103.705,103.72,736,103.7167
ONEQ,2026-08-18T18:40:00+00:00,2026-08-18T18:45:00+00:00,103.71,103.71,103.62,103.64,4615,103.6567
ONEQ,2026-08-18T18:45:00+00:00,2026-08-18T18:50:00+00:00,103.67,103.68,103.6486,103.67,1599,103.6662
ONEQ,2026-08-18T18:50:00+00:00,2026-08-18T18:55:00+00:00,103.67,103.67,103.6,103.6,2446,103.6233
ONEQ,2026-08-18T18:55:00+00:00,2026-08-18T19:00:00+00:00,103.61,103.6298,103.58,103.62,2290,103.6099
ONEQ,2026-08-18T19:00:00+00:00,2026-08-18T19:05:00+00:00,103.57,103.58,103.57,103.58,1783,103.5767
ONEQ,2026-08-18T19:05:00+00:00,2026-08-18T19:10:00+00:00,103.58,103.61,103.56,103.61,17108,103.5933
ONEQ,2026-08-18T19:10:00+00:00,2026-08-18T19:15:00+00:00,103.5951,103.5999,103.56,103.58,1652,103.58
ONEQ,2026-08-18T19:15:00+00:00,2026-08-18T19:20:00+00:00,103.56,103.56,103.56,103.56,956,103.56
ONEQ,2026-08-18T19:20:00+00:00,2026-08-18T19:25:00+00:00,103.58,103.58,103.5701,103.5701,1839,103.5734
ONEQ,2026-08-18T19:30:00+00:00,2026-08-18T19:35:00+00:00,103.63,103.655,103.63,103.65,5792,103.645
ONEQ,2026-08-18T19:35:00+00:00,2026-08-18T19:40:00+00:00,103.6699,103.6699,103.65,103.65,1425,103.6566
ONEQ,2026-08-18T19:40:00+00:00,2026-08-18T19:45:00+00:00,103.63,103.65,103.58,103.65,7353,103.6267
ONEQ,2026-08-18T19:45:00+00:00,2026-08-18T19:50:00+00:00,103.65,103.6663,103.6101,103.625,8503,103.6338
ONEQ,2026-08-18T19:50:00+00:00,2026-08-18T19:55:00+00:00,103.59,103.6598,103.5,103.525,9195,103.5616
ONEQ,2026-08-18T19:55:00+00:00,2026-08-18T20:00:00+00:00,103.5798,103.59,103.5,103.56,13052,103.55
ONEQ,2026-08-19T13:30:00+00:00,2026-08-19T13:35:00+00:00,103.84,104.1537,103.84,103.98,12306,103.9912
ONEQ,2026-08-19T13:35:00+00:00,2026-08-19T13:40:00+00:00,103.985,103.985,103.765,103.83,1655,103.86
ONEQ,2026-08-19T13:40:00+00:00,2026-08-19T13:45:00+00:00,103.645,103.75,103.595,103.595,2450,103.6467
ONEQ,2026-08-19T13:45:00+00:00,2026-08-19T13:50:00+00:00,103.6,103.75,103.46,103.46,6381,103.5567
ONEQ,2026-08-19T13:50:00+00:00,2026-08-19T13:55:00+00:00,103.28,103.475,103.155,103.405,5121,103.345
ONEQ,2026-08-19T13:55:00+00:00,2026-08-19T14:00:00+00:00,103.4495,103.4495,103.4495,103.4495,335,103.4495
ONEQ,2026-08-19T14:00:00+00:00,2026-08-19T14:05:00+00:00,103.4,103.52,103.305,103.435,3280,103.42
ONEQ,2026-08-19T14:05:00+00:00,2026-08-19T14:10:00+00:00,103.445,103.55,103.2001,103.44,5535,103.3967
ONEQ,2026-08-19T14:10:00+00:00,2026-08-19T14:15:00+00:00,103.355,103.355,103.251,103.251,497,103.2857
ONEQ,2026-08-19T14:15:00+00:00,2026-08-19T14:20:00+00:00,103.28,103.43,103.2,103.33,6848,103.32
ONEQ,2026-08-19T14:20:00+00:00,2026-08-19T14:25:00+00:00,103.42,103.42,103.3,103.4,1365,103.3733
ONEQ,2026-08-19T14:25:00+00:00,2026-08-19T14:30:00+00:00,103.45,103.56,103.45,103.56,763,103.5233
ONEQ,2026-08-19T14:30:00+00:00,2026-08-19T14:35:00+00:00,103.59,103.59,103.5351,103.5351,464,103.5534
ONEQ,2026-08-19T14:35:00+00:00,2026-08-19T14:40:00+00:00,103.52,103.8499,103.5115,103.76,2590,103.7071
ONEQ,2026-08-19T14:40:00+00:00,2026-08-19T14:45:00+00:00,103.69,103.83,103.69,103.82,16738,103.78
ONEQ,2026-08-19T14:45:00+00:00,2026-08-19T14:50:00+00:00,103.75,103.86,103.75,103.82,1350,103.81
ONEQ,2026-08-19T14:50:00+00:00,2026-08-19T14:55:00+00:00,103.765,103.905,103.75,103.83,2249,103.8283
ONEQ,2026-08-19T14:55:00+00:00,2026-08-19T15:00:00+00:00,103.9999,104.05,103.915,103.98,4527,103.9817
ONEQ,2026-08-19T15:00:00+00:00,2026-08-19T15:05:00+00:00,104.09,104.09,103.965,104.02,1843,104.025
ONEQ,2026-08-19T15:05:00+00:00,2026-08-19T15:10:00+00:00,104.015,104.015,103.995,103.995,1943,104.0017
ONEQ,2026-08-19T15:10:00+00:00,2026-08-19T15:15:00+00:00,103.965,103.975,103.945,103.975,667,103.965
ONEQ,2026-08-19T15:15:00+00:00,2026-08-19T15:20:00+00:00,103.98,104.06,103.975,104.025,2160,104.02
ONEQ,2026-08-19T15:25:00+00:00,2026-08-19T15:30:00+00:00,104.0,104.0,104.0,104.0,1161,104.0
ONEQ,2026-08-19T15:30:00+00:00,2026-08-19T15:35:00+00:00,104.01,104.02,104.01,104.02,767,104.0167
ONEQ,2026-08-19T15:40:00+00:00,2026-08-19T15:45:00+00:00,103.89,103.93,103.89,103.93,788,103.9167
ONEQ,2026-08-19T15:45:00+00:00,2026-08-19T15:50:00+00:00,103.9872,103.9872,103.9872,103.9872,652,103.9872
ONEQ,2026-08-19T15:50:00+00:00,2026-08-19T15:55:00+00:00,103.96,103.96,103.915,103.915,811,103.93
ONEQ,2026-08-19T15:55:00+00:00,2026-08-19T16:00:00+00:00,103.925,103.99,103.92,103.99,3409,103.9667
ONEQ,2026-08-19T16:00:00+00:00,2026-08-19T16:05:00+00:00,104.12,104.12,104.12,104.12,3777,104.12
ONEQ,2026-08-19T16:10:00+00:00,2026-08-19T16:15:00+00:00,104.2161,104.22,104.16,104.17,2113,104.1833
ONEQ,2026-08-19T16:15:00+00:00,2026-08-19T16:20:00+00:00,104.2192,104.2192,104.19,104.19,661,104.1997
ONEQ,2026-08-19T16:20:00+00:00,2026-08-19T16:25:00+00:00,104.17,104.17,104.16,104.16,1051,104.1633
ONEQ,2026-08-19T16:25:00+00:00,2026-08-19T16:30:00+00:00,104.135,104.135,104.05,104.05,1284,104.0783
ONEQ,2026-08-19T16:30:00+00:00,2026-08-19T16:35:00+00:00,104.0293,104.0399,104.0,104.0,805,104.0133
ONEQ,2026-08-19T16:35:00+00:00,2026-08-19T16:40:00+00:00,104.0,104.01,103.975,103.975,341,103.9867
ONEQ,2026-08-19T16:40:00+00:00,2026-08-19T16:45:00+00:00,103.97,104.0,103.97,103.985,1080,103.985
ONEQ,2026-08-19T16:45:00+00:00,2026-08-19T16:50:00+00:00,103.955,103.955,103.955,103.955,1034,103.955
ONEQ,2026-08-19T16:50:00+00:00,2026-08-19T16:55:00+00:00,103.865,103.865,103.865,103.865,769,103.865
ONEQ,2026-08-19T16:55:00+00:00,2026-08-19T17:00:00+00:00,103.835,103.86,103.81,103.81,8866,103.8267
ONEQ,2026-08-19T17:00:00+00:00,2026-08-19T17:05:00+00:00,103.81,103.83,103.81,103.83,972,103.8233
ONEQ,2026-08-19T17:05:00+00:00,2026-08-19T17:10:00+00:00,103.82,103.83,103.7743,103.7743,3475,103.7929
ONEQ,2026-08-19T17:10:00+00:00,2026-08-19T17:15:00+00:00,103.8,103.8,103.8,103.8,320,103.8
ONEQ,2026-08-19T17:15:00+00:00,2026-08-19T17:20:00+00:00,103.7875,103.8,103.73,103.735,2927,103.755
ONEQ,2026-08-19T17:20:00+00:00,2026-08-19T17:25:00+00:00,103.7,103.7,103.7,103.7,1017,103.7
ONEQ,2026-08-19T17:25:00+00:00,2026-08-19T17:30:00+00:00,103.705,103.745,103.705,103.745,733,103.7317
ONEQ,2026-08-19T17:30:00+00:00,2026-08-19T17:35:00+00:00,103.76,103.765,103.725,103.7465,1451,103.7455
ONEQ,2026-08-19T17:40:00+00:00,2026-08-19T17:45:00+00:00,103.77,103.795,103.75,103.77,9990,103.7717
ONEQ,2026-08-19T17:55:00+00:00,2026-08-19T18:00:00+00:00,103.79,103.79,103.785,103.785,847,103.7867
ONEQ,2026-08-19T18:05:00+00:00,2026-08-19T18:10:00+00:00,103.74,103.755,103.7,103.7,2759,103.7183
ONEQ,2026-08-19T18:10:00+00:00,2026-08-19T18:15:00+00:00,103.685,103.685,103.685,103.685,265,103.685
ONEQ,2026-08-19T18:15:00+00:00,2026-08-19T18:20:00+00:00,103.742,103.742,103.71,103.7236,1572,103.7252
ONEQ,2026-08-19T18:20:00+00:00,2026-08-19T18:25:00+00:00,103.74,103.74,103.665,103.705,13754,103.7033
ONEQ,2026-08-19T18:25:00+00:00,2026-08-19T18:30:00+00:00,103.68,103.78,103.68,103.735,2163,103.7317
ONEQ,2026-08-19T18:30:00+00:00,2026-08-19T18:35:00+00:00,103.77,103.825,103.76,103.795,2046,103.7933
ONEQ,2026-08-19T18:35:00+00:00,2026-08-19T18:40:00+00:00,103.815,103.815,103.775,103.775,783,103.7883
ONEQ,2026-08-19T18:40:00+00:00,2026-08-19T18:45:00+00:00,103.775,103.85,103.775,103.85,1375,103.825
ONEQ,2026-08-19T18:45:00+00:00,2026-08-19T18:50:00+00:00,103.78,103.78,103.77,103.77,1161,103.7733
ONEQ,2026-08-19T18:50:00+00:00,2026-08-19T18:55:00+00:00,103.795,103.83,103.795,103.83,1231,103.8183
ONEQ,2026-08-19T18:55:00+00:00,2026-08-19T19:00:00+00:00,103.81,103.81,103.75,103.77,1265,103.7767
ONEQ,2026-08-19T19:00:00+00:00,2026-08-19T19:05:00+00:00,103.8,103.8,103.7201,103.775,1507,103.765
ONEQ,2026-08-19T19:05:00+00:00,2026-08-19T19:10:00+00:00,103.7201,103.83,103.7201,103.83,1392,103.7934
ONEQ,2026-08-19T19:10:00+00:00,2026-08-19T19:15:00+00:00,103.82,103.82,103.81,103.81,648,103.8133
ONEQ,2026-08-19T19:15:00+00:00,2026-08-19T19:20:00+00:00,103.82,103.87,103.82,103.87,615,103.8533
ONEQ,2026-08-19T19:20:00+00:00,2026-08-19T19:25:00+00:00,103.87,103.87,103.82,103.85,981,103.8467
ONEQ,2026-08-19T19:25:00+00:00,2026-08-19T19:30:00+00:00,103.91,103.9599,103.835,103.835,1849,103.8766
ONEQ,2026-08-19T19:30:00+00:00,2026-08-19T19:35:00+00:00,103.885,103.92,103.88,103.92,3507,103.9067
ONEQ,2026-08-19T19:35:00+00:00,2026-08-19T19:40:00+00:00,103.91,103.91,103.76,103.76,2753,103.81
ONEQ,2026-08-19T19:40:00+00:00,2026-08-19T19:45:00+00:00,103.76,103.8119,103.76,103.775,1825,103.7823
ONEQ,2026-08-19T19:45:00+00:00,2026-08-19T19:50:00+00:00,103.72,103.72,103.68,103.68,814,103.6933
ONEQ,2026-08-19T19:50:00+00:00,2026-08-19T19:55:00+00:00,103.66,103.71,103.61,103.71,2304,103.6767
ONEQ,2026-08-19T19:55:00+00:00,2026-08-19T20:00:00+00:00,103.6698,103.76,103.64,103.73,10499,103.71
ONEQ,2026-08-20T13:30:00+00:00,2026-08-20T13:35:00+00:00,103.16,103.4143,103.16,103.35,5840,103.3081
ONEQ,2026-08-20T13:35:00+00:00,2026-08-20T13:40:00+00:00,103.4735,103.5,103.415,103.5,1636,103.4717
ONEQ,2026-08-20T13:40:00+00:00,2026-08-20T13:45:00+00:00,103.39,103.49,103.275,103.48,2560,103.415
ONEQ,2026-08-20T13:45:00+00:00,2026-08-20T13:50:00+00:00,103.43,103.43,103.195,103.2038,3258,103.2763
ONEQ,2026-08-20T13:50:00+00:00,2026-08-20T13:55:00+00:00,103.31,103.3503,103.14,103.14,1404,103.2101
ONEQ,2026-08-20T13:55:00+00:00,2026-08-20T14:00:00+00:00,103.25,103.25,103.25,103.25,993,103.25
ONEQ,2026-08-20T14:00:00+00:00,2026-08-20T14:05:00+00:00,103.0859,103.19,103.0859,103.19,1149,103.1553
ONEQ,2026-08-20T14:05:00+00:00,2026-08-20T14:10:00+00:00,103.0,103.01,102.9301,103.01,3324,102.9834
ONEQ,2026-08-20T14:10:00+00:00,2026-08-20T14:15:00+00:00,103.1,103.1399,102.9872,102.9872,1334,103.0381
ONEQ,2026-08-20T14:15:00+00:00,2026-08-20T14:20:00+00:00,103.08,103.08,102.955,102.99,2397,103.0083
ONEQ,2026-08-20T14:20:00+00:00,2026-08-20T14:25:00+00:00,102.88,103.21,102.88,103.21,2717,103.1
ONEQ,2026-08-20T14:25:00+00:00,2026-08-20T14:30:00+00:00,102.955,102.955,102.91,102.91,1491,102.925
ONEQ,2026-08-20T14:30:00+00:00,2026-08-20T14:35:00+00:00,103.049,103.049,102.985,102.985,3867,103.0063
ONEQ,2026-08-20T14:35:00+00:00,2026-08-20T14:40:00+00:00,103.055,103.055,103.055,103.055,706,103.055
ONEQ,2026-08-20T14:40:00+00:00,2026-08-20T14:45:00+00:00,103.17,103.19,103.0701,103.0701,532,103.1101
ONEQ,2026-08-20T14:45:00+00:00,2026-08-20T14:50:00+00:00,103.09,103.09,103.09,103.09,268,103.09
ONEQ,2026-08-20T14:50:00+00:00,2026-08-20T14:55:00+00:00,103.06,103.1446,103.0,103.1446,3829,103.0964
ONEQ,2026-08-20T14:55:00+00:00,2026-08-20T15:00:00+00:00,103.035,103.12,103.01,103.12,2330,103.0833
ONEQ,2026-08-20T15:00:00+00:00,2026-08-20T15:05:00+00:00,103.18,103.26,103.18,103.24,1719,103.2267
ONEQ,2026-08-20T15:05:00+00:00,2026-08-20T15:10:00+00:00,103.1001,103.14,103.1001,103.14,1484,103.1267
ONEQ,2026-08-20T15:10:00+00:00,2026-08-20T15:15:00+00:00,102.99,103.08,102.965,103.08,1219,103.0417
ONEQ,2026-08-20T15:15:00+00:00,2026-08-20T15:20:00+00:00,103.0699,103.0699,103.0699,103.0699,1104,103.0699
ONEQ,2026-08-20T15:20:00+00:00,2026-08-20T15:25:00+00:00,102.975,102.975,102.925,102.925,1892,102.9417
ONEQ,2026-08-20T15:25:00+00:00,2026-08-20T15:30:00+00:00,102.8001,102.87,102.8001,102.87,1085,102.8467
ONEQ,2026-08-20T15:30:00+00:00,2026-08-20T15:35:00+00:00,102.96,102.96,102.76,102.805,6065,102.8417
ONEQ,2026-08-20T15:35:00+00:00,2026-08-20T15:40:00+00:00,102.82,102.8349,102.725,102.735,4933,102.765
ONEQ,2026-08-20T15:40:00+00:00,2026-08-20T15:45:00+00:00,102.75,102.81,102.7,102.81,1357,102.7733
ONEQ,2026-08-20T15:45:00+00:00,2026-08-20T15:50:00+00:00,102.7,102.79,102.685,102.79,3575,102.755
ONEQ,2026-08-20T15:50:00+00:00,2026-08-20T15:55:00+00:00,102.8526,102.92,102.83,102.83,1103,102.86
ONEQ,2026-08-20T15:55:00+00:00,2026-08-20T16:00:00+00:00,102.77,102.8876,102.77,102.8876,2996,102.8484
ONEQ,2026-08-20T16:00:00+00:00,2026-08-20T16:05:00+00:00,102.87,102.87,102.84,102.84,390,102.85
ONEQ,2026-08-20T16:05:00+00:00,2026-08-20T16:10:00+00:00,102.835,102.835,102.8181,102.8181,1391,102.8237
ONEQ,2026-08-20T16:10:00+00:00,2026-08-20T16:15:00+00:00,102.87,102.91,102.835,102.835,1459,102.86
ONEQ,2026-08-20T16:20:00+00:00,2026-08-20T16:25:00+00:00,102.8396,102.8396,102.8396,102.8396,724,102.8396
ONEQ,2026-08-20T16:25:00+00:00,2026-08-20T16:30:00+00:00,102.8504,102.9,102.8504,102.9,672,102.8835
ONEQ,2026-08-20T16:30:00+00:00,2026-08-20T16:35:00+00:00,102.87,102.87,102.87,102.87,242,102.87
ONEQ,2026-08-20T16:35:00+00:00,2026-08-20T16:40:00+00:00,103.01,103.01,102.91,102.91,490,102.9433
ONEQ,2026-08-20T16:40:00+00:00,2026-08-20T16:45:00+00:00,102.9616,103.005,102.9616,102.995,5229,102.9872
ONEQ,2026-08-20T16:45:00+00:00,2026-08-20T16:50:00+00:00,103.03,103.03,103.03,103.03,1329,103.03
ONEQ,2026-08-20T16:50:00+00:00,2026-08-20T16:55:00+00:00,102.99,103.005,102.99,102.99,451,102.995
ONEQ,2026-08-20T16:55:00+00:00,2026-08-20T17:00:00+00:00,103.045,103.07,103.03,103.07,5181,103.0567
ONEQ,2026-08-20T17:00:00+00:00,2026-08-20T17:05:00+00:00,103.0699,103.0699,103.0699,103.0699,339,103.0699
ONEQ,2026-08-20T17:05:00+00:00,2026-08-20T17:10:00+00:00,102.98,102.98,102.935,102.935,1290,102.95
ONEQ,2026-08-20T17:10:00+00:00,2026-08-20T17:15:00+00:00,102.9493,102.9493,102.91,102.91,759,102.9231
ONEQ,2026-08-20T17:15:00+00:00,2026-08-20T17:20:00+00:00,102.86,102.86,102.815,102.83,8994,102.835
ONEQ,2026-08-20T17:25:00+00:00,2026-08-20T17:30:00+00:00,102.85,102.85,102.8,102.8028,2687,102.8176
ONEQ,2026-08-20T17:30:00+00:00,2026-08-20T17:35:00+00:00,102.8208,102.8208,102.75,102.75,759,102.7736
ONEQ,2026-08-20T17:35:00+00:00,2026-08-20T17:40:00+00:00,102.7506,102.795,102.75,102.75,1473,102.765
ONEQ,2026-08-20T17:40:00+00:00,2026-08-20T17:45:00+00:00,102.75,102.8199,102.71,102.7201,4721,102.75
ONEQ,2026-08-20T17:45:00+00:00,2026-08-20T17:50:00+00:00,102.795,102.795,102.7632,102.7632,4646,102.7738
ONEQ,2026-08-20T17:50:00+00:00,2026-08-20T17:55:00+00:00,102.875,102.88,102.83,102.86,8541,102.8567
ONEQ,2026-08-20T17:55:00+00:00,2026-08-20T18:00:00+00:00,102.84,102.84,102.84,102.84,531,102.84
ONEQ,2026-08-20T18:00:00+00:00,2026-08-20T18:05:00+00:00,102.75,102.75,102.71,102.71,1175,102.7233
ONEQ,2026-08-20T18:05:00+00:00,2026-08-20T18:10:00+00:00,102.71,102.71,102.71,102.71,1687,102.71
ONEQ,2026-08-20T18:10:00+00:00,2026-08-20T18:15:00+00:00,102.6,102.6684,102.6,102.615,3056,102.6278
ONEQ,2026-08-20T18:15:00+00:00,2026-08-20T18:20:00+00:00,102.565,102.62,102.51,102.62,2435,102.5833
ONEQ,2026-08-20T18:20:00+00:00,2026-08-20T18:25:00+00:00,102.66,102.6999,102.66,102.6999,3573,102.6866
ONEQ,2026-08-20T18:25:00+00:00,2026-08-20T18:30:00+00:00,102.65,102.66,102.65,102.6553,1645,102.6551
ONEQ,2026-08-20T18:30:00+00:00,2026-08-20T18:35:00+00:00,102.63,102.665,102.62,102.62,3191,102.635
ONEQ,2026-08-20T18:35:00+00:00,2026-08-20T18:40:00+00:00,102.6,102.64,102.6,102.63,1472,102.6233
ONEQ,2026-08-20T18:40:00+00:00,2026-08-20T18:45:00+00:00,102.6,102.6,102.6,102.6,728,102.6
ONEQ,2026-08-20T18:50:00+00:00,2026-08-20T18:55:00+00:00,102.72,102.72,102.66,102.72,3112,102.7
ONEQ,2026-08-20T18:55:00+00:00,2026-08-20T19:00:00+00:00,102.69,102.69,102.68,102.68,1496,102.6833
ONEQ,2026-08-20T19:00:00+00:00,2026-08-20T19:05:00+00:00,102.7,102.705,102.665,102.705,3239,102.6917
ONEQ,2026-08-20T19:05:00+00:00,2026-08-20T19:10:00+00:00,102.7,102.75,102.7,102.75,1982,102.7333
ONEQ,2026-08-20T19:10:00+00:00,2026-08-20T19:15:00+00:00,102.745,102.765,102.74,102.765,881,102.7567
ONEQ,2026-08-20T19:15:00+00:00,2026-08-20T19:20:00+00:00,102.77,102.78,102.708,102.708,1776,102.732
ONEQ,2026-08-20T19:20:00+00:00,2026-08-20T19:25:00+00:00,102.732,102.77,102.732,102.74,2044,102.7473
ONEQ,2026-08-20T19:25:00+00:00,2026-08-20T19:30:00+00:00,102.79,102.8064,102.76,102.78,1387,102.7821
ONEQ,2026-08-20T19:30:00+00:00,2026-08-20T19:35:00+00:00,102.78,102.78,102.75,102.765,3187,102.765
ONEQ,2026-08-20T19:35:00+00:00,2026-08-20T19:40:00+00:00,102.8,102.84,102.76,102.82,2713,102.8067
ONEQ,2026-08-20T19:40:00+00:00,2026-08-20T19:45:00+00:00,102.815,102.85,102.81,102.81,2651,102.8233
ONEQ,2026-08-20T19:45:00+00:00,2026-08-20T19:50:00+00:00,102.7999,102.7999,102.755,102.755,1992,102.77
ONEQ,2026-08-20T19:50:00+00:00,2026-08-20T19:55:00+00:00,102.82,102.82,102.7,102.71,4499,102.7433
ONEQ,2026-08-20T19:55:00+00:00,2026-08-20T20:00:00+00:00,102.66,102.7265,102.61,102.61,1692,102.6488
ONEQ,2026-08-21T13:30:00+00:00,2026-08-21T13:35:00+00:00,103.19,103.19,103.01,103.01,17403,103.07
ONEQ,2026-08-21T13:35:00+00:00,2026-08-21T13:40:00+00:00,103.0,103.0,102.8687,102.92,3387,102.9296
ONEQ,2026-08-21T13:40:00+00:00,2026-08-21T13:45:00+00:00,102.8482,102.9974,102.8482,102.88,6848,102.9085
ONEQ,2026-08-21T13:45:00+00:00,2026-08-21T13:50:00+00:00,102.75,102.97,102.75,102.88,8573,102.8667
ONEQ,2026-08-21T13:55:00+00:00,2026-08-21T14:00:00+00:00,102.79,102.85,102.69,102.69,2050,102.7433
ONEQ,2026-08-21T14:00:00+00:00,2026-08-21T14:05:00+00:00,102.825,102.89,102.81,102.89,931,102.8633
ONEQ,2026-08-21T14:05:00+00:00,2026-08-21T14:10:00+00:00,102.875,103.0177,102.8401,102.9371,4833,102.9316
ONEQ,2026-08-21T14:10:00+00:00,2026-08-21T14:15:00+00:00,102.93,102.93,102.805,102.805,3861,102.8467
ONEQ,2026-08-21T14:15:00+00:00,2026-08-21T14:20:00+00:00,102.82,102.82,102.7963,102.7963,2124,102.8042
ONEQ,2026-08-21T14:20:00+00:00,2026-08-21T14:25:00+00:00,102.71,102.86,102.71,102.7551,3495,102.775
ONEQ,2026-08-21T14:25:00+00:00,2026-08-21T14:30:00+00:00,102.7478,102.9,102.7478,102.865,800,102.8376
ONEQ,2026-08-21T14:30:00+00:00,2026-08-21T14:35:00+00:00,102.775,102.81,102.775,102.81,495,102.7983
ONEQ,2026-08-21T14:35:00+00:00,2026-08-21T14:40:00+00:00,102.785,102.805,102.785,102.805,686,102.7983
ONEQ,2026-08-21T14:40:00+00:00,2026-08-21T14:45:00+00:00,102.79,102.92,102.75,102.92,3269,102.8633
ONEQ,2026-08-21T14:45:00+00:00,2026-08-21T14:50:00+00:00,102.8,102.895,102.8,102.895,5283,102.8633
ONEQ,2026-08-21T14:50:00+00:00,2026-08-21T14:55:00+00:00,102.89,102.89,102.89,102.89,1355,102.89
ONEQ,2026-08-21T14:55:00+00:00,2026-08-21T15:00:00+00:00,103.0,103.005,103.0,103.005,1893,103.0033
ONEQ,2026-08-21T15:00:00+00:00,2026-08-21T15:05:00+00:00,103.08,103.18,103.03,103.13,1921,103.1133
ONEQ,2026-08-21T15:05:00+00:00,2026-08-21T15:10:00+00:00,103.17,103.19,103.1699,103.1699,2959,103.1766
ONEQ,2026-08-21T15:15:00+00:00,2026-08-21T15:20:00+00:00,103.095,103.095,103.095,103.095,956,103.095
ONEQ,2026-08-21T15:20:00+00:00,2026-08-21T15:25:00+00:00,103.11,103.11,103.075,103.075,1183,103.0867
ONEQ,2026-08-21T15:25:00+00:00,2026-08-21T15:30:00+00:00,103.06,103.12,103.06,103.12,1267,103.1
ONEQ,2026-08-21T15:30:00+00:00,2026-08-21T15:35:00+00:00,103.13,103.2025,103.13,103.2025,2461,103.1783
ONEQ,2026-08-21T15:35:00+00:00,2026-08-21T15:40:00+00:00,103.2701,103.2701,103.2701,103.2701,1398,103.2701
ONEQ,2026-08-21T15:40:00+00:00,2026-08-21T15:45:00+00:00,103.41,103.41,103.41,103.41,2051,103.41
ONEQ,2026-08-21T15:50:00+00:00,2026-08-21T15:55:00+00:00,103.41,103.48,103.4,103.48,6922,103.4533
ONEQ,2026-08-21T15:55:00+00:00,2026-08-21T16:00:00+00:00,103.505,103.505,103.4899,103.4899,577,103.4949
ONEQ,2026-08-21T16:00:00+00:00,2026-08-21T16:05:00+00:00,103.41,103.41,103.3135,103.41,2224,103.3778
ONEQ,2026-08-21T16:10:00+00:00,2026-08-21T16:15:00+00:00,103.2643,103.2643,103.2643,103.2643,247,103.2643
ONEQ,2026-08-21T16:15:00+00:00,2026-08-21T16:20:00+00:00,103.24,103.26,103.24,103.26,462,103.2533
ONEQ,2026-08-21T16:20:00+00:00,2026-08-21T16:25:00+00:00,103.215,103.38,103.215,103.345,2883,103.3133
ONEQ,2026-08-21T16:25:00+00:00,2026-08-21T16:30:00+00:00,103.25,103.25,103.24,103.24,1253,103.2433
ONEQ,2026-08-21T16:30:00+00:00,2026-08-21T16:35:00+00:00,103.28,103.295,103.2674,103.2674,934,103.2766
ONEQ,2026-08-21T16:35:00+00:00,2026-08-21T16:40:00+00:00,103.235,103.25,103.235,103.25,565,103.245
ONEQ,2026-08-21T16:40:00+00:00,2026-08-21T16:45:00+00:00,103.26,103.29,103.26,103.29,7740,103.28
ONEQ,2026-08-21T16:45:00+00:00,2026-08-21T16:50:00+00:00,103.24,103.24,103.24,103.24,221,103.24
ONEQ,2026-08-21T16:50:00+00:00,2026-08-21T16:55:00+00:00,103.2,103.2,103.2,103.2,566,103.2
ONEQ,2026-08-21T16:55:00+00:00,2026-08-21T17:00:00+00:00,103.22,103.22,103.22,103.22,941,103.22
ONEQ,2026-08-21T17:05:00+00:00,2026-08-21T17:10:00+00:00,103.295,103.295,103.295,103.295,698,103.295
ONEQ,2026-08-21T17:15:00+00:00,2026-08-21T17:20:00+00:00,103.25,103.27,103.25,103.27,1001,103.2633
ONEQ,2026-08-21T17:20:00+00:00,2026-08-21T17:25:00+00:00,103.245,103.245,103.2,103.2,1400,103.215
ONEQ,2026-08-21T17:25:00+00:00,2026-08-21T17:30:00+00:00,103.24,103.24,103.19,103.21,830,103.2133
ONEQ,2026-08-21T17:30:00+00:00,2026-08-21T17:35:00+00:00,103.195,103.195,103.1699,103.1699,465,103.1783
ONEQ,2026-08-21T17:35:00+00:00,2026-08-21T17:40:00+00:00,103.17,103.19,103.17,103.19,995,103.1833
ONEQ,2026-08-21T17:40:00+00:00,2026-08-21T17:45:00+00:00,103.21,103.21,103.21,103.21,895,103.21
ONEQ,2026-08-21T17:45:00+00:00,2026-08-21T17:50:00+00:00,103.2,103.21,103.2,103.21,819,103.2067
ONEQ,2026-08-21T17:50:00+00:00,2026-08-21T17:55:00+00:00,103.1601,103.1901,103.1601,103.19,735,103.1801
ONEQ,2026-08-21T17:55:00+00:00,2026-08-21T18:00:00+00:00,103.16,103.17,103.14,103.17,1907,103.16
ONEQ,2026-08-21T18:00:00+00:00,2026-08-21T18:05:00+00:00,103.15,103.1601,103.15,103.1601,649,103.1567
ONEQ,2026-08-21T18:05:00+00:00,2026-08-21T18:10:00+00:00,103.16,103.16,103.15,103.15,595,103.1533
ONEQ,2026-08-21T18:10:00+00:00,2026-08-21T18:15:00+00:00,103.1,103.1325,103.1,103.1325,886,103.1217
ONEQ,2026-08-21T18:15:00+00:00,2026-08-21T18:20:00+00:00,103.05,103.11,103.05,103.095,3860,103.085
ONEQ,2026-08-21T18:20:00+00:00,2026-08-21T18:25:00+00:00,103.14,103.14,103.115,103.14,2512,103.1317
ONEQ,2026-08-21T18:25:00+00:00,2026-08-21T18:30:00+00:00,103.0471,103.08,103.0471,103.08,2631,103.069
ONEQ,2026-08-21T18:30:00+00:00,2026-08-21T18:35:00+00:00,103.01,103.02,103.0,103.02,770,103.0133
ONEQ,2026-08-21T18:35:00+00:00,2026-08-21T18:40:00+00:00,103.015,103.025,103.015,103.02,1632,103.02
ONEQ,2026-08-21T18:40:00+00:00,2026-08-21T18:45:00+00:00,103.06,103.12,103.06,103.08,1359,103.0867
ONEQ,2026-08-21T18:45:00+00:00,2026-08-21T18:50:00+00:00,103.07,103.0999,103.02,103.0999,5118,103.0733
ONEQ,2026-08-21T18:50:00+00:00,2026-08-21T18:55:00+00:00,103.12,103.13,103.12,103.13,858,103.1267
ONEQ,2026-08-21T18:55:00+00:00,2026-08-21T19:00:00+00:00,103.1304,103.1304,103.1304,103.1304,323,103.1304
ONEQ,2026-08-21T19:00:00+00:00,2026-08-21T19:05:00+00:00,103.15,103.15,103.15,103.15,525,103.15
ONEQ,2026-08-21T19:05:00+00:00,2026-08-21T19:10:00+00:00,103.15,103.2,103.15,103.2,26225,103.1833
ONEQ,2026-08-21T19:15:00+00:00,2026-08-21T19:20:00+00:00,103.14,103.17,103.12,103.17,3087,103.1533
ONEQ,2026-08-21T19:20:00+00:00,2026-08-21T19:25:00+00:00,103.13,103.18,103.13,103.16,1437,103.1567
ONEQ,2026-08-21T19:25:00+00:00,2026-08-21T19:30:00+00:00,103.165,103.22,103.165,103.22,1466,103.2017
ONEQ,2026-08-21T19:30:00+00:00,2026-08-21T19:35:00+00:00,103.2,103.2,103.1979,103.1979,879,103.1986
ONEQ,2026-08-21T19:35:00+00:00,2026-08-21T19:40:00+00:00,103.21,103.25,103.21,103.2201,1517,103.2267
ONEQ,2026-08-21T19:40:00+00:00,2026-08-21T19:45:00+00:00,103.2201,103.26,103.1801,103.26,2550,103.2334
ONEQ,2026-08-21T19:45:00+00:00,2026-08-21T19:50:00+00:00,103.24,103.36,103.24,103.36,1571,103.32
ONEQ,2026-08-21T19:50:00+00:00,2026-08-21T19:55:00+00:00,103.285,103.33,103.2024,103.2024,3431,103.2449
ONEQ,2026-08-21T19:55:00+00:00,2026-08-21T20:00:00+00:00,103.085,103.21,103.085,103.14,5936,103.145
ONEQ,2026-08-24T13:30:00+00:00,2026-08-24T13:35:00+00:00,102.73,102.84,102.45,102.55,16977,102.6133
ONEQ,2026-08-24T13:35:00+00:00,2026-08-24T13:40:00+00:00,102.615,102.62,102.5,102.5,3117,102.54
ONEQ,2026-08-24T13:40:00+00:00,2026-08-24T13:45:00+00:00,102.46,102.52,102.0801,102.0801,9058,102.2267
ONEQ,2026-08-24T13:45:00+00:00,2026-08-24T13:50:00+00:00,102.12,102.31,102.11,102.245,7218,102.2217
ONEQ,2026-08-24T13:50:00+00:00,2026-08-24T13:55:00+00:00,102.12,102.21,102.12,102.18,3956,102.17
ONEQ,2026-08-24T14:00:00+00:00,2026-08-24T14:05:00+00:00,102.295,102.305,102.2551,102.2699,1032,102.2767
ONEQ,2026-08-24T14:05:00+00:00,2026-08-24T14:10:00+00:00,102.25,102.34,102.2091,102.26,2965,102.2697
ONEQ,2026-08-24T14:10:00+00:00,2026-08-24T14:15:00+00:00,102.24,102.25,102.17,102.23,2509,102.2167
ONEQ,2026-08-24T14:15:00+00:00,2026-08-24T14:20:00+00:00,102.24,102.28,102.23,102.2499,2559,102.2533
ONEQ,2026-08-24T14:20:00+00:00,2026-08-24T14:25:00+00:00,102.365,102.4199,102.28,102.28,1324,102.3266
ONEQ,2026-08-24T14:25:00+00:00,2026-08-24T14:30:00+00:00,102.23,102.3486,102.23,102.3486,4551,102.3091
ONEQ,2026-08-24T14:30:00+00:00,2026-08-24T14:35:00+00:00,102.355,102.435,102.355,102.435,1326,102.4083
ONEQ,2026-08-24T14:35:00+00:00,2026-08-24T14:40:00+00:00,102.515,102.5599,102.461,102.5201,3353,102.5137
ONEQ,2026-08-24T14:40:00+00:00,2026-08-24T14:45:00+00:00,102.5727,102.59,102.5,102.515,2029,102.535
ONEQ,2026-08-24T14:45:00+00:00,2026-08-24T14:50:00+00:00,102.515,102.5903,102.4701,102.585,1508,102.5485
ONEQ,2026-08-24T14:50:00+00:00,2026-08-24T14:55:00+00:00,102.52,102.54,102.52,102.54,769,102.5333
ONEQ,2026-08-24T14:55:00+00:00,2026-08-24T15:00:00+00:00,102.565,102.6003,102.55,102.6,1482,102.5834
ONEQ,2026-08-24T15:00:00+00:00,2026-08-24T15:05:00+00:00,102.585,102.585,102.48,102.481,3812,102.5153
ONEQ,2026-08-24T15:05:00+00:00,2026-08-24T15:10:00+00:00,102.43,102.4799,102.43,102.4799,1854,102.4633
ONEQ,2026-08-24T15:10:00+00:00,2026-08-24T15:15:00+00:00,102.48,102.49,102.445,102.445,1143,102.46
ONEQ,2026-08-24T15:15:00+00:00,2026-08-24T15:20:00+00:00,102.47,102.5,102.47,102.5,786,102.49
ONEQ,2026-08-24T15:20:00+00:00,2026-08-24T15:25:00+00:00,102.3758,102.48,102.3758,102.48,932,102.4453
ONEQ,2026-08-24T15:25:00+00:00,2026-08-24T15:30:00+00:00,102.5467,102.67,102.5117,102.67,2618,102.6172
ONEQ,2026-08-24T15:30:00+00:00,2026-08-24T15:35:00+00:00,102.66,102.7,102.65,102.69,2510,102.68
ONEQ,2026-08-24T15:35:00+00:00,2026-08-24T15:40:00+00:00,102.69,102.74,102.6887,102.74,952,102.7229
ONEQ,2026-08-24T15:40:00+00:00,2026-08-24T15:45:00+00:00,102.7301,102.77,102.7301,102.77,847,102.7567
ONEQ,2026-08-24T15:45:00+00:00,2026-08-24T15:50:00+00:00,102.84,102.8599,102.7532,102.7532,7713,102.7888
ONEQ,2026-08-24T15:50:00+00:00,2026-08-24T15:55:00+00:00,102.83,102.83,102.83,102.83,1018,102.83
ONEQ,2026-08-24T15:55:00+00:00,2026-08-24T16:00:00+00:00,102.765,102.765,102.765,102.765,848,102.765
ONEQ,2026-08-24T16:00:00+00:00,2026-08-24T16:05:00+00:00,102.755,102.82,102.755,102.82,4264,102.7983
ONEQ,2026-08-24T16:15:00+00:00,2026-08-24T16:20:00+00:00,102.79,102.84,102.79,102.84,611,102.8233
ONEQ,2026-08-24T16:25:00+00:00,2026-08-24T16:30:00+00:00,102.83,102.83,102.825,102.825,946,102.8267
ONEQ,2026-08-24T16:30:00+00:00,2026-08-24T16:35:00+00:00,102.8196,102.8196,102.8196,102.8196,457,102.8196
ONEQ,2026-08-24T16:35:00+00:00,2026-08-24T16:40:00+00:00,102.78,102.78,102.78,102.78,441,102.78
ONEQ,2026-08-24T16:40:00+00:00,2026-08-24T16:45:00+00:00,102.78,102.78,102.78,102.78,628,102.78
ONEQ,2026-08-24T16:45:00+00:00,2026-08-24T16:50:00+00:00,102.75,102.75,102.75,102.75,309,102.75
ONEQ,2026-08-24T16:50:00+00:00,2026-08-24T16:55:00+00:00,102.79,102.79,102.73,102.73,1098,102.75
ONEQ,2026-08-24T17:00:00+00:00,2026-08-24T17:05:00+00:00,102.63,102.63,102.63,102.63,246,102.63
ONEQ,2026-08-24T17:05:00+00:00,2026-08-24T17:10:00+00:00,102.6963,102.76,102.68,102.76,2975,102.7333
ONEQ,2026-08-24T17:10:00+00:00,2026-08-24T17:15:00+00:00,102.74,102.77,102.73,102.73,1365,102.7433
ONEQ,2026-08-24T17:15:00+00:00,2026-08-24T17:20:00+00:00,102.7639,102.765,102.6601,102.6601,3522,102.6951
ONEQ,2026-08-24T17:20:00+00:00,2026-08-24T17:25:00+00:00,102.67,102.67,102.589,102.589,580,102.616
ONEQ,2026-08-24T17:30:00+00:00,2026-08-24T17:35:00+00:00,102.5545,102.58,102.54,102.54,1448,102.5533
ONEQ,2026-08-24T17:40:00+00:00,2026-08-24T17:45:00+00:00,102.575,102.61,102.54,102.54,678,102.5633
ONEQ,2026-08-24T17:45:00+00:00,2026-08-24T17:50:00+00:00,102.535,102.5549,102.53,102.55,2786,102.545
ONEQ,2026-08-24T17:50:00+00:00,2026-08-24T17:55:00+00:00,102.54,102.55,102.5149,102.55,807,102.5383
ONEQ,2026-08-24T17:55:00+00:00,2026-08-24T18:00:00+00:00,102.49,102.49,102.49,102.49,256,102.49
ONEQ,2026-08-24T18:00:00+00:00,2026-08-24T18:05:00+00:00,102.52,102.57,102.52,102.57,717,102.5533
ONEQ,2026-08-24T18:05:00+00:00,2026-08-24T18:10:00+00:00,102.63,102.63,102.62,102.62,356,102.6233
ONEQ,2026-08-24T18:10:00+00:00,2026-08-24T18:15:00+00:00,102.65,102.67,102.625,102.67,1577,102.655
ONEQ,2026-08-24T18:15:00+00:00,2026-08-24T18:20:00+00:00,102.66,102.66,102.66,102.66,896,102.66
ONEQ,2026-08-24T18:20:00+00:00,2026-08-24T18:25:00+00:00,102.655,102.7099,102.655,102.7099,1214,102.6916
ONEQ,2026-08-24T18:25:00+00:00,2026-08-24T18:30:00+00:00,102.83,102.83,102.775,102.775,280,102.7933
ONEQ,2026-08-24T18:30:00+00:00,2026-08-24T18:35:00+00:00,102.79,102.79,102.785,102.785,1256,102.7867
ONEQ,2026-08-24T18:35:00+00:00,2026-08-24T18:40:00+00:00,102.765,102.765,102.67,102.67,1869,102.7017
ONEQ,2026-08-24T18:40:00+00:00,2026-08-24T18:45:00+00:00,102.6232,102.6232,102.6232,102.6232,3941,102.6232
ONEQ,2026-08-24T18:50:00+00:00,2026-08-24T18:55:00+00:00,102.6417,102.65,102.61,102.61,945,102.6233
ONEQ,2026-08-24T18:55:00+00:00,2026-08-24T19:00:00+00:00,102.6395,102.64,102.6395,102.64,3006,102.6398
ONEQ,2026-08-24T19:00:00+00:00,2026-08-24T19:05:00+00:00,102.6017,102.61,102.57,102.58,1494,102.5867
ONEQ,2026-08-24T19:05:00+00:00,2026-08-24T19:10:00+00:00,102.63,102.63,102.57,102.575,1184,102.5917
ONEQ,2026-08-24T19:15:00+00:00,2026-08-24T19:20:00+00:00,102.55,102.57,102.55,102.57,647,102.5633
ONEQ,2026-08-24T19:20:00+00:00,2026-08-24T19:25:00+00:00,102.55,102.59,102.55,102.58,4347,102.5733
ONEQ,2026-08-24T19:25:00+00:00,2026-08-24T19:30:00+00:00,102.58,102.585,102.58,102.585,843,102.5833
ONEQ,2026-08-24T19:35:00+00:00,2026-08-24T19:40:00+00:00,102.525,102.53,102.505,102.505,2743,102.5133
ONEQ,2026-08-24T19:40:00+00:00,2026-08-24T19:45:00+00:00,102.53,102.53,102.53,102.53,664,102.53
ONEQ,2026-08-24T19:45:00+00:00,2026-08-24T19:50:00+00:00,102.49,102.5063,102.46,102.46,4043,102.4754
ONEQ,2026-08-24T19:50:00+00:00,2026-08-24T19:55:00+00:00,102.455,102.455,102.41,102.42,1530,102.4283
ONEQ,2026-08-24T19:55:00+00:00,2026-08-24T20:00:00+00:00,102.44,102.44,102.38,102.42,3552,102.4133
ONEQ,2026-08-25T13:30:00+00:00,2026-08-25T13:35:00+00:00,102.95,103.11,102.95,103.095,7437,103.0517
ONEQ,2026-08-25T13:35:00+00:00,2026-08-25T13:40:00+00:00,103.115,103.15,103.115,103.15,1467,103.1383
ONEQ,2026-08-25T13:40:00+00:00,2026-08-25T13:45:00+00:00,103.16,103.26,103.1,103.155,3107,103.1717
ONEQ,2026-08-25T13:45:00+00:00,2026-08-25T13:50:00+00:00,103.17,103.36,103.17,103.36,5452,103.2967
ONEQ,2026-08-25T13:50:00+00:00,2026-08-25T13:55:00+00:00,103.285,103.2985,103.16,103.195,3007,103.2178
ONEQ,2026-08-25T13:55:00+00:00,2026-08-25T14:00:00+00:00,103.075,103.09,103.02,103.09,1551,103.0667
ONEQ,2026-08-25T14:00:00+00:00,2026-08-25T14:05:00+00:00,103.095,103.095,102.985,103.0,2287,103.0267
ONEQ,2026-08-25T14:05:00+00:00,2026-08-25T14:10:00+00:00,102.965,102.965,102.8601,102.915,3433,102.9134
ONEQ,2026-08-25T14:10:00+00:00,2026-08-25T14:15:00+00:00,102.95,102.99,102.95,102.99,2648,102.9767
ONEQ,2026-08-25T14:15:00+00:00,2026-08-25T14:20:00+00:00,102.93,102.93,102.91,102.91,519,102.9167
ONEQ,2026-08-25T14:20:00+00:00,2026-08-25T14:25:00+00:00,102.86,102.86,102.835,102.835,751,102.8433
ONEQ,2026-08-25T14:25:00+00:00,2026-08-25T14:30:00+00:00,102.89,102.89,102.815,102.815,877,102.84
ONEQ,2026-08-25T14:30:00+00:00,2026-08-25T14:35:00+00:00,102.76,102.87,102.5,102.79,10959,102.72
ONEQ,2026-08-25T14:35:00+00:00,2026-08-25T14:40:00+00:00,102.78,102.86,102.78,102.7863,1322,102.8088
ONEQ,2026-08-25T14:40:00+00:00,2026-08-25T14:45:00+00:00,102.8,102.8,102.8,102.8,773,102.8
ONEQ,2026-08-25T14:45:00+00:00,2026-08-25T14:50:00+00:00,102.805,102.82,102.785,102.82,793,102.8083
ONEQ,2026-08-25T14:50:00+00:00,2026-08-25T14:55:00+00:00,102.8,102.8,102.75,102.75,1052,102.7667
ONEQ,2026-08-25T14:55:00+00:00,2026-08-25T15:00:00+00:00,102.86,102.86,102.79,102.83,1991,102.8267
ONEQ,2026-08-25T15:00:00+00:00,2026-08-25T15:05:00+00:00,102.81,102.81,102.76,102.76,1047,102.7767
ONEQ,2026-08-25T15:05:00+00:00,2026-08-25T15:10:00+00:00,102.75,102.75,102.75,102.75,665,102.75
ONEQ,2026-08-25T15:10:00+00:00,2026-08-25T15:15:00+00:00,102.7899,102.7899,102.7687,102.7899,1381,102.7828
ONEQ,2026-08-25T15:15:00+00:00,2026-08-25T15:20:00+00:00,102.81,102.81,102.78,102.7887,3907,102.7929
ONEQ,2026-08-25T15:20:00+00:00,2026-08-25T15:25:00+00:00,102.83,102.83,102.83,102.83,290,102.83
ONEQ,2026-08-25T15:25:00+00:00,2026-08-25T15:30:00+00:00,102.88,102.945,102.88,102.945,690,102.9233
ONEQ,2026-08-25T15:30:00+00:00,2026-08-25T15:35:00+00:00,102.92,102.95,102.92,102.95,1195,102.94
ONEQ,2026-08-25T15:35:00+00:00,2026-08-25T15:40:00+00:00,102.97,103.09,102.95,102.9556,5091,102.9985
ONEQ,2026-08-25T15:40:00+00:00,2026-08-25T15:45:00+00:00,102.9263,102.954,102.9101,102.9101,2583,102.9247
ONEQ,2026-08-25T15:50:00+00:00,2026-08-25T15:55:00+00:00,102.845,102.924,102.845,102.924,399,102.8977
ONEQ,2026-08-25T15:55:00+00:00,2026-08-25T16:00:00+00:00,102.91,102.94,102.91,102.92,1290,102.9233
ONEQ,2026-08-25T16:05:00+00:00,2026-08-25T16:10:00+00:00,102.99,102.99,102.93,102.94,2308,102.9533
ONEQ,2026-08-25T16:10:00+00:00,2026-08-25T16:15:00+00:00,102.9301,102.9301,102.9101,102.9101,738,102.9168
ONEQ,2026-08-25T16:15:00+00:00,2026-08-25T16:20:00+00:00,102.955,102.98,102.955,102.97,1006,102.9683
ONEQ,2026-08-25T16:20:00+00:00,2026-08-25T16:25:00+00:00,103.01,103.01,103.0001,103.0001,3303,103.0034
ONEQ,2026-08-25T16:25:00+00:00,2026-08-25T16:30:00+00:00,103.0,103.02,103.0,103.015,730,103.0117
ONEQ,2026-08-25T16:30:00+00:00,2026-08-25T16:35:00+00:00,103.0,103.03,103.0,103.0,2508,103.01
ONEQ,2026-08-25T16:35:00+00:00,2026-08-25T16:40:00+00:00,102.975,102.99,102.975,102.99,971,102.985
ONEQ,2026-08-25T16:40:00+00:00,2026-08-25T16:45:00+00:00,103.0,103.0,102.9751,102.9751,705,102.9834
ONEQ,2026-08-25T16:45:00+00:00,2026-08-25T16:50:00+00:00,102.96,102.96,102.96,102.96,241,102.96
ONEQ,2026-08-25T16:50:00+00:00,2026-08-25T16:55:00+00:00,102.95,102.95,102.95,102.95,487,102.95
ONEQ,2026-08-25T16:55:00+00:00,2026-08-25T17:00:00+00:00,103.02,103.02,103.02,103.02,200,103.02
ONEQ,2026-08-25T17:00:00+00:00,2026-08-25T17:05:00+00:00,103.0,103.03,102.91,102.91,5167,102.95
ONEQ,2026-08-25T17:05:00+00:00,2026-08-25T17:10:00+00:00,102.924,102.93,102.924,102.93,893,102.928
ONEQ,2026-08-25T17:10:00+00:00,2026-08-25T17:15:00+00:00,102.8501,102.8501,102.8501,102.8501,696,102.8501
ONEQ,2026-08-25T17:20:00+00:00,2026-08-25T17:25:00+00:00,102.92,102.92,102.92,102.92,838,102.92
ONEQ,2026-08-25T17:25:00+00:00,2026-08-25T17:30:00+00:00,102.8301,102.8301,102.8301,102.8301,344,102.8301
ONEQ,2026-08-25T17:30:00+00:00,2026-08-25T17:35:00+00:00,102.84,102.84,102.84,102.84,2615,102.84
ONEQ,2026-08-25T17:35:00+00:00,2026-08-25T17:40:00+00:00,102.8677,102.8677,102.8601,102.8601,845,102.8626
ONEQ,2026-08-25T17:40:00+00:00,2026-08-25T17:45:00+00:00,102.8537,102.87,102.8537,102.87,3028,102.8646
ONEQ,2026-08-25T17:45:00+00:00,2026-08-25T17:50:00+00:00,102.88,102.88,102.88,102.88,290,102.88
ONEQ,2026-08-25T17:50:00+00:00,2026-08-25T17:55:00+00:00,102.86,102.8601,102.85,102.8601,978,102.8567
ONEQ,2026-08-25T18:00:00+00:00,2026-08-25T18:05:00+00:00,102.83,102.865,102.8,102.8148,1755,102.8266
ONEQ,2026-08-25T18:05:00+00:00,2026-08-25T18:10:00+00:00,102.7701,102.8,102.7701,102.8,953,102.79
ONEQ,2026-08-25T18:10:00+00:00,2026-08-25T18:15:00+00:00,102.84,102.84,102.4,102.805,396,102.6817
ONEQ,2026-08-25T18:15:00+00:00,2026-08-25T18:20:00+00:00,102.795,102.795,102.795,102.795,386,102.795
ONEQ,2026-08-25T18:20:00+00:00,2026-08-25T18:25:00+00:00,102.8362,102.8362,102.83,102.83,1019,102.8321
ONEQ,2026-08-25T18:25:00+00:00,2026-08-25T18:30:00+00:00,102.79,102.825,102.79,102.825,1468,102.8133
ONEQ,2026-08-25T18:35:00+00:00,2026-08-25T18:40:00+00:00,102.88,102.91,102.87,102.91,1340,102.8967
ONEQ,2026-08-25T18:40:00+00:00,2026-08-25T18:45:00+00:00,102.88,102.905,102.88,102.905,640,102.8967
ONEQ,2026-08-25T18:45:00+00:00,2026-08-25T18:50:00+00:00,102.98,102.985,102.98,102.985,645,102.9833
ONEQ,2026-08-25T18:50:00+00:00,2026-08-25T18:55:00+00:00,102.94,102.94,102.94,102.94,383,102.94
ONEQ,2026-08-25T18:55:00+00:00,2026-08-25T19:00:00+00:00,102.92,102.92,102.92,102.92,429,102.92
ONEQ,2026-08-25T19:00:00+00:00,2026-08-25T19:05:00+00:00,102.94,102.965,102.94,102.965,1093,102.9567
ONEQ,2026-08-25T19:05:00+00:00,2026-08-25T19:10:00+00:00,102.91,102.91,102.8999,102.8999,821,102.9033
ONEQ,2026-08-25T19:10:00+00:00,2026-08-25T19:15:00+00:00,102.85,102.85,102.8301,102.8301,549,102.8367
ONEQ,2026-08-25T19:20:00+00:00,2026-08-25T19:25:00+00:00,102.81,102.82,102.81,102.81,535,102.8133
ONEQ,2026-08-25T19:25:00+00:00,2026-08-25T19:30:00+00:00,102.81,102.83,102.81,102.81,2354,102.8167
ONEQ,2026-08-25T19:30:00+00:00,2026-08-25T19:35:00+00:00,102.81,102.8493,102.81,102.8493,680,102.8362
ONEQ,2026-08-25T19:35:00+00:00,2026-08-25T19:40:00+00:00,102.87,102.91,102.87,102.91,1876,102.8967
ONEQ,2026-08-25T19:40:00+00:00,2026-08-25T19:45:00+00:00,102.91,102.91,102.91,102.91,597,102.91
ONEQ,2026-08-25T19:45:00+00:00,2026-08-25T19:50:00+00:00,102.9,102.9,102.9,102.9,388,102.9
ONEQ,2026-08-25T19:50:00+00:00,2026-08-25T19:55:00+00:00,102.9101,103.03,102.89,103.03,1898,102.9833
ONEQ,2026-08-25T19:55:00+00:00,2026-08-25T20:00:00+00:00,103.03,103.085,103.03,103.085,1673,103.0667
ONEQ,2026-08-26T13:30:00+00:00,2026-08-26T13:35:00+00:00,102.8,102.85,102.8,102.85,4079,102.8333
ONEQ,2026-08-26T13:35:00+00:00,2026-08-26T13:40:00+00:00,102.89,102.89,102.8,102.8,1256,102.83
ONEQ,2026-08-26T13:40:00+00:00,2026-08-26T13:45:00+00:00,103.035,103.05,103.035,103.05,373,103.045
ONEQ,2026-08-26T13:45:00+00:00,2026-08-26T13:50:00+00:00,103.15,103.24,102.9898,102.9898,2094,103.0732
ONEQ,2026-08-26T13:50:00+00:00,2026-08-26T13:55:00+00:00,102.99,103.0,102.93,102.93,2676,102.9533
ONEQ,2026-08-26T13:55:00+00:00,2026-08-26T14:00:00+00:00,103.1,103.23,103.0595,103.23,1040,103.1732
ONEQ,2026-08-26T14:05:00+00:00,2026-08-26T14:10:00+00:00,103.05,103.05,103.05,103.05,396,103.05
ONEQ,2026-08-26T14:10:00+00:00,2026-08-26T14:15:00+00:00,102.9101,102.9101,102.8545,102.8545,2507,102.873
ONEQ,2026-08-26T14:15:00+00:00,2026-08-26T14:20:00+00:00,102.88,102.919,102.81,102.865,4878,102.8647
ONEQ,2026-08-26T14:20:00+00:00,2026-08-26T14:25:00+00:00,102.85,102.85,102.735,102.735,1261,102.7733
ONEQ,2026-08-26T14:25:00+00:00,2026-08-26T14:30:00+00:00,102.62,102.64,102.585,102.64,447,102.6217
ONEQ,2026-08-26T14:30:00+00:00,2026-08-26T14:35:00+00:00,102.6735,102.6735,102.644,102.66,5881,102.6592
ONEQ,2026-08-26T14:35:00+00:00,2026-08-26T14:40:00+00:00,102.66,102.7799,102.66,102.7799,1167,102.7399
ONEQ,2026-08-26T14:40:00+00:00,2026-08-26T14:45:00+00:00,102.78,102.78,102.73,102.73,896,102.7467
ONEQ,2026-08-26T14:45:00+00:00,2026-08-26T14:50:00+00:00,102.77,102.77,102.7603,102.7603,1758,102.7635
ONEQ,2026-08-26T14:50:00+00:00,2026-08-26T14:55:00+00:00,102.875,102.875,102.855,102.855,1692,102.8617
ONEQ,2026-08-26T14:55:00+00:00,2026-08-26T15:00:00+00:00,102.825,102.87,102.825,102.865,1937,102.8533
ONEQ,2026-08-26T15:00:00+00:00,2026-08-26T15:05:00+00:00,102.88,102.91,102.88,102.91,531,102.9
ONEQ,2026-08-26T15:05:00+00:00,2026-08-26T15:10:00+00:00,102.8855,102.945,102.8855,102.94,1592,102.9235
ONEQ,2026-08-26T15:10:00+00:00,2026-08-26T15:15:00+00:00,102.92,102.9599,102.915,102.9599,2711,102.9449
ONEQ,2026-08-26T15:15:00+00:00,2026-08-26T15:20:00+00:00,102.83,102.83,102.83,102.83,1434,102.83
ONEQ,2026-08-26T15:30:00+00:00,2026-08-26T15:35:00+00:00,102.86,102.86,102.775,102.775,781,102.8033
ONEQ,2026-08-26T15:35:00+00:00,2026-08-26T15:40:00+00:00,102.795,102.795,102.795,102.795,501,102.795
ONEQ,2026-08-26T15:40:00+00:00,2026-08-26T15:45:00+00:00,102.79,102.8741,102.79,102.8741,1175,102.8461
ONEQ,2026-08-26T15:45:00+00:00,2026-08-26T15:50:00+00:00,102.925,102.925,102.925,102.925,399,102.925
ONEQ,2026-08-26T15:50:00+00:00,2026-08-26T15:55:00+00:00,102.91,102.91,102.8151,102.8151,1318,102.8467
ONEQ,2026-08-26T16:00:00+00:00,2026-08-26T16:05:00+00:00,102.675,102.675,102.675,102.675,249,102.675
ONEQ,2026-08-26T16:05:00+00:00,2026-08-26T16:10:00+00:00,102.7228,102.73,102.7228,102.73,665,102.7276
ONEQ,2026-08-26T16:10:00+00:00,2026-08-26T16:15:00+00:00,102.69,102.7,102.69,102.7,1111,102.6967
ONEQ,2026-08-26T16:15:00+00:00,2026-08-26T16:20:00+00:00,102.65,102.69,102.645,102.69,997,102.675
ONEQ,2026-08-26T16:20:00+00:00,2026-08-26T16:25:00+00:00,102.67,102.71,102.67,102.71,1419,102.6967
ONEQ,2026-08-26T16:25:00+00:00,2026-08-26T16:30:00+00:00,102.655,102.655,102.655,102.655,272,102.655
ONEQ,2026-08-26T16:30:00+00:00,2026-08-26T16:35:00+00:00,102.655,102.69,102.655,102.69,1212,102.6783
ONEQ,2026-08-26T16:35:00+00:00,2026-08-26T16:40:00+00:00,102.62,102.62,102.62,102.62,466,102.62
ONEQ,2026-08-26T16:40:00+00:00,2026-08-26T16:45:00+00:00,102.55,102.55,102.55,102.55,786,102.55
ONEQ,2026-08-26T16:45:00+00:00,2026-08-26T16:50:00+00:00,102.57,102.57,102.57,102.57,525,102.57
ONEQ,2026-08-26T16:55:00+00:00,2026-08-26T17:00:00+00:00,102.71,102.71,102.65,102.65,663,102.67
ONEQ,2026-08-26T17:00:00+00:00,2026-08-26T17:05:00+00:00,102.76,102.76,102.67,102.67,6071,102.7
ONEQ,2026-08-26T17:05:00+00:00,2026-08-26T17:10:00+00:00,102.6801,102.74,102.6801,102.74,1414,102.72
ONEQ,2026-08-26T17:10:00+00:00,2026-08-26T17:15:00+00:00,102.7915,102.7915,102.7915,102.7915,289,102.7915
ONEQ,2026-08-26T17:15:00+00:00,2026-08-26T17:20:00+00:00,102.77,102.825,102.77,102.8,1356,102.7983
ONEQ,2026-08-26T17:20:00+00:00,2026-08-26T17:25:00+00:00,102.835,102.8799,102.835,102.8799,1691,102.8649
ONEQ,2026-08-26T17:30:00+00:00,2026-08-26T17:35:00+00:00,102.875,102.875,102.875,102.875,386,102.875
ONEQ,2026-08-26T17:35:00+00:00,2026-08-26T17:40:00+00:00,102.885,102.885,102.885,102.885,110,102.885
ONEQ,2026-08-26T17:40:00+00:00,2026-08-26T17:45:00+00:00,102.89,102.89,102.89,102.89,274,102.89
ONEQ,2026-08-26T17:45:00+00:00,2026-08-26T17:50:00+00:00,102.89,102.89,102.89,102.89,427,102.89
ONEQ,2026-08-26T17:50:00+00:00,2026-08-26T17:55:00+00:00,102.8801,102.8801,102.8801,102.8801,2028,102.8801
ONEQ,2026-08-26T18:00:00+00:00,2026-08-26T18:05:00+00:00,102.9138,102.94,102.9138,102.94,1091,102.9313
ONEQ,2026-08-26T18:05:00+00:00,2026-08-26T18:10:00+00:00,102.9599,102.9599,102.95,102.95,2494,102.9533
ONEQ,2026-08-26T18:10:00+00:00,2026-08-26T18:15:00+00:00,102.915,102.915,102.875,102.875,1422,102.8883
ONEQ,2026-08-26T18:20:00+00:00,2026-08-26T18:25:00+00:00,102.9,102.9,102.8937,102.8937,2216,102.8958
ONEQ,2026-08-26T18:25:00+00:00,2026-08-26T18:30:00+00:00,102.92,102.92,102.92,102.92,325,102.92
ONEQ,2026-08-26T18:30:00+00:00,2026-08-26T18:35:00+00:00,102.926,102.926,102.926,102.926,550,102.926
ONEQ,2026-08-26T18:40:00+00:00,2026-08-26T18:45:00+00:00,102.9255,102.97,102.92,102.945,1308,102.945
ONEQ,2026-08-26T18:45:00+00:00,2026-08-26T18:50:00+00:00,103.02,103.02,103.02,103.02,171,103.02
ONEQ,2026-08-26T18:50:00+00:00,2026-08-26T18:55:00+00:00,103.054,103.06,103.054,103.06,2062,103.058
ONEQ,2026-08-26T18:55:00+00:00,2026-08-26T19:00:00+00:00,103.05,103.1,103.05,103.1,1733,103.0833
ONEQ,2026-08-26T19:00:00+00:00,2026-08-26T19:05:00+00:00,103.2,103.2,103.2,103.2,288,103.2
ONEQ,2026-08-26T19:05:00+00:00,2026-08-26T19:10:00+00:00,103.1801,103.2,103.17,103.17,1364,103.18
ONEQ,2026-08-26T19:15:00+00:00,2026-08-26T19:20:00+00:00,103.175,103.175,103.175,103.175,616,103.175
ONEQ,2026-08-26T19:20:00+00:00,2026-08-26T19:25:00+00:00,103.175,103.175,103.09,103.125,1645,103.13
ONEQ,2026-08-26T19:25:00+00:00,2026-08-26T19:30:00+00:00,103.1401,103.165,103.1401,103.15,951,103.1517
ONEQ,2026-08-26T19:30:00+00:00,2026-08-26T19:35:00+00:00,103.1228,103.15,103.0774,103.1049,949,103.1108
ONEQ,2026-08-26T19:35:00+00:00,2026-08-26T19:40:00+00:00,103.0522,103.0982,103.0522,103.0982,886,103.0829
ONEQ,2026-08-26T19:40:00+00:00,2026-08-26T19:45:00+00:00,103.055,103.055,103.045,103.045,489,103.0483
ONEQ,2026-08-26T19:45:00+00:00,2026-08-26T19:50:00+00:00,103.0499,103.085,103.015,103.085,7405,103.0617
ONEQ,2026-08-26T19:50:00+00:00,2026-08-26T19:55:00+00:00,103.07,103.08,103.01,103.04,4754,103.0433
ONEQ,2026-08-26T19:55:00+00:00,2026-08-26T20:00:00+00:00,102.93,103.03,102.93,102.95,4264,102.97
ONEQ,2026-08-27T13:30:00+00:00,2026-08-27T13:35:00+00:00,103.89,103.93,103.68,103.68,14925,103.7633
ONEQ,2026-08-27T13:35:00+00:00,2026-08-27T13:40:00+00:00,103.655,103.68,103.6152,103.67,2740,103.6551
ONEQ,2026-08-27T13:40:00+00:00,2026-08-27T13:45:00+00:00,103.78,104.0999,103.78,104.0,4929,103.96
ONEQ,2026-08-27T13:45:00+00:00,2026-08-27T13:50:00+00:00,103.99,104.145,103.8237,103.8237,1914,103.9308
ONEQ,2026-08-27T13:50:00+00:00,2026-08-27T13:55:00+00:00,103.77,104.09,103.77,103.995,8818,103.9517
ONEQ,2026-08-27T13:55:00+00:00,2026-08-27T14:00:00+00:00,103.97,103.97,103.665,103.81,5366,103.815
ONEQ,2026-08-27T14:00:00+00:00,2026-08-27T14:05:00+00:00,103.885,104.01,103.885,103.96,2520,103.9517
ONEQ,2026-08-27T14:05:00+00:00,2026-08-27T14:10:00+00:00,103.98,103.98,103.9001,103.9001,1106,103.9267
ONEQ,2026-08-27T14:10:00+00:00,2026-08-27T14:15:00+00:00,104.065,104.1,104.065,104.1,1766,104.0883
ONEQ,2026-08-27T14:15:00+00:00,2026-08-27T14:20:00+00:00,104.08,104.156,104.08,104.156,1362,104.1307
ONEQ,2026-08-27T14:20:00+00:00,2026-08-27T14:25:00+00:00,104.19,104.19,104.05,104.1415,1456,104.1272
ONEQ,2026-08-27T14:25:00+00:00,2026-08-27T14:30:00+00:00,104.13,104.2083,104.13,104.2083,3267,104.1822
ONEQ,2026-08-27T14:30:00+00:00,2026-08-27T14:35:00+00:00,104.18,104.18,104.125,104.125,2233,104.1433
ONEQ,2026-08-27T14:35:00+00:00,2026-08-27T14:40:00+00:00,104.1798,104.1798,104.09,104.09,773,104.1199
ONEQ,2026-08-27T14:40:00+00:00,2026-08-27T14:45:00+00:00,104.0792,104.11,104.0792,104.11,788,104.0997
ONEQ,2026-08-27T14:45:00+00:00,2026-08-27T14:50:00+00:00,104.08,104.1,104.08,104.1,689,104.0933
ONEQ,2026-08-27T14:50:00+00:00,2026-08-27T14:55:00+00:00,104.21,104.2794,104.21,104.23,2557,104.2398
ONEQ,2026-08-27T14:55:00+00:00,2026-08-27T15:00:00+00:00,104.185,104.34,104.185,104.34,1348,104.2883
ONEQ,2026-08-27T15:00:00+00:00,2026-08-27T15:05:00+00:00,104.33,104.3699,104.28,104.3699,2125,104.3399
ONEQ,2026-08-27T15:05:00+00:00,2026-08-27T15:10:00+00:00,104.35,104.35,104.34,104.34,595,104.3433
ONEQ,2026-08-27T15:10:00+00:00,2026-08-27T15:15:00+00:00,104.32,104.32,104.32,104.32,646,104.32
ONEQ,2026-08-27T15:15:00+00:00,2026-08-27T15:20:00+00:00,104.38,104.38,104.365,104.365,916,104.37
ONEQ,2026-08-27T15:20:00+00:00,2026-08-27T15:25:00+00:00,104.324,104.324,104.31,104.31,681,104.3147
ONEQ,2026-08-27T15:25:00+00:00,2026-08-27T15:30:00+00:00,104.265,104.265,104.255,104.255,789,104.2583
ONEQ,2026-08-27T15:30:00+00:00,2026-08-27T15:35:00+00:00,104.18,104.19,104.17,104.19,1444,104.1833
ONEQ,2026-08-27T15:35:00+00:00,2026-08-27T15:40:00+00:00,104.18,104.18,104.137,104.1599,3383,104.159
ONEQ,2026-08-27T15:40:00+00:00,2026-08-27T15:45:00+00:00,104.16,104.17,104.12,104.14,14636,104.1433
ONEQ,2026-08-27T15:45:00+00:00,2026-08-27T15:50:00+00:00,104.0642,104.0642,104.0642,104.0642,724,104.0642
ONEQ,2026-08-27T15:50:00+00:00,2026-08-27T15:55:00+00:00,104.158,104.23,104.158,104.2,788,104.196
ONEQ,2026-08-27T15:55:00+00:00,2026-08-27T16:00:00+00:00,104.33,104.33,104.28,104.3297,14505,104.3132
ONEQ,2026-08-27T16:00:00+00:00,2026-08-27T16:05:00+00:00,104.325,104.325,104.325,104.325,475,104.325
ONEQ,2026-08-27T16:05:00+00:00,2026-08-27T16:10:00+00:00,104.355,104.355,104.32,104.32,1756,104.3317
ONEQ,2026-08-27T16:10:00+00:00,2026-08-27T16:15:00+00:00,104.325,104.325,104.325,104.325,587,104.325
ONEQ,2026-08-27T16:15:00+00:00,2026-08-27T16:20:00+00:00,104.35,104.35,104.31,104.34,1063,104.3333
ONEQ,2026-08-27T16:20:00+00:00,2026-08-27T16:25:00+00:00,104.305,104.31,104.305,104.31,383,104.3083
ONEQ,2026-08-27T16:25:00+00:00,2026-08-27T16:30:00+00:00,104.335,104.395,104.335,104.395,5446,104.375
ONEQ,2026-08-27T16:30:00+00:00,2026-08-27T16:35:00+00:00,104.395,104.45,104.395,104.44,2990,104.4283
ONEQ,2026-08-27T16:35:00+00:00,2026-08-27T16:40:00+00:00,104.44,104.49,104.44,104.49,1572,104.4733
ONEQ,2026-08-27T16:40:00+00:00,2026-08-27T16:45:00+00:00,104.57,104.57,104.5549,104.5549,562,104.5599
ONEQ,2026-08-27T16:45:00+00:00,2026-08-27T16:50:00+00:00,104.55,104.55,104.51,104.51,860,104.5233
ONEQ,2026-08-27T16:50:00+00:00,2026-08-27T16:55:00+00:00,104.5,104.545,104.5,104.545,809,104.53
ONEQ,2026-08-27T16:55:00+00:00,2026-08-27T17:00:00+00:00,104.54,104.545,104.54,104.545,470,104.5433
ONEQ,2026-08-27T17:00:00+00:00,2026-08-27T17:05:00+00:00,104.6332,104.6332,104.605,104.605,707,104.6144
ONEQ,2026-08-27T17:05:00+00:00,2026-08-27T17:10:00+00:00,104.5101,104.59,104.5101,104.5891,11730,104.5631
ONEQ,2026-08-27T17:10:00+00:00,2026-08-27T17:15:00+00:00,104.62,104.6799,104.5901,104.5901,2241,104.62
ONEQ,2026-08-27T17:15:00+00:00,2026-08-27T17:20:00+00:00,104.63,104.63,104.63,104.63,897,104.63
ONEQ,2026-08-27T17:20:00+00:00,2026-08-27T17:25:00+00:00,104.64,104.64,104.595,104.6148,2926,104.6166
ONEQ,2026-08-27T17:25:00+00:00,2026-08-27T17:30:00+00:00,104.5884,104.5884,104.4801,104.5159,3305,104.5281
ONEQ,2026-08-27T17:30:00+00:00,2026-08-27T17:35:00+00:00,104.5499,104.555,104.505,104.505,1151,104.5217
ONEQ,2026-08-27T17:40:00+00:00,2026-08-27T17:45:00+00:00,104.515,104.5599,104.5,104.5,3019,104.52
ONEQ,2026-08-27T17:45:00+00:00,2026-08-27T17:50:00+00:00,104.4725,104.4725,104.45,104.45,1413,104.4575
ONEQ,2026-08-27T17:50:00+00:00,2026-08-27T17:55:00+00:00,104.42,104.42,104.3801,104.3801,4433,104.3934
ONEQ,2026-08-27T18:00:00+00:00,2026-08-27T18:05:00+00:00,104.32,104.32,104.32,104.32,3851,104.32
ONEQ,2026-08-27T18:20:00+00:00,2026-08-27T18:25:00+00:00,104.25,104.25,104.2,104.205,1517,104.2183
ONEQ,2026-08-27T18:25:00+00:00,2026-08-27T18:30:00+00:00,104.13,104.13,104.0932,104.0932,3364,104.1055
ONEQ,2026-08-27T18:30:00+00:00,2026-08-27T18:35:00+00:00,104.214,104.214,104.214,104.214,389,104.214
ONEQ,2026-08-27T18:35:00+00:00,2026-08-27T18:40:00+00:00,104.15,104.2,104.15,104.2,560,104.1833
ONEQ,2026-08-27T18:40:00+00:00,2026-08-27T18:45:00+00:00,104.24,104.25,104.215,104.215,1365,104.2267
ONEQ,2026-08-27T18:45:00+00:00,2026-08-27T18:50:00+00:00,104.17,104.17,104.17,104.17,1019,104.17
ONEQ,2026-08-27T18:50:00+00:00,2026-08-27T18:55:00+00:00,104.14,104.15,104.14,104.15,4456,104.1467
ONEQ,2026-08-27T18:55:00+00:00,2026-08-27T19:00:00+00:00,104.11,104.22,104.11,104.22,741,104.1833
ONEQ,2026-08-27T19:00:00+00:00,2026-08-27T19:05:00+00:00,104.28,104.28,104.28,104.28,642,104.28
ONEQ,2026-08-27T19:05:00+00:00,2026-08-27T19:10:00+00:00,104.26,104.2775,104.26,104.2653,1968,104.2676
ONEQ,2026-08-27T19:10:00+00:00,2026-08-27T19:15:00+00:00,104.31,104.31,104.27,104.29,1472,104.29
ONEQ,2026-08-27T19:15:00+00:00,2026-08-27T19:20:00+00:00,104.295,104.31,104.29,104.305,769,104.3017
ONEQ,2026-08-27T19:20:00+00:00,2026-08-27T19:25:00+00:00,104.33,104.33,104.33,104.33,457,104.33
ONEQ,2026-08-27T19:25:00+00:00,2026-08-27T19:30:00+00:00,104.32,104.32,104.32,104.32,770,104.32
ONEQ,2026-08-27T19:30:00+00:00,2026-08-27T19:35:00+00:00,104.38,104.38,104.38,104.38,318,104.38
ONEQ,2026-08-27T19:35:00+00:00,2026-08-27T19:40:00+00:00,104.405,104.4204,104.38,104.415,1080,104.4051
ONEQ,2026-08-27T19:40:00+00:00,2026-08-27T19:45:00+00:00,104.415,104.43,104.39,104.43,3559,104.4167
ONEQ,2026-08-27T19:45:00+00:00,2026-08-27T19:50:00+00:00,104.45,104.4973,104.45,104.4973,6824,104.4815
ONEQ,2026-08-27T19:50:00+00:00,2026-08-27T19:55:00+00:00,104.49,104.58,104.445,104.58,5247,104.535
ONEQ,2026-08-27T19:55:00+00:00,2026-08-27T20:00:00+00:00,104.535,104.6129,104.53,104.56,7718,104.5676
ONEQ,2026-08-28T13:30:00+00:00,2026-08-28T13:35:00+00:00,104.57,104.57,104.5,104.5,7818,104.5233
ONEQ,2026-08-28T13:35:00+00:00,2026-08-28T13:40:00+00:00,104.635,104.7,104.635,104.68,1523,104.6717
ONEQ,2026-08-28T13:40:00+00:00,2026-08-28T13:45:00+00:00,104.76,104.9099,104.715,104.715,2518,104.78
ONEQ,2026-08-28T13:45:00+00:00,2026-08-28T13:50:00+00:00,104.77,104.81,104.64,104.64,5307,104.6967
ONEQ,2026-08-28T13:50:00+00:00,2026-08-28T13:55:00+00:00,104.5614,104.5614,104.5614,104.5614,1202,104.5614
ONEQ,2026-08-28T13:55:00+00:00,2026-08-28T14:00:00+00:00,104.605,104.64,104.5913,104.62,4532,104.6171
ONEQ,2026-08-28T14:00:00+00:00,2026-08-28T14:05:00+00:00,104.6323,104.84,104.4979,104.5067,2591,104.6149
ONEQ,2026-08-28T14:05:00+00:00,2026-08-28T14:10:00+00:00,104.4,104.41,104.4,104.41,2922,104.4067
ONEQ,2026-08-28T14:10:00+00:00,2026-08-28T14:15:00+00:00,104.4599,104.4599,104.18,104.18,2287,104.2733
ONEQ,2026-08-28T14:15:00+00:00,2026-08-28T14:20:00+00:00,104.225,104.42,104.21,104.42,3705,104.35
ONEQ,2026-08-28T14:20:00+00:00,2026-08-28T14:25:00+00:00,104.48,104.64,104.48,104.54,11150,104.5533
ONEQ,2026-08-28T14:25:00+00:00,2026-08-28T14:30:00+00:00,104.56,104.56,104.4285,104.465,2571,104.4845
ONEQ,2026-08-28T14:30:00+00:00,2026-08-28T14:35:00+00:00,104.53,104.53,104.5,104.5,744,104.51
ONEQ,2026-08-28T14:35:00+00:00,2026-08-28T14:40:00+00:00,104.6072,104.75,104.6072,104.725,4792,104.6941
ONEQ,2026-08-28T14:40:00+00:00,2026-08-28T14:45:00+00:00,104.7091,104.7999,104.7091,104.7999,1570,104.7696
ONEQ,2026-08-28T14:45:00+00:00,2026-08-28T14:50:00+00:00,104.9,104.965,104.9,104.95,7170,104.9383
ONEQ,2026-08-28T14:50:00+00:00,2026-08-28T14:55:00+00:00,104.95,105.06,104.92,105.0497,10092,105.0099
ONEQ,2026-08-28T14:55:00+00:00,2026-08-28T15:00:00+00:00,105.0484,105.16,105.0484,105.16,1745,105.1228
ONEQ,2026-08-28T15:00:00+00:00,2026-08-28T15:05:00+00:00,105.204,105.204,105.15,105.15,745,105.168
ONEQ,2026-08-28T15:05:00+00:00,2026-08-28T15:10:00+00:00,105.2,105.2,105.055,105.055,1977,105.1033
ONEQ,2026-08-28T15:10:00+00:00,2026-08-28T15:15:00+00:00,105.0,105.0,105.0,105.0,1493,105.0
ONEQ,2026-08-28T15:15:00+00:00,2026-08-28T15:20:00+00:00,105.05,105.05,104.97,104.97,1822,104.9967
ONEQ,2026-08-28T15:20:00+00:00,2026-08-28T15:25:00+00:00,105.03,105.045,105.03,105.045,1008,105.04
ONEQ,2026-08-28T15:25:00+00:00,2026-08-28T15:30:00+00:00,105.09,105.09,105.09,105.09,825,105.09
ONEQ,2026-08-28T15:30:00+00:00,2026-08-28T15:35:00+00:00,105.085,105.09,105.085,105.09,1608,105.0883
ONEQ,2026-08-28T15:35:00+00:00,2026-08-28T15:40:00+00:00,105.055,105.055,104.96,104.96,1462,104.9917
ONEQ,2026-08-28T15:40:00+00:00,2026-08-28T15:45:00+00:00,104.76,104.83,104.76,104.7999,4911,104.7966
ONEQ,2026-08-28T15:45:00+00:00,2026-08-28T15:50:00+00:00,104.73,104.745,104.65,104.665,2551,104.6867
ONEQ,2026-08-28T15:50:00+00:00,2026-08-28T15:55:00+00:00,104.62,104.62,104.5199,104.525,3681,104.555
ONEQ,2026-08-28T15:55:00+00:00,2026-08-28T16:00:00+00:00,104.4661,104.4661,104.3201,104.34,2526,104.3754
ONEQ,2026-08-28T16:00:00+00:00,2026-08-28T16:05:00+00:00,104.33,104.345,104.21,104.3,5243,104.285
ONEQ,2026-08-28T16:05:00+00:00,2026-08-28T16:10:00+00:00,104.3,104.4615,104.28,104.4615,2897,104.401
ONEQ,2026-08-28T16:10:00+00:00,2026-08-28T16:15:00+00:00,104.425,104.47,104.42,104.47,1335,104.4533
ONEQ,2026-08-28T16:15:00+00:00,2026-08-28T16:20:00+00:00,104.4197,104.4197,104.4,104.4,850,104.4066
ONEQ,2026-08-28T16:20:00+00:00,2026-08-28T16:25:00+00:00,104.21,104.21,104.105,104.105,3359,104.14
ONEQ,2026-08-28T16:25:00+00:00,2026-08-28T16:30:00+00:00,104.12,104.12,104.1019,104.1019,1785,104.1079
ONEQ,2026-08-28T16:35:00+00:00,2026-08-28T16:40:00+00:00,104.255,104.265,104.22,104.23,7423,104.2383
ONEQ,2026-08-28T16:40:00+00:00,2026-08-28T16:45:00+00:00,104.13,104.13,104.13,104.13,607,104.13
ONEQ,2026-08-28T16:45:00+00:00,2026-08-28T16:50:00+00:00,104.15,104.295,104.15,104.295,785,104.2467
ONEQ,2026-08-28T16:50:00+00:00,2026-08-28T16:55:00+00:00,104.32,104.32,104.32,104.32,1040,104.32
ONEQ,2026-08-28T17:00:00+00:00,2026-08-28T17:05:00+00:00,104.0,104.08,103.9501,104.08,1496,104.0367
ONEQ,2026-08-28T17:05:00+00:00,2026-08-28T17:10:00+00:00,103.95,103.99,103.95,103.99,1255,103.9767
ONEQ,2026-08-28T17:20:00+00:00,2026-08-28T17:25:00+00:00,104.13,104.13,104.02,104.07,1031,104.0733
ONEQ,2026-08-28T17:25:00+00:00,2026-08-28T17:30:00+00:00,104.0451,104.125,104.0451,104.095,1915,104.0884
ONEQ,2026-08-28T17:30:00+00:00,2026-08-28T17:35:00+00:00,104.0949,104.1364,104.0949,104.1364,714,104.1226
ONEQ,2026-08-28T17:35:00+00:00,2026-08-28T17:40:00+00:00,104.155,104.17,104.04,104.04,885,104.0833
ONEQ,2026-08-28T17:40:00+00:00,2026-08-28T17:45:00+00:00,104.06,104.06,104.06,104.06,1294,104.06
ONEQ,2026-08-28T17:45:00+00:00,2026-08-28T17:50:00+00:00,104.17,104.2,104.15,104.2,42587,104.1833
ONEQ,2026-08-28T17:50:00+00:00,2026-08-28T17:55:00+00:00,104.2,104.2398,104.2,104.2299,2172,104.2232
ONEQ,2026-08-28T18:05:00+00:00,2026-08-28T18:10:00+00:00,104.135,104.1616,104.135,104.1616,1068,104.1527
ONEQ,2026-08-28T18:10:00+00:00,2026-08-28T18:15:00+00:00,104.15,104.15,104.15,104.15,949,104.15
ONEQ,2026-08-28T18:25:00+00:00,2026-08-28T18:30:00+00:00,104.11,104.11,104.11,104.11,585,104.11
ONEQ,2026-08-28T18:30:00+00:00,2026-08-28T18:35:00+00:00,104.06,104.0754,104.045,104.0754,3712,104.0653
ONEQ,2026-08-28T18:35:00+00:00,2026-08-28T18:40:00+00:00,104.13,104.13,104.06,104.06,1701,104.0833
ONEQ,2026-08-28T18:40:00+00:00,2026-08-28T18:45:00+00:00,104.0101,104.0101,104.0101,104.0101,837,104.0101
ONEQ,2026-08-28T18:55:00+00:00,2026-08-28T19:00:00+00:00,103.935,103.96,103.935,103.95,1545,103.9483
ONEQ,2026-08-28T19:00:00+00:00,2026-08-28T19:05:00+00:00,103.98,103.98,103.98,103.98,1167,103.98
ONEQ,2026-08-28T19:05:00+00:00,2026-08-28T19:10:00+00:00,103.98,104.05,103.98,104.035,1049,104.0217
ONEQ,2026-08-28T19:10:00+00:00,2026-08-28T19:15:00+00:00,104.035,104.035,103.99,104.035,1847,104.02
ONEQ,2026-08-28T19:25:00+00:00,2026-08-28T19:30:00+00:00,104.0862,104.1,104.0501,104.1,1321,104.0834
ONEQ,2026-08-28T19:30:00+00:00,2026-08-28T19:35:00+00:00,104.07,104.11,104.07,104.08,2392,104.0867
ONEQ,2026-08-28T19:35:00+00:00,2026-08-28T19:40:00+00:00,104.1128,104.1128,104.04,104.084,1600,104.0789
ONEQ,2026-08-28T19:40:00+00:00,2026-08-28T19:45:00+00:00,104.09,104.14,104.09,104.115,1229,104.115
ONEQ,2026-08-28T19:45:00+00:00,2026-08-28T19:50:00+00:00,104.11,104.11,103.98,104.015,6900,104.035
ONEQ,2026-08-28T19:50:00+00:00,2026-08-28T19:55:00+00:00,104.06,104.16,104.06,104.065,3162,104.095
ONEQ,2026-08-28T19:55:00+00:00,2026-08-28T20:00:00+00:00,104.11,104.154,104.05,104.05,2685,104.0847
ONEQ,2026-08-31T13:30:00+00:00,2026-08-31T13:35:00+00:00,103.75,104.05,103.75,104.05,14678,103.95
ONEQ,2026-08-31T13:35:00+00:00,2026-08-31T13:40:00+00:00,103.67,103.67,103.65,103.65,1495,103.6567
ONEQ,2026-08-31T13:40:00+00:00,2026-08-31T13:45:00+00:00,103.68,103.68,103.59,103.59,16293,103.62
ONEQ,2026-08-31T13:45:00+00:00,2026-08-31T13:50:00+00:00,103.62,103.79,103.54,103.73,5792,103.6867
ONEQ,2026-08-31T13:50:00+00:00,2026-08-31T13:55:00+00:00,103.7,103.7,103.68,103.6817,11306,103.6872
ONEQ,2026-08-31T13:55:00+00:00,2026-08-31T14:00:00+00:00,103.69,103.69,103.6601,103.67,13497,103.6734
ONEQ,2026-08-31T14:00:00+00:00,2026-08-31T14:05:00+00:00,103.64,103.65,103.59,103.6,4817,103.6133
ONEQ,2026-08-31T14:05:00+00:00,2026-08-31T14:10:00+00:00,103.5801,103.5801,103.5,103.53,6344,103.5367
ONEQ,2026-08-31T14:10:00+00:00,2026-08-31T14:15:00+00:00,103.5,103.56,103.48,103.49,4615,103.51
ONEQ,2026-08-31T14:15:00+00:00,2026-08-31T14:20:00+00:00,103.49,103.6,103.49,103.6,1322,103.5633
ONEQ,2026-08-31T14:20:00+00:00,2026-08-31T14:25:00+00:00,103.615,103.62,103.615,103.62,935,103.6183
ONEQ,2026-08-31T14:25:00+00:00,2026-08-31T14:30:00+00:00,103.4451,103.5406,103.42,103.5406,2571,103.5004
ONEQ,2026-08-31T14:30:00+00:00,2026-08-31T14:35:00+00:00,103.45,103.45,103.45,103.45,1340,103.45
ONEQ,2026-08-31T14:35:00+00:00,2026-08-31T14:40:00+00:00,103.57,103.61,103.57,103.61,833,103.5967
ONEQ,2026-08-31T14:40:00+00:00,2026-08-31T14:45:00+00:00,103.605,103.6799,103.5601,103.6718,4143,103.6373
ONEQ,2026-08-31T14:45:00+00:00,2026-08-31T14:50:00+00:00,103.56,103.57,103.56,103.57,504,103.5667
ONEQ,2026-08-31T14:50:00+00:00,2026-08-31T14:55:00+00:00,103.52,103.52,103.51,103.515,3605,103.515
ONEQ,2026-08-31T14:55:00+00:00,2026-08-31T15:00:00+00:00,103.5301,103.63,103.5301,103.61,1614,103.59
ONEQ,2026-08-31T15:00:00+00:00,2026-08-31T15:05:00+00:00,103.6601,103.6601,103.58,103.58,2241,103.6067
ONEQ,2026-08-31T15:05:00+00:00,2026-08-31T15:10:00+00:00,103.635,103.635,103.615,103.615,278,103.6217
ONEQ,2026-08-31T15:10:00+00:00,2026-08-31T15:15:00+00:00,103.62,103.62,103.61,103.61,1640,103.6133
ONEQ,2026-08-31T15:15:00+00:00,2026-08-31T15:20:00+00:00,103.585,103.585,103.585,103.585,504,103.585
ONEQ,2026-08-31T15:20:00+00:00,2026-08-31T15:25:00+00:00,103.63,103.7199,103.63,103.65,1402,103.6666
ONEQ,2026-08-31T15:25:00+00:00,2026-08-31T15:30:00+00:00,103.7,103.7246,103.68,103.68,2837,103.6949
ONEQ,2026-08-31T15:35:00+00:00,2026-08-31T15:40:00+00:00,103.62,103.62,103.62,103.62,1566,103.62
ONEQ,2026-08-31T15:45:00+00:00,2026-08-31T15:50:00+00:00,103.62,103.66,103.62,103.66,629,103.6467
ONEQ,2026-08-31T15:50:00+00:00,2026-08-31T15:55:00+00:00,103.66,103.7299,103.66,103.69,1351,103.6933
ONEQ,2026-08-31T15:55:00+00:00,2026-08-31T16:00:00+00:00,103.67,103.67,103.57,103.57,1622,103.6033
ONEQ,2026-08-31T16:00:00+00:00,2026-08-31T16:05:00+00:00,103.5252,103.5252,103.5252,103.5252,541,103.5252
ONEQ,2026-08-31T16:05:00+00:00,2026-08-31T16:10:00+00:00,103.51,103.51,103.5051,103.5051,1308,103.5067
ONEQ,2026-08-31T16:10:00+00:00,2026-08-31T16:15:00+00:00,103.6001,103.61,103.6,103.61,1257,103.6067
ONEQ,2026-08-31T16:20:00+00:00,2026-08-31T16:25:00+00:00,103.62,103.625,103.615,103.615,802,103.6183
ONEQ,2026-08-31T16:25:00+00:00,2026-08-31T16:30:00+00:00,103.63,103.72,103.63,103.72,1345,103.69
ONEQ,2026-08-31T16:30:00+00:00,2026-08-31T16:35:00+00:00,103.63,103.63,103.6106,103.63,806,103.6235
ONEQ,2026-08-31T16:35:00+00:00,2026-08-31T16:40:00+00:00,103.64,103.645,103.64,103.645,654,103.6433
ONEQ,2026-08-31T16:40:00+00:00,2026-08-31T16:45:00+00:00,103.59,103.6664,103.59,103.61,2733,103.6221
ONEQ,2026-08-31T16:45:00+00:00,2026-08-31T16:50:00+00:00,103.64,103.68,103.61,103.68,2436,103.6567
ONEQ,2026-08-31T16:50:00+00:00,2026-08-31T16:55:00+00:00,103.7199,103.7199,103.7199,103.7199,226,103.7199
ONEQ,2026-08-31T16:55:00+00:00,2026-08-31T17:00:00+00:00,103.6801,103.6801,103.6801,103.6801,580,103.6801
ONEQ,2026-08-31T17:00:00+00:00,2026-08-31T17:05:00+00:00,103.695,103.695,103.688,103.688,889,103.6903
ONEQ,2026-08-31T17:05:00+00:00,2026-08-31T17:10:00+00:00,103.68,103.68,103.62,103.62,1562,103.64
ONEQ,2026-08-31T17:10:00+00:00,2026-08-31T17:15:00+00:00,103.655,103.655,103.65,103.65,1456,103.6517
ONEQ,2026-08-31T17:15:00+00:00,2026-08-31T17:20:00+00:00,103.7299,103.7299,103.65,103.67,2562,103.6833
ONEQ,2026-08-31T17:20:00+00:00,2026-08-31T17:25:00+00:00,103.65,103.665,103.65,103.665,875,103.66
ONEQ,2026-08-31T17:25:00+00:00,2026-08-31T17:30:00+00:00,103.6035,103.6035,103.58,103.58,2476,103.5878
ONEQ,2026-08-31T17:30:00+00:00,2026-08-31T17:35:00+00:00,103.56,103.56,103.54,103.54,882,103.5467
ONEQ,2026-08-31T17:35:00+00:00,2026-08-31T17:40:00+00:00,103.58,103.62,103.58,103.595,2168,103.5983
ONEQ,2026-08-31T17:40:00+00:00,2026-08-31T17:45:00+00:00,103.63,103.65,103.63,103.65,2290,103.6433
ONEQ,2026-08-31T17:45:00+00:00,2026-08-31T17:50:00+00:00,103.71,103.71,103.71,103.71,253,103.71
ONEQ,2026-08-31T17:50:00+00:00,2026-08-31T17:55:00+00:00,103.78,103.78,103.74,103.74,1681,103.7533
ONEQ,2026-08-31T17:55:00+00:00,2026-08-31T18:00:00+00:00,103.75,103.75,103.7283,103.7283,1362,103.7355
ONEQ,2026-08-31T18:00:00+00:00,2026-08-31T18:05:00+00:00,103.655,103.73,103.655,103.73,1762,103.705
ONEQ,2026-08-31T18:05:00+00:00,2026-08-31T18:10:00+00:00,103.7,103.725,103.7,103.725,1050,103.7167
ONEQ,2026-08-31T18:10:00+00:00,2026-08-31T18:15:00+00:00,103.67,103.7399,103.67,103.7399,2248,103.7166
ONEQ,2026-08-31T18:15:00+00:00,2026-08-31T18:20:00+00:00,103.725,103.7399,103.725,103.7399,624,103.7349
ONEQ,2026-08-31T18:20:00+00:00,2026-08-31T18:25:00+00:00,103.725,103.725,103.725,103.725,357,103.725
ONEQ,2026-08-31T18:25:00+00:00,2026-08-31T18:30:00+00:00,103.7265,103.7265,103.68,103.68,588,103.6955
ONEQ,2026-08-31T18:30:00+00:00,2026-08-31T18:35:00+00:00,103.6596,103.6596,103.64,103.64,863,103.6465
ONEQ,2026-08-31T18:35:00+00:00,2026-08-31T18:40:00+00:00,103.525,103.525,103.51,103.51,942,103.515
ONEQ,2026-08-31T18:40:00+00:00,2026-08-31T18:45:00+00:00,103.46,103.46,103.46,103.46,490,103.46
ONEQ,2026-08-31T18:45:00+00:00,2026-08-31T18:50:00+00:00,103.485,103.51,103.47,103.47,1557,103.4833
ONEQ,2026-08-31T18:50:00+00:00,2026-08-31T18:55:00+00:00,103.52,103.57,103.52,103.57,1038,103.5533
ONEQ,2026-08-31T18:55:00+00:00,2026-08-31T19:00:00+00:00,103.55,103.59,103.55,103.59,1119,103.5767
ONEQ,2026-08-31T19:00:00+00:00,2026-08-31T19:05:00+00:00,103.595,103.6,103.595,103.6,1386,103.5983
ONEQ,2026-08-31T19:05:00+00:00,2026-08-31T19:10:00+00:00,103.6084,103.62,103.6084,103.62,1113,103.6161
ONEQ,2026-08-31T19:10:00+00:00,2026-08-31T19:15:00+00:00,103.65,103.65,103.6234,103.6234,909,103.6323
ONEQ,2026-08-31T19:15:00+00:00,2026-08-31T19:20:00+00:00,103.645,103.67,103.6201,103.6201,2349,103.6367
ONEQ,2026-08-31T19:25:00+00:00,2026-08-31T19:30:00+00:00,103.6983,103.6983,103.6983,103.6983,1228,103.6983
ONEQ,2026-08-31T19:30:00+00:00,2026-08-31T19:35:00+00:00,103.7,103.71,103.66,103.66,1731,103.6767
ONEQ,2026-08-31T19:35:00+00:00,2026-08-31T19:40:00+00:00,103.7001,103.74,103.7001,103.73,7989,103.7234
ONEQ,2026-08-31T19:40:00+00:00,2026-08-31T19:45:00+00:00,103.73,103.73,103.73,103.73,1543,103.73
ONEQ,2026-08-31T19:45:00+00:00,2026-08-31T19:50:00+00:00,103.835,103.835,103.77,103.77,3937,103.7917
ONEQ,2026-08-31T19:50:00+00:00,2026-08-31T19:55:00+00:00,103.94,104.02,103.935,103.935,5631,103.9633
ONEQ,2026-08-31T19:55:00+00:00,2026-08-31T20:00:00+00:00,103.8451,103.975,103.8451,103.95,3964,103.9234
ONEQ,2026-09-01T13:30:00+00:00,2026-09-01T13:35:00+00:00,102.8,103.0,102.46,102.52,20877,102.66
ONEQ,2026-09-01T13:35:00+00:00,2026-09-01T13:40:00+00:00,102.67,102.67,102.54,102.54,6243,102.5833
ONEQ,2026-09-01T13:40:00+00:00,2026-09-01T13:45:00+00:00,102.58,102.67,102.55,102.62,3824,102.6133
ONEQ,2026-09-01T13:45:00+00:00,2026-09-01T13:50:00+00:00,102.8217,102.8217,102.75,102.785,940,102.7856
ONEQ,2026-09-01T13:50:00+00:00,2026-09-01T13:55:00+00:00,102.8834,102.8834,102.8,102.8399,3305,102.8411
ONEQ,2026-09-01T13:55:00+00:00,2026-09-01T14:00:00+00:00,102.82,102.82,102.7841,102.7841,2453,102.7961
ONEQ,2026-09-01T14:00:00+00:00,2026-09-01T14:05:00+00:00,102.88,102.89,102.82,102.83,1664,102.8467
ONEQ,2026-09-01T14:05:00+00:00,2026-09-01T14:10:00+00:00,102.92,102.96,102.92,102.9301,1486,102.9367
ONEQ,2026-09-01T14:10:00+00:00,2026-09-01T14:15:00+00:00,103.0,103.0,102.93,102.98,1254,102.97
ONEQ,2026-09-01T14:15:00+00:00,2026-09-01T14:20:00+00:00,102.99,103.05,102.99,103.03,2304,103.0233
ONEQ,2026-09-01T14:20:00+00:00,2026-09-01T14:25:00+00:00,103.045,103.045,103.045,103.045,829,103.045
ONEQ,2026-09-01T14:25:00+00:00,2026-09-01T14:30:00+00:00,103.09,103.09,103.055,103.055,1387,103.0667
ONEQ,2026-09-01T14:30:00+00:00,2026-09-01T14:35:00+00:00,103.11,103.235,103.11,103.235,845,103.1933
ONEQ,2026-09-01T14:35:00+00:00,2026-09-01T14:40:00+00:00,103.25,103.25,103.1695,103.17,2127,103.1965
ONEQ,2026-09-01T14:40:00+00:00,2026-09-01T14:45:00+00:00,103.19,103.21,103.172,103.2,5925,103.194
ONEQ,2026-09-01T14:45:00+00:00,2026-09-01T14:50:00+00:00,103.2785,103.3,103.24,103.24,1509,103.26
ONEQ,2026-09-01T14:50:00+00:00,2026-09-01T14:55:00+00:00,103.25,103.25,103.17,103.17,1250,103.1967
ONEQ,2026-09-01T14:55:00+00:00,2026-09-01T15:00:00+00:00,103.16,103.16,103.16,103.16,779,103.16
ONEQ,2026-09-01T15:00:00+00:00,2026-09-01T15:05:00+00:00,103.19,103.2497,103.12,103.12,1706,103.1632
ONEQ,2026-09-01T15:05:00+00:00,2026-09-01T15:10:00+00:00,103.065,103.065,103.065,103.065,389,103.065
ONEQ,2026-09-01T15:10:00+00:00,2026-09-01T15:15:00+00:00,103.055,103.055,103.045,103.045,400,103.0483
ONEQ,2026-09-01T15:15:00+00:00,2026-09-01T15:20:00+00:00,103.045,103.115,103.045,103.115,1182,103.0917
ONEQ,2026-09-01T15:25:00+00:00,2026-09-01T15:30:00+00:00,103.15,103.15,103.15,103.15,6848,103.15
ONEQ,2026-09-01T15:30:00+00:00,2026-09-01T15:35:00+00:00,103.205,103.205,103.16,103.16,81991,103.175
ONEQ,2026-09-01T15:40:00+00:00,2026-09-01T15:45:00+00:00,103.3399,103.3399,103.3399,103.3399,743,103.3399
ONEQ,2026-09-01T15:45:00+00:00,2026-09-01T15:50:00+00:00,103.39,103.39,103.39,103.39,461,103.39
ONEQ,2026-09-01T15:50:00+00:00,2026-09-01T15:55:00+00:00,103.42,103.44,103.42,103.44,975,103.4333
ONEQ,2026-09-01T15:55:00+00:00,2026-09-01T16:00:00+00:00,103.44,103.44,103.44,103.44,320,103.44
ONEQ,2026-09-01T16:00:00+00:00,2026-09-01T16:05:00+00:00,103.43,103.43,103.36,103.36,1791,103.3833
ONEQ,2026-09-01T16:10:00+00:00,2026-09-01T16:15:00+00:00,103.2835,103.295,103.215,103.215,2073,103.2417
ONEQ,2026-09-01T16:20:00+00:00,2026-09-01T16:25:00+00:00,103.04,103.125,103.04,103.125,584,103.0967
ONEQ,2026-09-01T16:25:00+00:00,2026-09-01T16:30:00+00:00,103.07,103.075,103.04,103.075,3884,103.0633
ONEQ,2026-09-01T16:35:00+00:00,2026-09-01T16:40:00+00:00,102.975,103.0,102.975,103.0,670,102.9917
ONEQ,2026-09-01T16:40:00+00:00,2026-09-01T16:45:00+00:00,103.01,103.04,103.01,103.04,455,103.03
ONEQ,2026-09-01T16:45:00+00:00,2026-09-01T16:50:00+00:00,102.9,102.95,102.9,102.95,1810,102.9333
ONEQ,2026-09-01T16:50:00+00:00,2026-09-01T16:55:00+00:00,102.99,102.99,102.95,102.95,1747,102.9633
ONEQ,2026-09-01T16:55:00+00:00,2026-09-01T17:00:00+00:00,103.1099,103.11,103.075,103.11,2985,103.0983
ONEQ,2026-09-01T17:05:00+00:00,2026-09-01T17:10:00+00:00,102.93,102.93,102.9072,102.9072,820,102.9148
ONEQ,2026-09-01T17:10:00+00:00,2026-09-01T17:15:00+00:00,102.97,102.98,102.95,102.95,4547,102.96
ONEQ,2026-09-01T17:15:00+00:00,2026-09-01T17:20:00+00:00,102.975,102.9888,102.975,102.9888,536,102.9842
ONEQ,2026-09-01T17:20:00+00:00,2026-09-01T17:25:00+00:00,102.95,102.9627,102.9,102.94,5865,102.9342
ONEQ,2026-09-01T17:25:00+00:00,2026-09-01T17:30:00+00:00,102.9,102.905,102.8,102.9,6257,102.8683
ONEQ,2026-09-01T17:30:00+00:00,2026-09-01T17:35:00+00:00,102.95,102.95,102.95,102.95,380,102.95
ONEQ,2026-09-01T17:35:00+00:00,2026-09-01T17:40:00+00:00,102.97,102.97,102.97,102.97,366,102.97
ONEQ,2026-09-01T17:40:00+00:00,2026-09-01T17:45:00+00:00,102.95,102.9999,102.94,102.95,5257,102.9633
ONEQ,2026-09-01T17:50:00+00:00,2026-09-01T17:55:00+00:00,102.89,102.905,102.87,102.905,2167,102.8933
ONEQ,2026-09-01T17:55:00+00:00,2026-09-01T18:00:00+00:00,102.89,102.9,102.865,102.9,822,102.8883
ONEQ,2026-09-01T18:00:00+00:00,2026-09-01T18:05:00+00:00,102.9301,102.95,102.9,102.92,1743,102.9233
ONEQ,2026-09-01T18:05:00+00:00,2026-09-01T18:10:00+00:00,102.9,102.9,102.84,102.84,1319,102.86
ONEQ,2026-09-01T18:10:00+00:00,2026-09-01T18:15:00+00:00,102.865,102.865,102.865,102.865,1403,102.865
ONEQ,2026-09-01T18:15:00+00:00,2026-09-01T18:20:00+00:00,102.8216,102.86,102.82,102.845,2027,102.8417
ONEQ,2026-09-01T18:20:00+00:00,2026-09-01T18:25:00+00:00,102.8549,102.8799,102.8549,102.86,989,102.8649
ONEQ,2026-09-01T18:25:00+00:00,2026-09-01T18:30:00+00:00,102.845,102.845,102.78,102.78,727,102.8017
ONEQ,2026-09-01T18:30:00+00:00,2026-09-01T18:35:00+00:00,102.795,102.795,102.795,102.795,657,102.795
ONEQ,2026-09-01T18:35:00+00:00,2026-09-01T18:40:00+00:00,102.74,102.74,102.64,102.64,1207,102.6733
ONEQ,2026-09-01T18:40:00+00:00,2026-09-01T18:45:00+00:00,102.66,102.685,102.66,102.685,1692,102.6767
ONEQ,2026-09-01T18:45:00+00:00,2026-09-01T18:50:00+00:00,102.4699,102.62,102.4699,102.62,2117,102.57
ONEQ,2026-09-01T18:50:00+00:00,2026-09-01T18:55:00+00:00,102.66,102.67,102.66,102.67,1270,102.6667
ONEQ,2026-09-01T18:55:00+00:00,2026-09-01T19:00:00+00:00,102.68,102.77,102.68,102.77,1774,102.74
ONEQ,2026-09-01T19:00:00+00:00,2026-09-01T19:05:00+00:00,102.7928,102.82,102.73,102.82,2665,102.79
ONEQ,2026-09-01T19:05:00+00:00,2026-09-01T19:10:00+00:00,102.8199,102.8199,102.81,102.81,3039,102.8133
ONEQ,2026-09-01T19:10:00+00:00,2026-09-01T19:15:00+00:00,102.85,102.85,102.85,102.85,370,102.85
ONEQ,2026-09-01T19:15:00+00:00,2026-09-01T19:20:00+00:00,102.86,102.889,102.8501,102.863,3394,102.8674
ONEQ,2026-09-01T19:20:00+00:00,2026-09-01T19:25:00+00:00,102.8601,102.8601,102.84,102.84,1280,102.8467
ONEQ,2026-09-01T19:25:00+00:00,2026-09-01T19:30:00+00:00,102.86,102.88,102.855,102.88,2529,102.8717
ONEQ,2026-09-01T19:30:00+00:00,2026-09-01T19:35:00+00:00,102.9,102.9,102.78,102.8,2929,102.8267
ONEQ,2026-09-01T19:35:00+00:00,2026-09-01T19:40:00+00:00,102.85,102.85,102.85,102.85,312,102.85
ONEQ,2026-09-01T19:40:00+00:00,2026-09-01T19:45:00+00:00,102.8994,102.8994,102.7797,102.7797,1820,102.8196
ONEQ,2026-09-01T19:45:00+00:00,2026-09-01T19:50:00+00:00,102.82,102.82,102.82,102.82,581,102.82
ONEQ,2026-09-01T19:50:00+00:00,2026-09-01T19:55:00+00:00,102.84,102.8899,102.75,102.75,1953,102.7966
ONEQ,2026-09-01T19:55:00+00:00,2026-09-01T20:00:00+00:00,102.79,102.85,102.73,102.82,5176,102.8
ONEQ,2026-09-02T13:30:00+00:00,2026-09-02T13:35:00+00:00,102.81,102.8518,102.79,102.84,17809,102.8273
ONEQ,2026-09-02T13:35:00+00:00,2026-09-02T13:40:00+00:00,102.7574,102.87,102.71,102.87,3120,102.8167
ONEQ,2026-09-02T13:40:00+00:00,2026-09-02T13:45:00+00:00,102.87,102.91,102.87,102.91,3043,102.8967
ONEQ,2026-09-02T13:45:00+00:00,2026-09-02T13:50:00+00:00,102.9,102.925,102.788,102.87,2278,102.861
ONEQ,2026-09-02T13:50:00+00:00,2026-09-02T13:55:00+00:00,102.8326,102.84,102.8326,102.84,1552,102.8375
ONEQ,2026-09-02T13:55:00+00:00,2026-09-02T14:00:00+00:00,102.8232,102.9,102.8041,102.9,2792,102.868
ONEQ,2026-09-02T14:00:00+00:00,2026-09-02T14:05:00+00:00,102.92,102.94,102.89,102.94,1945,102.9233
ONEQ,2026-09-02T14:05:00+00:00,2026-09-02T14:10:00+00:00,102.9701,103.05,102.9701,103.05,1131,103.0234
ONEQ,2026-09-02T14:10:00+00:00,2026-09-02T14:15:00+00:00,103.07,103.125,103.07,103.125,707,103.1067
ONEQ,2026-09-02T14:15:00+00:00,2026-09-02T14:20:00+00:00,103.16,103.22,103.16,103.22,1319,103.2
ONEQ,2026-09-02T14:20:00+00:00,2026-09-02T14:25:00+00:00,103.21,103.28,103.21,103.27,1022,103.2533
ONEQ,2026-09-02T14:25:00+00:00,2026-09-02T14:30:00+00:00,103.3199,103.33,103.265,103.33,3372,103.3083
ONEQ,2026-09-02T14:30:00+00:00,2026-09-02T14:35:00+00:00,103.2897,103.33,103.2065,103.3138,2954,103.2834
ONEQ,2026-09-02T14:35:00+00:00,2026-09-02T14:40:00+00:00,103.36,103.4099,103.33,103.3815,993,103.3738
ONEQ,2026-09-02T14:40:00+00:00,2026-09-02T14:45:00+00:00,103.345,103.375,103.34,103.375,1099,103.3633
ONEQ,2026-09-02T14:45:00+00:00,2026-09-02T14:50:00+00:00,103.365,103.365,103.29,103.29,642,103.315
ONEQ,2026-09-02T14:50:00+00:00,2026-09-02T14:55:00+00:00,103.31,103.31,103.1301,103.203,3342,103.2144
ONEQ,2026-09-02T14:55:00+00:00,2026-09-02T15:00:00+00:00,103.155,103.155,103.15,103.15,2346,103.1517
ONEQ,2026-09-02T15:00:00+00:00,2026-09-02T15:05:00+00:00,103.135,103.135,103.1,103.1,965,103.1117
ONEQ,2026-09-02T15:05:00+00:00,2026-09-02T15:10:00+00:00,103.22,103.25,103.22,103.25,915,103.24
ONEQ,2026-09-02T15:10:00+00:00,2026-09-02T15:15:00+00:00,103.25,103.25,103.25,103.25,538,103.25
ONEQ,2026-09-02T15:15:00+00:00,2026-09-02T15:20:00+00:00,103.385,103.385,103.385,103.385,663,103.385
ONEQ,2026-09-02T15:20:00+00:00,2026-09-02T15:25:00+00:00,103.355,103.3899,103.33,103.3899,1547,103.3699
ONEQ,2026-09-02T15:25:00+00:00,2026-09-02T15:30:00+00:00,103.3801,103.41,103.3801,103.41,1139,103.4
ONEQ,2026-09-02T15:30:00+00:00,2026-09-02T15:35:00+00:00,103.4,103.4499,103.4,103.4499,399,103.4333
ONEQ,2026-09-02T15:35:00+00:00,2026-09-02T15:40:00+00:00,103.3695,103.3695,103.3695,103.3695,1858,103.3695
ONEQ,2026-09-02T15:40:00+00:00,2026-09-02T15:45:00+00:00,103.35,103.35,103.35,103.35,1080,103.35
ONEQ,2026-09-02T15:45:00+00:00,2026-09-02T15:50:00+00:00,103.23,103.28,103.23,103.28,801,103.2633
ONEQ,2026-09-02T15:50:00+00:00,2026-09-02T15:55:00+00:00,103.25,103.29,103.25,103.29,1985,103.2767
ONEQ,2026-09-02T16:10:00+00:00,2026-09-02T16:15:00+00:00,103.3844,103.3844,103.3844,103.3844,162,103.3844
ONEQ,2026-09-02T16:15:00+00:00,2026-09-02T16:20:00+00:00,103.335,103.335,103.31,103.31,640,103.3183
ONEQ,2026-09-02T16:20:00+00:00,2026-09-02T16:25:00+00:00,103.26,103.26,103.26,103.26,196,103.26
ONEQ,2026-09-02T16:25:00+00:00,2026-09-02T16:30:00+00:00,103.285,103.285,103.2449,103.2449,1531,103.2583
ONEQ,2026-09-02T16:30:00+00:00,2026-09-02T16:35:00+00:00,103.32,103.32,103.32,103.32,299,103.32
ONEQ,2026-09-02T16:45:00+00:00,2026-09-02T16:50:00+00:00,103.235,103.235,103.235,103.235,624,103.235
ONEQ,2026-09-02T16:50:00+00:00,2026-09-02T16:55:00+00:00,103.34,103.34,103.339,103.34,1628,103.3397
ONEQ,2026-09-02T16:55:00+00:00,2026-09-02T17:00:00+00:00,103.3354,103.3354,103.265,103.265,1137,103.2885
ONEQ,2026-09-02T17:00:00+00:00,2026-09-02T17:05:00+00:00,103.345,103.3649,103.325,103.325,1403,103.3383
ONEQ,2026-09-02T17:05:00+00:00,2026-09-02T17:10:00+00:00,103.17,103.19,103.1501,103.1501,2501,103.1634
ONEQ,2026-09-02T17:20:00+00:00,2026-09-02T17:25:00+00:00,103.16,103.16,103.16,103.16,826,103.16
ONEQ,2026-09-02T17:25:00+00:00,2026-09-02T17:30:00+00:00,103.1897,103.1897,103.1897,103.1897,878,103.1897
ONEQ,2026-09-02T17:30:00+00:00,2026-09-02T17:35:00+00:00,103.24,103.26,103.24,103.26,553,103.2533
ONEQ,2026-09-02T17:35:00+00:00,2026-09-02T17:40:00+00:00,103.2,103.2,103.1538,103.1538,1243,103.1692
ONEQ,2026-09-02T17:40:00+00:00,2026-09-02T17:45:00+00:00,103.18,103.2273,103.17,103.2273,1784,103.2082
ONEQ,2026-09-02T17:45:00+00:00,2026-09-02T17:50:00+00:00,103.275,103.3026,103.2691,103.28,3024,103.2839
ONEQ,2026-09-02T17:50:00+00:00,2026-09-02T17:55:00+00:00,103.24,103.24,103.24,103.24,715,103.24
ONEQ,2026-09-02T17:55:00+00:00,2026-09-02T18:00:00+00:00,103.28,103.28,103.28,103.28,378,103.28
ONEQ,2026-09-02T18:00:00+00:00,2026-09-02T18:05:00+00:00,103.2099,103.2408,103.2099,103.2408,720,103.2305
ONEQ,2026-09-02T18:05:00+00:00,2026-09-02T18:10:00+00:00,103.24,103.24,103.24,103.24,1299,103.24
ONEQ,2026-09-02T18:10:00+00:00,2026-09-02T18:15:00+00:00,103.2499,103.2499,103.2028,103.2399,3794,103.2309
ONEQ,2026-09-02T18:15:00+00:00,2026-09-02T18:20:00+00:00,103.36,103.36,103.35,103.35,1297,103.3533
ONEQ,2026-09-02T18:20:00+00:00,2026-09-02T18:25:00+00:00,103.3385,103.3385,103.3385,103.3385,141,103.3385
ONEQ,2026-09-02T18:25:00+00:00,2026-09-02T18:30:00+00:00,103.3294,103.34,103.26,103.28,3243,103.2933
ONEQ,2026-09-02T18:30:00+00:00,2026-09-02T18:35:00+00:00,103.3,103.315,103.27,103.27,866,103.285
ONEQ,2026-09-02T18:35:00+00:00,2026-09-02T18:40:00+00:00,103.22,103.22,103.22,103.22,957,103.22
ONEQ,2026-09-02T18:45:00+00:00,2026-09-02T18:50:00+00:00,103.185,103.185,103.185,103.185,353,103.185
ONEQ,2026-09-02T18:50:00+00:00,2026-09-02T18:55:00+00:00,103.215,103.22,103.2,103.2,2085,103.2067
ONEQ,2026-09-02T18:55:00+00:00,2026-09-02T19:00:00+00:00,103.22,103.22,103.21,103.21,1285,103.2133
ONEQ,2026-09-02T19:00:00+00:00,2026-09-02T19:05:00+00:00,103.19,103.19,103.19,103.19,1590,103.19
ONEQ,2026-09-02T19:05:00+00:00,2026-09-02T19:10:00+00:00,103.245,103.27,103.245,103.27,660,103.2617
ONEQ,2026-09-02T19:10:00+00:00,2026-09-02T19:15:00+00:00,103.32,103.32,103.315,103.315,560,103.3167
ONEQ,2026-09-02T19:15:00+00:00,2026-09-02T19:20:00+00:00,103.27,103.305,103.27,103.305,912,103.2933
ONEQ,2026-09-02T19:20:00+00:00,2026-09-02T19:25:00+00:00,103.26,103.3079,103.26,103.28,2470,103.2826
ONEQ,2026-09-02T19:25:00+00:00,2026-09-02T19:30:00+00:00,103.25,103.31,103.25,103.31,1471,103.29
ONEQ,2026-09-02T19:30:00+00:00,2026-09-02T19:35:00+00:00,103.26,103.2854,103.26,103.2854,2424,103.2769
ONEQ,2026-09-02T19:35:00+00:00,2026-09-02T19:40:00+00:00,103.26,103.26,103.26,103.26,610,103.26
ONEQ,2026-09-02T19:40:00+00:00,2026-09-02T19:45:00+00:00,103.255,103.27,103.2452,103.2452,1968,103.2535
ONEQ,2026-09-02T19:45:00+00:00,2026-09-02T19:50:00+00:00,103.32,103.33,103.32,103.33,741,103.3267
ONEQ,2026-09-02T19:50:00+00:00,2026-09-02T19:55:00+00:00,103.39,103.39,103.315,103.315,5072,103.34
ONEQ,2026-09-02T19:55:00+00:00,2026-09-02T20:00:00+00:00,103.26,103.2999,103.26,103.295,5959,103.285
ONEQ,2026-09-03T13:30:00+00:00,2026-09-03T13:35:00+00:00,103.57,104.04,103.57,104.04,11193,103.8833
ONEQ,2026-09-03T13:35:00+00:00,2026-09-03T13:40:00+00:00,103.97,104.11,103.85,104.11,4564,104.0233
ONEQ,2026-09-03T13:40:00+00:00,2026-09-03T13:45:00+00:00,104.15,104.22,104.15,104.1671,2303,104.179
ONEQ,2026-09-03T13:45:00+00:00,2026-09-03T13:50:00+00:00,104.25,104.32,104.21,104.28,4683,104.27
ONEQ,2026-09-03T13:50:00+00:00,2026-09-03T13:55:00+00:00,104.2934,104.345,104.25,104.25,3272,104.2817
ONEQ,2026-09-03T13:55:00+00:00,2026-09-03T14:00:00+00:00,104.229,104.235,104.229,104.235,3036,104.233
ONEQ,2026-09-03T14:00:00+00:00,2026-09-03T14:05:00+00:00,104.12,104.15,104.03,104.0685,1820,104.0828
ONEQ,2026-09-03T14:05:00+00:00,2026-09-03T14:10:00+00:00,103.99,104.02,103.99,103.99,1731,104.0
ONEQ,2026-09-03T14:10:00+00:00,2026-09-03T14:15:00+00:00,103.96,104.1239,103.96,104.05,1181,104.0446
ONEQ,2026-09-03T14:15:00+00:00,2026-09-03T14:20:00+00:00,104.1356,104.2,104.1356,104.2,746,104.1785
ONEQ,2026-09-03T14:20:00+00:00,2026-09-03T14:25:00+00:00,104.21,104.27,104.2,104.27,1623,104.2467
ONEQ,2026-09-03T14:25:00+00:00,2026-09-03T14:30:00+00:00,104.24,104.27,104.24,104.265,1559,104.2583
ONEQ,2026-09-03T14:30:00+00:00,2026-09-03T14:35:00+00:00,104.3399,104.3399,104.05,104.07,3018,104.1533
ONEQ,2026-09-03T14:35:00+00:00,2026-09-03T14:40:00+00:00,104.13,104.13,104.045,104.045,1675,104.0733
ONEQ,2026-09-03T14:40:00+00:00,2026-09-03T14:45:00+00:00,104.04,104.095,104.02,104.02,2212,104.045
ONEQ,2026-09-03T14:45:00+00:00,2026-09-03T14:50:00+00:00,104.04,104.1,104.03,104.04,2964,104.0567
ONEQ,2026-09-03T14:50:00+00:00,2026-09-03T14:55:00+00:00,104.0,104.0,104.0,104.0,1370,104.0
ONEQ,2026-09-03T14:55:00+00:00,2026-09-03T15:00:00+00:00,104.075,104.145,103.925,104.145,6076,104.0717
ONEQ,2026-09-03T15:00:00+00:00,2026-09-03T15:05:00+00:00,104.24,104.37,104.22,104.37,4188,104.32
ONEQ,2026-09-03T15:05:00+00:00,2026-09-03T15:10:00+00:00,104.405,104.4338,104.405,104.41,4182,104.4163
ONEQ,2026-09-03T15:10:00+00:00,2026-09-03T15:15:00+00:00,104.41,104.55,104.41,104.535,9958,104.4983
ONEQ,2026-09-03T15:15:00+00:00,2026-09-03T15:20:00+00:00,104.5817,104.625,104.52,104.59,2891,104.5783
ONEQ,2026-09-03T15:20:00+00:00,2026-09-03T15:25:00+00:00,104.55,104.55,104.55,104.55,568,104.55
ONEQ,2026-09-03T15:25:00+00:00,2026-09-03T15:30:00+00:00,104.71,104.78,104.71,104.78,3386,104.7567
ONEQ,2026-09-03T15:30:00+00:00,2026-09-03T15:35:00+00:00,104.73,104.8,104.73,104.73,3598,104.7533
ONEQ,2026-09-03T15:35:00+00:00,2026-09-03T15:40:00+00:00,104.76,104.7706,104.72,104.735,4998,104.7419
ONEQ,2026-09-03T15:40:00+00:00,2026-09-03T15:45:00+00:00,104.73,104.7725,104.73,104.7725,1574,104.7583
ONEQ,2026-09-03T15:45:00+00:00,2026-09-03T15:50:00+00:00,104.71,104.74,104.71,104.74,1900,104.73
ONEQ,2026-09-03T15:50:00+00:00,2026-09-03T15:55:00+00:00,104.79,104.79,104.77,104.79,2175,104.7833
ONEQ,2026-09-03T15:55:00+00:00,2026-09-03T16:00:00+00:00,104.775,104.815,104.775,104.815,853,104.8017
ONEQ,2026-09-03T16:00:00+00:00,2026-09-03T16:05:00+00:00,104.79,104.79,104.76,104.76,792,104.77
ONEQ,2026-09-03T16:05:00+00:00,2026-09-03T16:10:00+00:00,104.77,104.77,104.7101,104.7101,1066,104.7301
ONEQ,2026-09-03T16:10:00+00:00,2026-09-03T16:15:00+00:00,104.75,104.75,104.71,104.75,3049,104.7367
ONEQ,2026-09-03T16:15:00+00:00,2026-09-03T16:20:00+00:00,104.76,104.76,104.75,104.75,1402,104.7533
ONEQ,2026-09-03T16:20:00+00:00,2026-09-03T16:25:00+00:00,104.745,104.745,104.7,104.7,3752,104.715
ONEQ,2026-09-03T16:25:00+00:00,2026-09-03T16:30:00+00:00,104.689,104.7,104.66,104.69,3878,104.6833
ONEQ,2026-09-03T16:30:00+00:00,2026-09-03T16:35:00+00:00,104.65,104.67,104.6201,104.67,541,104.6534
ONEQ,2026-09-03T16:35:00+00:00,2026-09-03T16:40:00+00:00,104.6463,104.7095,104.6463,104.7,4603,104.6853
ONEQ,2026-09-03T16:40:00+00:00,2026-09-03T16:45:00+00:00,104.77,104.7904,104.7602,104.775,2699,104.7752
ONEQ,2026-09-03T16:50:00+00:00,2026-09-03T16:55:00+00:00,104.77,104.79,104.75,104.75,3396,104.7633
ONEQ,2026-09-03T16:55:00+00:00,2026-09-03T17:00:00+00:00,104.76,104.79,104.76,104.765,1285,104.7717
ONEQ,2026-09-03T17:00:00+00:00,2026-09-03T17:05:00+00:00,104.78,104.78,104.745,104.745,6441,104.7567
ONEQ,2026-09-03T17:05:00+00:00,2026-09-03T17:10:00+00:00,104.78,104.78,104.72,104.72,457,104.74
ONEQ,2026-09-03T17:15:00+00:00,2026-09-03T17:20:00+00:00,104.65,104.68,104.65,104.68,674,104.67
ONEQ,2026-09-03T17:20:00+00:00,2026-09-03T17:25:00+00:00,104.68,104.68,104.63,104.63,779,104.6467
ONEQ,2026-09-03T17:25:00+00:00,2026-09-03T17:30:00+00:00,104.69,104.69,104.69,104.69,558,104.69
ONEQ,2026-09-03T17:30:00+00:00,2026-09-03T17:35:00+00:00,104.73,104.73,104.73,104.73,1583,104.73
ONEQ,2026-09-03T17:35:00+00:00,2026-09-03T17:40:00+00:00,104.7399,104.785,104.7399,104.77,3099,104.765
ONEQ,2026-09-03T17:40:00+00:00,2026-09-03T17:45:00+00:00,104.8,104.8,104.7901,104.8,2585,104.7967
ONEQ,2026-09-03T17:45:00+00:00,2026-09-03T17:50:00+00:00,104.79,104.835,104.79,104.807,3811,104.8107
ONEQ,2026-09-03T17:50:00+00:00,2026-09-03T17:55:00+00:00,104.8882,104.8882,104.8882,104.8882,507,104.8882
ONEQ,2026-09-03T17:55:00+00:00,2026-09-03T18:00:00+00:00,104.885,104.89,104.88,104.88,1612,104.8833
ONEQ,2026-09-03T18:00:00+00:00,2026-09-03T18:05:00+00:00,104.885,104.9883,104.885,104.95,4298,104.9411
ONEQ,2026-09-03T18:05:00+00:00,2026-09-03T18:10:00+00:00,104.99,104.99,104.97,104.97,1523,104.9767
ONEQ,2026-09-03T18:10:00+00:00,2026-09-03T18:15:00+00:00,104.97,104.97,104.97,104.97,1383,104.97
ONEQ,2026-09-03T18:15:00+00:00,2026-09-03T18:20:00+00:00,105.0,105.005,104.9571,104.9571,4650,104.9731
ONEQ,2026-09-03T18:20:00+00:00,2026-09-03T18:25:00+00:00,105.0099,105.0099,104.95,104.975,1880,104.9783
ONEQ,2026-09-03T18:25:00+00:00,2026-09-03T18:30:00+00:00,104.9981,104.9981,104.965,104.9696,1743,104.9776
ONEQ,2026-09-03T18:30:00+00:00,2026-09-03T18:35:00+00:00,104.96,105.0,104.94,104.95,2615,104.9633
ONEQ,2026-09-03T18:35:00+00:00,2026-09-03T18:40:00+00:00,104.9838,104.9838,104.97,104.98,1377,104.9779
ONEQ,2026-09-03T18:40:00+00:00,2026-09-03T18:45:00+00:00,104.99,104.99,104.99,104.99,273,104.99
ONEQ,2026-09-03T18:45:00+00:00,2026-09-03T18:50:00+00:00,104.96,104.96,104.945,104.945,661,104.95
ONEQ,2026-09-03T18:50:00+00:00,2026-09-03T18:55:00+00:00,104.9304,104.935,104.8818,104.92,9267,104.9123
ONEQ,2026-09-03T18:55:00+00:00,2026-09-03T19:00:00+00:00,104.91,104.95,104.91,104.925,2226,104.9283
ONEQ,2026-09-03T19:00:00+00:00,2026-09-03T19:05:00+00:00,104.9125,104.9125,104.885,104.885,1004,104.8942
ONEQ,2026-09-03T19:10:00+00:00,2026-09-03T19:15:00+00:00,104.87,104.92,104.87,104.87,3030,104.8867
ONEQ,2026-09-03T19:15:00+00:00,2026-09-03T19:20:00+00:00,104.875,104.875,104.865,104.87,1623,104.87
ONEQ,2026-09-03T19:20:00+00:00,2026-09-03T19:25:00+00:00,104.854,104.89,104.854,104.89,1826,104.878
ONEQ,2026-09-03T19:25:00+00:00,2026-09-03T19:30:00+00:00,104.91,104.91,104.87,104.89,11795,104.89
ONEQ,2026-09-03T19:30:00+00:00,2026-09-03T19:35:00+00:00,104.9,104.9299,104.86,104.86,2102,104.8833
ONEQ,2026-09-03T19:35:00+00:00,2026-09-03T19:40:00+00:00,104.88,104.88,104.84,104.86,2442,104.86
ONEQ,2026-09-03T19:40:00+00:00,2026-09-03T19:45:00+00:00,104.875,104.88,104.8116,104.8425,7750,104.8447
ONEQ,2026-09-03T19:45:00+00:00,2026-09-03T19:50:00+00:00,104.8325,104.865,104.79,104.82,15592,104.825
ONEQ,2026-09-03T19:50:00+00:00,2026-09-03T19:55:00+00:00,104.81,104.83,104.78,104.82,4214,104.81
ONEQ,2026-09-03T19:55:00+00:00,2026-09-03T20:00:00+00:00,104.78,104.7873,104.7372,104.7525,4662,104.759
ONEQ,2026-09-04T13:30:00+00:00,2026-09-04T13:35:00+00:00,104.8,104.88,104.8,104.88,8940,104.8533
ONEQ,2026-09-04T13:35:00+00:00,2026-09-04T13:40:00+00:00,104.92,105.0,104.87,104.905,17295,104.925
ONEQ,2026-09-04T13:40:00+00:00,2026-09-04T13:45:00+00:00,104.935,104.935,104.68,104.68,4047,104.765
ONEQ,2026-09-04T13:45:00+00:00,2026-09-04T13:50:00+00:00,104.73,104.845,104.68,104.84,4805,104.7883
ONEQ,2026-09-04T13:50:00+00:00,2026-09-04T13:55:00+00:00,104.81,104.8939,104.775,104.87,2468,104.8463
ONEQ,2026-09-04T13:55:00+00:00,2026-09-04T14:00:00+00:00,104.84,104.94,104.84,104.94,1057,104.9067
ONEQ,2026-09-04T14:00:00+00:00,2026-09-04T14:05:00+00:00,104.94,104.94,104.8562,104.8801,5783,104.8921
ONEQ,2026-09-04T14:05:00+00:00,2026-09-04T14:10:00+00:00,104.88,104.92,104.7724,104.7724,4955,104.8216
ONEQ,2026-09-04T14:10:00+00:00,2026-09-04T14:15:00+00:00,104.84,104.87,104.72,104.7475,4201,104.7792
ONEQ,2026-09-04T14:15:00+00:00,2026-09-04T14:20:00+00:00,104.81,104.81,104.72,104.72,1144,104.75
ONEQ,2026-09-04T14:20:00+00:00,2026-09-04T14:25:00+00:00,104.68,104.7597,104.6026,104.7099,10708,104.6907
ONEQ,2026-09-04T14:25:00+00:00,2026-09-04T14:30:00+00:00,104.61,104.675,104.61,104.63,1271,104.6383
ONEQ,2026-09-04T14:30:00+00:00,2026-09-04T14:35:00+00:00,104.74,104.74,104.56,104.56,1872,104.62
ONEQ,2026-09-04T14:35:00+00:00,2026-09-04T14:40:00+00:00,104.62,104.63,104.59,104.63,1370,104.6167
ONEQ,2026-09-04T14:40:00+00:00,2026-09-04T14:45:00+00:00,104.625,104.625,104.44,104.44,1024,104.5017
ONEQ,2026-09-04T14:45:00+00:00,2026-09-04T14:50:00+00:00,104.495,104.495,104.445,104.4799,2353,104.4733
ONEQ,2026-09-04T14:50:00+00:00,2026-09-04T14:55:00+00:00,104.44,104.44,104.44,104.44,1909,104.44
ONEQ,2026-09-04T14:55:00+00:00,2026-09-04T15:00:00+00:00,104.4,104.4,104.375,104.375,579,104.3833
ONEQ,2026-09-04T15:00:00+00:00,2026-09-04T15:05:00+00:00,104.36,104.36,104.36,104.36,171,104.36
ONEQ,2026-09-04T15:05:00+00:00,2026-09-04T15:10:00+00:00,104.2997,104.375,104.2997,104.375,1371,104.3499
ONEQ,2026-09-04T15:10:00+00:00,2026-09-04T15:15:00+00:00,104.38,104.38,104.38,104.38,549,104.38
ONEQ,2026-09-04T15:15:00+00:00,2026-09-04T15:20:00+00:00,104.3785,104.3785,104.315,104.315,1715,104.3362
ONEQ,2026-09-04T15:20:00+00:00,2026-09-04T15:25:00+00:00,104.32,104.3615,104.32,104.3615,369,104.3477
ONEQ,2026-09-04T15:25:00+00:00,2026-09-04T15:30:00+00:00,104.31,104.38,104.31,104.34,1269,104.3433
ONEQ,2026-09-04T15:30:00+00:00,2026-09-04T15:35:00+00:00,104.3099,104.32,104.28,104.295,3501,104.2983
ONEQ,2026-09-04T15:35:00+00:00,2026-09-04T15:40:00+00:00,104.305,104.36,104.305,104.345,866,104.3367
ONEQ,2026-09-04T15:40:00+00:00,2026-09-04T15:45:00+00:00,104.405,104.44,104.405,104.44,2354,104.4283
ONEQ,2026-09-04T15:45:00+00:00,2026-09-04T15:50:00+00:00,104.33,104.33,104.33,104.33,2658,104.33
ONEQ,2026-09-04T15:50:00+00:00,2026-09-04T15:55:00+00:00,104.385,104.39,104.33,104.3888,836,104.3696
ONEQ,2026-09-04T15:55:00+00:00,2026-09-04T16:00:00+00:00,104.4104,104.4104,104.355,104.38,1603,104.3818
ONEQ,2026-09-04T16:00:00+00:00,2026-09-04T16:05:00+00:00,104.365,104.365,104.36,104.36,305,104.3617
ONEQ,2026-09-04T16:05:00+00:00,2026-09-04T16:10:00+00:00,104.42,104.4527,104.34,104.4527,2017,104.4151
ONEQ,2026-09-04T16:10:00+00:00,2026-09-04T16:15:00+00:00,104.45,104.4815,104.44,104.4815,1762,104.4677
ONEQ,2026-09-04T16:15:00+00:00,2026-09-04T16:20:00+00:00,104.445,104.445,104.445,104.445,1016,104.445
ONEQ,2026-09-04T16:20:00+00:00,2026-09-04T16:25:00+00:00,104.46,104.475,104.4551,104.475,1245,104.4684
ONEQ,2026-09-04T16:25:00+00:00,2026-09-04T16:30:00+00:00,104.475,104.5199,104.455,104.5199,1502,104.4983
ONEQ,2026-09-04T16:30:00+00:00,2026-09-04T16:35:00+00:00,104.44,104.48,104.44,104.48,541,104.4667
ONEQ,2026-09-04T16:35:00+00:00,2026-09-04T16:40:00+00:00,104.5,104.5,104.5,104.5,364,104.5
ONEQ,2026-09-04T16:40:00+00:00,2026-09-04T16:45:00+00:00,104.5,104.5,104.4601,104.4601,1333,104.4734
ONEQ,2026-09-04T16:45:00+00:00,2026-09-04T16:50:00+00:00,104.53,104.53,104.53,104.53,1251,104.53
ONEQ,2026-09-04T16:50:00+00:00,2026-09-04T16:55:00+00:00,104.57,104.57,104.57,104.57,255,104.57
ONEQ,2026-09-04T16:55:00+00:00,2026-09-04T17:00:00+00:00,104.555,104.56,104.555,104.56,604,104.5583
ONEQ,2026-09-04T17:00:00+00:00,2026-09-04T17:05:00+00:00,104.48,104.48,104.48,104.48,309,104.48
ONEQ,2026-09-04T17:05:00+00:00,2026-09-04T17:10:00+00:00,104.47,104.47,104.45,104.45,773,104.4567
ONEQ,2026-09-04T17:10:00+00:00,2026-09-04T17:15:00+00:00,104.435,104.435,104.4299,104.4299,688,104.4316
ONEQ,2026-09-04T17:15:00+00:00,2026-09-04T17:20:00+00:00,104.41,104.42,104.41,104.42,726,104.4167
ONEQ,2026-09-04T17:20:00+00:00,2026-09-04T17:25:00+00:00,104.42,104.42,104.37,104.37,623,104.3867
ONEQ,2026-09-04T17:25:00+00:00,2026-09-04T17:30:00+00:00,104.3716,104.4,104.3716,104.4,2883,104.3905
ONEQ,2026-09-04T17:35:00+00:00,2026-09-04T17:40:00+00:00,104.315,104.315,104.315,104.315,1318,104.315
ONEQ,2026-09-04T17:40:00+00:00,2026-09-04T17:45:00+00:00,104.2601,104.2601,104.2601,104.2601,4011,104.2601
ONEQ,2026-09-04T17:45:00+00:00,2026-09-04T17:50:00+00:00,104.2662,104.27,104.255,104.27,621,104.265
ONEQ,2026-09-04T17:50:00+00:00,2026-09-04T17:55:00+00:00,104.2582,104.26,104.2582,104.26,1159,104.2594
ONEQ,2026-09-04T17:55:00+00:00,2026-09-04T18:00:00+00:00,104.28,104.31,104.24,104.31,14528,104.2867
ONEQ,2026-09-04T18:00:00+00:00,2026-09-04T18:05:00+00:00,104.245,104.245,104.245,104.245,230,104.245
ONEQ,2026-09-04T18:05:00+00:00,2026-09-04T18:10:00+00:00,104.245,104.255,104.245,104.255,769,104.2517
ONEQ,2026-09-04T18:10:00+00:00,2026-09-04T18:15:00+00:00,104.27,104.31,104.27,104.2928,7330,104.2909
ONEQ,2026-09-04T18:15:00+00:00,2026-09-04T18:20:00+00:00,104.29,104.29,104.2701,104.2701,757,104.2767
ONEQ,2026-09-04T18:20:00+00:00,2026-09-04T18:25:00+00:00,104.3199,104.3199,104.3199,104.3199,357,104.3199
ONEQ,2026-09-04T18:25:00+00:00,2026-09-04T18:30:00+00:00,104.31,104.35,104.31,104.3499,961,104.3366
ONEQ,2026-09-04T18:30:00+00:00,2026-09-04T18:35:00+00:00,104.34,104.36,104.34,104.34,1681,104.3467
ONEQ,2026-09-04T18:35:00+00:00,2026-09-04T18:40:00+00:00,104.335,104.335,104.335,104.335,567,104.335
ONEQ,2026-09-04T18:40:00+00:00,2026-09-04T18:45:00+00:00,104.36,104.36,104.3475,104.36,436,104.3558
ONEQ,2026-09-04T18:45:00+00:00,2026-09-04T18:50:00+00:00,104.405,104.4298,104.405,104.4298,620,104.4215
ONEQ,2026-09-04T18:50:00+00:00,2026-09-04T18:55:00+00:00,104.45,104.4597,104.45,104.4597,504,104.4565
ONEQ,2026-09-04T18:55:00+00:00,2026-09-04T19:00:00+00:00,104.46,104.46,104.4401,104.4401,300,104.4467
ONEQ,2026-09-04T19:00:00+00:00,2026-09-04T19:05:00+00:00,104.455,104.4592,104.385,104.385,2291,104.4097
ONEQ,2026-09-04T19:05:00+00:00,2026-09-04T19:10:00+00:00,104.375,104.39,104.35,104.35,885,104.3633
ONEQ,2026-09-04T19:10:00+00:00,2026-09-04T19:15:00+00:00,104.39,104.4,104.37,104.4,1479,104.39
ONEQ,2026-09-04T19:15:00+00:00,2026-09-04T19:20:00+00:00,104.4,104.4,104.37,104.38,2085,104.3833
ONEQ,2026-09-04T19:20:00+00:00,2026-09-04T19:25:00+00:00,104.415,104.43,104.41,104.43,1249,104.4233
ONEQ,2026-09-04T19:25:00+00:00,2026-09-04T19:30:00+00:00,104.4001,104.47,104.4001,104.45,2430,104.44
ONEQ,2026-09-04T19:30:00+00:00,2026-09-04T19:35:00+00:00,104.425,104.475,104.425,104.475,9968,104.4583
ONEQ,2026-09-04T19:35:00+00:00,2026-09-04T19:40:00+00:00,104.46,104.47,104.391,104.425,5598,104.4287
ONEQ,2026-09-04T19:40:00+00:00,2026-09-04T19:45:00+00:00,104.47,104.47,104.45,104.45,729,104.4567
ONEQ,2026-09-04T19:45:00+00:00,2026-09-04T19:50:00+00:00,104.47,104.47,104.47,104.47,1083,104.47
ONEQ,2026-09-04T19:50:00+00:00,2026-09-04T19:55:00+00:00,104.4973,104.525,104.49,104.525,5415,104.5133
ONEQ,2026-09-04T19:55:00+00:00,2026-09-04T20:00:00+00:00,104.5112,104.54,104.42,104.42,4973,104.46
ONEQ,2026-09-08T13:30:00+00:00,2026-09-08T13:35:00+00:00,104.24,104.6,104.24,104.37,18421,104.4033
ONEQ,2026-09-08T13:35:00+00:00,2026-09-08T13:40:00+00:00,104.34,104.34,104.2402,104.2713,1990,104.2838
ONEQ,2026-09-08T13:40:00+00:00,2026-09-08T13:45:00+00:00,104.0446,104.14,104.04,104.04,4970,104.0733
ONEQ,2026-09-08T13:45:00+00:00,2026-09-08T13:50:00+00:00,104.16,104.16,104.0001,104.09,2393,104.0834
ONEQ,2026-09-08T13:50:00+00:00,2026-09-08T13:55:00+00:00,104.125,104.125,103.95,104.07,2282,104.0483
ONEQ,2026-09-08T13:55:00+00:00,2026-09-08T14:00:00+00:00,104.1259,104.1875,104.1259,104.1825,623,104.1653
ONEQ,2026-09-08T14:00:00+00:00,2026-09-08T14:05:00+00:00,104.09,104.09,103.92,103.995,1185,104.0017
ONEQ,2026-09-08T14:05:00+00:00,2026-09-08T14:10:00+00:00,104.07,104.07,103.93,103.93,2989,103.9767
ONEQ,2026-09-08T14:10:00+00:00,2026-09-08T14:15:00+00:00,103.835,103.835,103.835,103.835,561,103.835
ONEQ,2026-09-08T14:15:00+00:00,2026-09-08T14:20:00+00:00,103.98,104.01,103.945,103.95,2477,103.9683
ONEQ,2026-09-08T14:20:00+00:00,2026-09-08T14:25:00+00:00,104.07,104.07,104.0651,104.0651,1259,104.0667
ONEQ,2026-09-08T14:25:00+00:00,2026-09-08T14:30:00+00:00,104.005,104.005,104.005,104.005,784,104.005
ONEQ,2026-09-08T14:30:00+00:00,2026-09-08T14:35:00+00:00,104.0,104.0299,104.0,104.0299,1000,104.0199
ONEQ,2026-09-08T14:35:00+00:00,2026-09-08T14:40:00+00:00,104.0,104.03,103.97,103.9901,3198,103.9967
ONEQ,2026-09-08T14:40:00+00:00,2026-09-08T14:45:00+00:00,104.03,104.12,104.015,104.07,6849,104.0683
ONEQ,2026-09-08T14:45:00+00:00,2026-09-08T14:50:00+00:00,104.085,104.09,104.08,104.09,1420,104.0867
ONEQ,2026-09-08T14:50:00+00:00,2026-09-08T14:55:00+00:00,104.11,104.2,104.07,104.2,1027,104.1567
ONEQ,2026-09-08T14:55:00+00:00,2026-09-08T15:00:00+00:00,104.19,104.19,104.13,104.16,997,104.16
ONEQ,2026-09-08T15:00:00+00:00,2026-09-08T15:05:00+00:00,104.185,104.2597,104.185,104.2597,1359,104.2348
ONEQ,2026-09-08T15:10:00+00:00,2026-09-08T15:15:00+00:00,104.2999,104.385,104.2999,104.35,596,104.345
ONEQ,2026-09-08T15:15:00+00:00,2026-09-08T15:20:00+00:00,104.355,104.39,104.355,104.37,842,104.3717
ONEQ,2026-09-08T15:20:00+00:00,2026-09-08T15:25:00+00:00,104.31,104.31,104.31,104.31,378,104.31
ONEQ,2026-09-08T15:25:00+00:00,2026-09-08T15:30:00+00:00,104.42,104.42,104.385,104.385,699,104.3967
ONEQ,2026-09-08T15:30:00+00:00,2026-09-08T15:35:00+00:00,104.41,104.41,104.37,104.41,1643,104.3967
ONEQ,2026-09-08T15:35:00+00:00,2026-09-08T15:40:00+00:00,104.36,104.36,104.32,104.355,667,104.345
ONEQ,2026-09-08T15:40:00+00:00,2026-09-08T15:45:00+00:00,104.465,104.4863,104.44,104.44,2507,104.4554
ONEQ,2026-09-08T15:45:00+00:00,2026-09-08T15:50:00+00:00,104.385,104.385,104.385,104.385,423,104.385
ONEQ,2026-09-08T15:50:00+00:00,2026-09-08T15:55:00+00:00,104.395,104.395,104.39,104.39,478,104.3917
ONEQ,2026-09-08T15:55:00+00:00,2026-09-08T16:00:00+00:00,104.3297,104.375,104.3297,104.36,436,104.3549
ONEQ,2026-09-08T16:00:00+00:00,2026-09-08T16:05:00+00:00,104.35,104.35,104.35,104.35,269,104.35
ONEQ,2026-09-08T16:05:00+00:00,2026-09-08T16:10:00+00:00,104.3498,104.37,104.3498,104.37,510,104.3633
ONEQ,2026-09-08T16:10:00+00:00,2026-09-08T16:15:00+00:00,104.3337,104.3337,104.285,104.285,1606,104.3012
ONEQ,2026-09-08T16:15:00+00:00,2026-09-08T16:20:00+00:00,104.26,104.26,104.26,104.26,347,104.26
ONEQ,2026-09-08T16:20:00+00:00,2026-09-08T16:25:00+00:00,104.245,104.265,104.24,104.265,1619,104.2567
ONEQ,2026-09-08T16:25:00+00:00,2026-09-08T16:30:00+00:00,104.27,104.285,104.26,104.26,3232,104.2683
ONEQ,2026-09-08T16:30:00+00:00,2026-09-08T16:35:00+00:00,104.22,104.3027,104.195,104.27,3157,104.2559
ONEQ,2026-09-08T16:35:00+00:00,2026-09-08T16:40:00+00:00,104.25,104.25,104.25,104.25,524,104.25
ONEQ,2026-09-08T16:40:00+00:00,2026-09-08T16:45:00+00:00,104.25,104.275,104.25,104.275,893,104.2667
ONEQ,2026-09-08T16:45:00+00:00,2026-09-08T16:50:00+00:00,104.2408,104.315,104.2408,104.315,992,104.2903
ONEQ,2026-09-08T16:55:00+00:00,2026-09-08T17:00:00+00:00,104.3,104.3,104.18,104.18,1516,104.22
ONEQ,2026-09-08T17:00:00+00:00,2026-09-08T17:05:00+00:00,104.23,104.3631,104.23,104.3631,3882,104.3187
ONEQ,2026-09-08T17:05:00+00:00,2026-09-08T17:10:00+00:00,104.44,104.44,104.44,104.44,288,104.44
ONEQ,2026-09-08T17:10:00+00:00,2026-09-08T17:15:00+00:00,104.394,104.394,104.375,104.375,1170,104.3813
ONEQ,2026-09-08T17:25:00+00:00,2026-09-08T17:30:00+00:00,104.3,104.36,104.3,104.36,3888,104.34
ONEQ,2026-09-08T17:40:00+00:00,2026-09-08T17:45:00+00:00,104.365,104.365,104.35,104.35,778,104.355
ONEQ,2026-09-08T17:45:00+00:00,2026-09-08T17:50:00+00:00,104.36,104.36,104.32,104.35,3992,104.3433
ONEQ,2026-09-08T17:50:00+00:00,2026-09-08T17:55:00+00:00,104.34,104.35,104.34,104.35,643,104.3467
ONEQ,2026-09-08T17:55:00+00:00,2026-09-08T18:00:00+00:00,104.3201,104.3201,104.3201,104.3201,460,104.3201
ONEQ,2026-09-08T18:00:00+00:00,2026-09-08T18:05:00+00:00,104.3299,104.3299,104.3299,104.3299,337,104.3299
ONEQ,2026-09-08T18:05:00+00:00,2026-09-08T18:10:00+00:00,104.3001,104.32,104.3001,104.32,1065,104.3134
ONEQ,2026-09-08T18:10:00+00:00,2026-09-08T18:15:00+00:00,104.32,104.335,104.32,104.32,4394,104.325
ONEQ,2026-09-08T18:20:00+00:00,2026-09-08T18:25:00+00:00,104.3028,104.3028,104.3028,104.3028,295,104.3028
ONEQ,2026-09-08T18:25:00+00:00,2026-09-08T18:30:00+00:00,104.3,104.3499,104.3,104.3059,813,104.3186
ONEQ,2026-09-08T18:30:00+00:00,2026-09-08T18:35:00+00:00,104.32,104.32,104.28,104.28,1205,104.2933
ONEQ,2026-09-08T18:35:00+00:00,2026-09-08T18:40:00+00:00,104.305,104.305,104.28,104.28,1214,104.2883
ONEQ,2026-09-08T18:40:00+00:00,2026-09-08T18:45:00+00:00,104.2849,104.2849,104.2849,104.2849,219,104.2849
ONEQ,2026-09-08T18:45:00+00:00,2026-09-08T18:50:00+00:00,104.3,104.3,104.015,104.13,3143,104.1483
ONEQ,2026-09-08T18:50:00+00:00,2026-09-08T18:55:00+00:00,104.185,104.185,104.1,104.1,1014,104.1283
ONEQ,2026-09-08T18:55:00+00:00,2026-09-08T19:00:00+00:00,104.2043,104.245,104.2043,104.245,717,104.2314
ONEQ,2026-09-08T19:00:00+00:00,2026-09-08T19:05:00+00:00,104.2,104.2,104.2,104.2,1169,104.2
ONEQ,2026-09-08T19:05:00+00:00,2026-09-08T19:10:00+00:00,104.255,104.255,104.255,104.255,239,104.255
ONEQ,2026-09-08T19:10:00+00:00,2026-09-08T19:15:00+00:00,104.215,104.2162,104.21,104.21,1075,104.2121
ONEQ,2026-09-08T19:15:00+00:00,2026-09-08T19:20:00+00:00,104.22,104.22,104.2,104.2,1110,104.2067
ONEQ,2026-09-08T19:20:00+00:00,2026-09-08T19:25:00+00:00,104.19,104.205,104.12,104.205,2187,104.1767
ONEQ,2026-09-08T19:25:00+00:00,2026-09-08T19:30:00+00:00,104.195,104.2,104.195,104.2,627,104.1983
ONEQ,2026-09-08T19:35:00+00:00,2026-09-08T19:40:00+00:00,104.16,104.185,104.16,104.185,980,104.1767
ONEQ,2026-09-08T19:40:00+00:00,2026-09-08T19:45:00+00:00,104.185,104.185,104.18,104.18,736,104.1817
ONEQ,2026-09-08T19:45:00+00:00,2026-09-08T19:50:00+00:00,104.125,104.1399,104.12,104.1399,2060,104.1333
ONEQ,2026-09-08T19:50:00+00:00,2026-09-08T19:55:00+00:00,104.1156,104.125,104.04,104.04,1682,104.0683
ONEQ,2026-09-08T19:55:00+00:00,2026-09-08T20:00:00+00:00,104.08,104.155,104.02,104.155,5975,104.11
ONEQ,2026-09-09T13:30:00+00:00,2026-09-09T13:35:00+00:00,103.92,103.94,103.76,103.76,8886,103.82
ONEQ,2026-09-09T13:35:00+00:00,2026-09-09T13:40:00+00:00,103.804,103.804,103.7101,103.7101,7581,103.7414
ONEQ,2026-09-09T13:40:00+00:00,2026-09-09T13:45:00+00:00,103.805,103.805,103.78,103.78,583,103.7883
ONEQ,2026-09-09T13:45:00+00:00,2026-09-09T13:50:00+00:00,103.77,103.78,103.7259,103.76,2979,103.7553
ONEQ,2026-09-09T13:50:00+00:00,2026-09-09T13:55:00+00:00,103.755,103.765,103.755,103.765,1033,103.7617
ONEQ,2026-09-09T14:00:00+00:00,2026-09-09T14:05:00+00:00,103.7801,103.7801,103.7801,103.7801,2378,103.7801
ONEQ,2026-09-09T14:05:00+00:00,2026-09-09T14:10:00+00:00,103.88,103.88,103.88,103.88,389,103.88
ONEQ,2026-09-09T14:10:00+00:00,2026-09-09T14:15:00+00:00,103.88,103.88,103.8,103.8,2084,103.8267
ONEQ,2026-09-09T14:15:00+00:00,2026-09-09T14:20:00+00:00,103.74,103.74,103.61,103.61,1711,103.6533
ONEQ,2026-09-09T14:20:00+00:00,2026-09-09T14:25:00+00:00,103.6,103.6441,103.575,103.5807,2309,103.5999
ONEQ,2026-09-09T14:25:00+00:00,2026-09-09T14:30:00+00:00,103.57,103.71,103.57,103.71,1041,103.6633
ONEQ,2026-09-09T14:30:00+00:00,2026-09-09T14:35:00+00:00,103.71,103.72,103.6801,103.6801,1944,103.6934
ONEQ,2026-09-09T14:35:00+00:00,2026-09-09T14:40:00+00:00,103.705,103.705,103.6263,103.68,2442,103.6704
ONEQ,2026-09-09T14:40:00+00:00,2026-09-09T14:45:00+00:00,103.7,103.71,103.7,103.71,760,103.7067
ONEQ,2026-09-09T14:45:00+00:00,2026-09-09T14:50:00+00:00,103.7126,103.726,103.7126,103.7223,3216,103.7203
ONEQ,2026-09-09T14:50:00+00:00,2026-09-09T14:55:00+00:00,103.7655,103.7655,103.66,103.66,2502,103.6952
ONEQ,2026-09-09T14:55:00+00:00,2026-09-09T15:00:00+00:00,103.7243,103.7243,103.7243,103.7243,314,103.7243
ONEQ,2026-09-09T15:00:00+00:00,2026-09-09T15:05:00+00:00,103.71,103.79,103.56,103.56,4763,103.6367
ONEQ,2026-09-09T15:05:00+00:00,2026-09-09T15:10:00+00:00,103.5172,103.55,103.426,103.426,6750,103.4673
ONEQ,2026-09-09T15:10:00+00:00,2026-09-09T15:15:00+00:00,103.34,103.34,103.3,103.3,775,103.3133
ONEQ,2026-09-09T15:15:00+00:00,2026-09-09T15:20:00+00:00,103.3612,103.445,103.3401,103.445,4923,103.41
ONEQ,2026-09-09T15:20:00+00:00,2026-09-09T15:25:00+00:00,103.4401,103.4401,103.215,103.215,1736,103.29
ONEQ,2026-09-09T15:25:00+00:00,2026-09-09T15:30:00+00:00,103.21,103.2299,103.21,103.2246,1678,103.2215
ONEQ,2026-09-09T15:30:00+00:00,2026-09-09T15:35:00+00:00,103.3299,103.3299,103.3299,103.3299,1024,103.3299
ONEQ,2026-09-09T15:35:00+00:00,2026-09-09T15:40:00+00:00,103.37,103.51,103.37,103.51,1434,103.4633
ONEQ,2026-09-09T15:40:00+00:00,2026-09-09T15:45:00+00:00,103.54,103.54,103.39,103.39,1870,103.44
ONEQ,2026-09-09T15:45:00+00:00,2026-09-09T15:50:00+00:00,103.37,103.415,103.37,103.415,3894,103.4
ONEQ,2026-09-09T15:50:00+00:00,2026-09-09T15:55:00+00:00,103.45,103.4812,103.45,103.47,1753,103.4671
ONEQ,2026-09-09T16:00:00+00:00,2026-09-09T16:05:00+00:00,103.455,103.46,103.455,103.46,1432,103.4583
ONEQ,2026-09-09T16:05:00+00:00,2026-09-09T16:10:00+00:00,103.4,103.4,103.37,103.385,2114,103.385
ONEQ,2026-09-09T16:15:00+00:00,2026-09-09T16:20:00+00:00,103.31,103.31,103.31,103.31,520,103.31
ONEQ,2026-09-09T16:20:00+00:00,2026-09-09T16:25:00+00:00,103.295,103.31,103.2838,103.31,1451,103.3013
ONEQ,2026-09-09T16:25:00+00:00,2026-09-09T16:30:00+00:00,103.31,103.31,103.28,103.28,1406,103.29
ONEQ,2026-09-09T16:35:00+00:00,2026-09-09T16:40:00+00:00,103.385,103.385,103.385,103.385,528,103.385
ONEQ,2026-09-09T16:40:00+00:00,2026-09-09T16:45:00+00:00,103.4299,103.45,103.41,103.45,528,103.4367
ONEQ,2026-09-09T16:50:00+00:00,2026-09-09T16:55:00+00:00,103.5399,103.5399,103.5399,103.5399,256,103.5399
ONEQ,2026-09-09T16:55:00+00:00,2026-09-09T17:00:00+00:00,103.48,103.49,103.46,103.46,478,103.47
ONEQ,2026-09-09T17:00:00+00:00,2026-09-09T17:05:00+00:00,103.49,103.56,103.48,103.4963,3634,103.5121
ONEQ,2026-09-09T17:05:00+00:00,2026-09-09T17:10:00+00:00,103.511,103.511,103.475,103.4911,1291,103.4924
ONEQ,2026-09-09T17:10:00+00:00,2026-09-09T17:15:00+00:00,103.47,103.49,103.47,103.49,560,103.4833
ONEQ,2026-09-09T17:15:00+00:00,2026-09-09T17:20:00+00:00,103.49,103.49,103.49,103.49,389,103.49
ONEQ,2026-09-09T17:20:00+00:00,2026-09-09T17:25:00+00:00,103.5139,103.5139,103.51,103.51,511,103.5113
ONEQ,2026-09-09T17:25:00+00:00,2026-09-09T17:30:00+00:00,103.52,103.52,103.505,103.505,1292,103.51
ONEQ,2026-09-09T17:35:00+00:00,2026-09-09T17:40:00+00:00,103.44,103.44,103.44,103.44,385,103.44
ONEQ,2026-09-09T17:45:00+00:00,2026-09-09T17:50:00+00:00,103.55,103.55,103.52,103.525,2188,103.5317
ONEQ,2026-09-09T17:50:00+00:00,2026-09-09T17:55:00+00:00,103.52,103.61,103.52,103.61,899,103.58
ONEQ,2026-09-09T17:55:00+00:00,2026-09-09T18:00:00+00:00,103.5701,103.58,103.57,103.57,1111,103.5733
ONEQ,2026-09-09T18:00:00+00:00,2026-09-09T18:05:00+00:00,103.56,103.56,103.54,103.54,544,103.5467
ONEQ,2026-09-09T18:05:00+00:00,2026-09-09T18:10:00+00:00,103.53,103.53,103.4738,103.4738,2149,103.4925
ONEQ,2026-09-09T18:10:00+00:00,2026-09-09T18:15:00+00:00,103.495,103.495,103.45,103.4525,3246,103.4658
ONEQ,2026-09-09T18:15:00+00:00,2026-09-09T18:20:00+00:00,103.415,103.43,103.4037,103.43,1401,103.4212
ONEQ,2026-09-09T18:20:00+00:00,2026-09-09T18:25:00+00:00,103.435,103.435,103.435,103.435,937,103.435
ONEQ,2026-09-09T18:25:00+00:00,2026-09-09T18:30:00+00:00,103.525,103.525,103.5101,103.5101,842,103.5151
ONEQ,2026-09-09T18:30:00+00:00,2026-09-09T18:35:00+00:00,103.4861,103.49,103.4861,103.49,678,103.4887
ONEQ,2026-09-09T18:35:00+00:00,2026-09-09T18:40:00+00:00,103.51,103.51,103.51,103.51,696,103.51
ONEQ,2026-09-09T18:40:00+00:00,2026-09-09T18:45:00+00:00,103.5501,103.57,103.5501,103.57,1857,103.5634
ONEQ,2026-09-09T18:45:00+00:00,2026-09-09T18:50:00+00:00,103.56,103.56,103.56,103.56,776,103.56
ONEQ,2026-09-09T18:50:00+00:00,2026-09-09T18:55:00+00:00,103.6,103.6,103.6,103.6,1588,103.6
ONEQ,2026-09-09T19:05:00+00:00,2026-09-09T19:10:00+00:00,103.48,103.4982,103.475,103.4982,1403,103.4905
ONEQ,2026-09-09T19:10:00+00:00,2026-09-09T19:15:00+00:00,103.56,103.56,103.56,103.56,367,103.56
ONEQ,2026-09-09T19:15:00+00:00,2026-09-09T19:20:00+00:00,103.55,103.55,103.55,103.55,316,103.55
ONEQ,2026-09-09T19:20:00+00:00,2026-09-09T19:25:00+00:00,103.55,103.58,103.55,103.58,598,103.57
ONEQ,2026-09-09T19:25:00+00:00,2026-09-09T19:30:00+00:00,103.565,103.565,103.565,103.565,612,103.565
ONEQ,2026-09-09T19:30:00+00:00,2026-09-09T19:35:00+00:00,103.5042,103.5099,103.5042,103.5099,741,103.508
ONEQ,2026-09-09T19:35:00+00:00,2026-09-09T19:40:00+00:00,103.48,103.48,103.48,103.48,786,103.48
ONEQ,2026-09-09T19:40:00+00:00,2026-09-09T19:45:00+00:00,103.4799,103.4799,103.4799,103.4799,276,103.4799
ONEQ,2026-09-09T19:45:00+00:00,2026-09-09T19:50:00+00:00,103.52,103.52,103.46,103.51,1619,103.4967
ONEQ,2026-09-09T19:50:00+00:00,2026-09-09T19:55:00+00:00,103.5,103.5,103.45,103.49,2016,103.48
ONEQ,2026-09-09T19:55:00+00:00,2026-09-09T20:00:00+00:00,103.44,103.49,103.44,103.47,1949,103.4667
ONEQ,2026-09-10T13:30:00+00:00,2026-09-10T13:35:00+00:00,102.64,102.66,102.45,102.6,11691,102.57
ONEQ,2026-09-10T13:35:00+00:00,2026-09-10T13:40:00+00:00,102.45,102.7,102.45,102.7,1584,102.6167
ONEQ,2026-09-10T13:40:00+00:00,2026-09-10T13:45:00+00:00,102.75,102.75,102.64,102.64,1438,102.6767
ONEQ,2026-09-10T13:45:00+00:00,2026-09-10T13:50:00+00:00,102.695,102.81,102.695,102.81,2071,102.7717
ONEQ,2026-09-10T13:50:00+00:00,2026-09-10T13:55:00+00:00,102.715,102.715,102.63,102.6352,2353,102.6601
ONEQ,2026-09-10T13:55:00+00:00,2026-09-10T14:00:00+00:00,102.605,102.645,102.605,102.63,1989,102.6267
ONEQ,2026-09-10T14:00:00+00:00,2026-09-10T14:05:00+00:00,102.635,102.775,102.62,102.7301,1494,102.7084
ONEQ,2026-09-10T14:05:00+00:00,2026-09-10T14:10:00+00:00,102.7474,102.7474,102.5501,102.64,4085,102.6458
ONEQ,2026-09-10T14:10:00+00:00,2026-09-10T14:15:00+00:00,102.6999,102.79,102.6999,102.7,1539,102.73
ONEQ,2026-09-10T14:15:00+00:00,2026-09-10T14:20:00+00:00,102.715,102.7299,102.6,102.7299,8051,102.6866
ONEQ,2026-09-10T14:20:00+00:00,2026-09-10T14:25:00+00:00,102.805,103.11,102.7701,103.11,12826,102.9967
ONEQ,2026-09-10T14:30:00+00:00,2026-09-10T14:35:00+00:00,102.95,103.035,102.91,102.98,7847,102.975
ONEQ,2026-09-10T14:35:00+00:00,2026-09-10T14:40:00+00:00,103.1299,103.1299,103.125,103.125,1447,103.1266
ONEQ,2026-09-10T14:45:00+00:00,2026-09-10T14:50:00+00:00,103.02,103.044,102.9999,103.044,1229,103.0293
ONEQ,2026-09-10T14:50:00+00:00,2026-09-10T14:55:00+00:00,103.034,103.06,102.98,103.06,4482,103.0333
ONEQ,2026-09-10T14:55:00+00:00,2026-09-10T15:00:00+00:00,103.13,103.13,103.13,103.13,833,103.13
ONEQ,2026-09-10T15:00:00+00:00,2026-09-10T15:05:00+00:00,103.0501,103.074,103.0,103.02,4370,103.0313
ONEQ,2026-09-10T15:10:00+00:00,2026-09-10T15:15:00+00:00,103.105,103.105,103.07,103.07,904,103.0817
ONEQ,2026-09-10T15:15:00+00:00,2026-09-10T15:20:00+00:00,103.0,103.0,103.0,103.0,468,103.0
ONEQ,2026-09-10T15:20:00+00:00,2026-09-10T15:25:00+00:00,102.975,102.975,102.975,102.975,4292,102.975
ONEQ,2026-09-10T15:25:00+00:00,2026-09-10T15:30:00+00:00,103.075,103.075,103.0208,103.0208,3947,103.0389
ONEQ,2026-09-10T15:30:00+00:00,2026-09-10T15:35:00+00:00,103.09,103.09,103.04,103.065,1749,103.065
ONEQ,2026-09-10T15:35:00+00:00,2026-09-10T15:40:00+00:00,103.12,103.165,103.01,103.035,25485,103.07
ONEQ,2026-09-10T15:40:00+00:00,2026-09-10T15:45:00+00:00,103.065,103.09,103.065,103.09,1620,103.0817
ONEQ,2026-09-10T15:45:00+00:00,2026-09-10T15:50:00+00:00,103.045,103.045,102.96,103.02,980,103.0083
ONEQ,2026-09-10T15:50:00+00:00,2026-09-10T15:55:00+00:00,102.955,102.965,102.955,102.965,594,102.9617
ONEQ,2026-09-10T15:55:00+00:00,2026-09-10T16:00:00+00:00,102.9,102.93,102.86,102.91,5435,102.9
ONEQ,2026-09-10T16:00:00+00:00,2026-09-10T16:05:00+00:00,102.91,103.0,102.91,102.98,4344,102.9633
ONEQ,2026-09-10T16:05:00+00:00,2026-09-10T16:10:00+00:00,102.98,102.98,102.975,102.975,967,102.9767
ONEQ,2026-09-10T16:10:00+00:00,2026-09-10T16:15:00+00:00,102.8949,102.8949,102.875,102.875,1378,102.8816
ONEQ,2026-09-10T16:15:00+00:00,2026-09-10T16:20:00+00:00,102.875,102.875,102.87,102.87,858,102.8717
ONEQ,2026-09-10T16:20:00+00:00,2026-09-10T16:25:00+00:00,102.8901,102.92,102.8901,102.92,8739,102.91
ONEQ,2026-09-10T16:30:00+00:00,2026-09-10T16:35:00+00:00,102.95,102.97,102.8,102.97,3949,102.9133
ONEQ,2026-09-10T16:35:00+00:00,2026-09-10T16:40:00+00:00,102.83,102.8894,102.83,102.8894,1058,102.8696
ONEQ,2026-09-10T16:40:00+00:00,2026-09-10T16:45:00+00:00,103.0,103.0,103.0,103.0,347,103.0
ONEQ,2026-09-10T16:45:00+00:00,2026-09-10T16:50:00+00:00,103.0401,103.15,103.0401,103.15,2489,103.1134
ONEQ,2026-09-10T16:50:00+00:00,2026-09-10T16:55:00+00:00,103.04,103.085,103.04,103.0651,694,103.0634
ONEQ,2026-09-10T16:55:00+00:00,2026-09-10T17:00:00+00:00,103.11,103.11,103.1,103.1,576,103.1033
ONEQ,2026-09-10T17:00:00+00:00,2026-09-10T17:05:00+00:00,103.19,103.19,103.12,103.12,1638,103.1433
ONEQ,2026-09-10T17:05:00+00:00,2026-09-10T17:10:00+00:00,103.07,103.1,103.07,103.0999,2187,103.09
ONEQ,2026-09-10T17:25:00+00:00,2026-09-10T17:30:00+00:00,103.0799,103.0799,103.0799,103.0799,358,103.0799
ONEQ,2026-09-10T17:30:00+00:00,2026-09-10T17:35:00+00:00,103.02,103.02,103.02,103.02,729,103.02
ONEQ,2026-09-10T17:35:00+00:00,2026-09-10T17:40:00+00:00,102.9551,102.9551,102.9551,102.9551,1694,102.9551
ONEQ,2026-09-10T17:45:00+00:00,2026-09-10T17:50:00+00:00,103.02,103.03,103.02,103.03,2396,103.0267
ONEQ,2026-09-10T17:50:00+00:00,2026-09-10T17:55:00+00:00,103.0299,103.03,103.005,103.03,801,103.0217
ONEQ,2026-09-10T17:55:00+00:00,2026-09-10T18:00:00+00:00,102.9992,102.9992,102.9992,102.9992,292,102.9992
ONEQ,2026-09-10T18:00:00+00:00,2026-09-10T18:05:00+00:00,102.9353,102.9353,102.89,102.89,866,102.9051
ONEQ,2026-09-10T18:10:00+00:00,2026-09-10T18:15:00+00:00,102.87,102.87,102.87,102.87,208,102.87
ONEQ,2026-09-10T18:15:00+00:00,2026-09-10T18:20:00+00:00,102.814,102.814,102.814,102.814,395,102.814
ONEQ,2026-09-10T18:20:00+00:00,2026-09-10T18:25:00+00:00,102.87,102.87,102.87,102.87,351,102.87
ONEQ,2026-09-10T18:25:00+00:00,2026-09-10T18:30:00+00:00,102.85,102.85,102.81,102.81,2488,102.8233
ONEQ,2026-09-10T18:30:00+00:00,2026-09-10T18:35:00+00:00,102.795,102.795,102.795,102.795,279,102.795
ONEQ,2026-09-10T18:35:00+00:00,2026-09-10T18:40:00+00:00,102.83,102.85,102.83,102.8301,1643,102.8367
ONEQ,2026-09-10T18:40:00+00:00,2026-09-10T18:45:00+00:00,102.88,102.8834,102.88,102.8834,896,102.8823
ONEQ,2026-09-10T18:45:00+00:00,2026-09-10T18:50:00+00:00,102.86,102.87,102.86,102.87,348,102.8667
ONEQ,2026-09-10T18:50:00+00:00,2026-09-10T18:55:00+00:00,102.91,102.945,102.91,102.945,2557,102.9333
ONEQ,2026-09-10T18:55:00+00:00,2026-09-10T19:00:00+00:00,102.94,102.94,102.94,102.94,194,102.94
ONEQ,2026-09-10T19:00:00+00:00,2026-09-10T19:05:00+00:00,102.885,102.885,102.84,102.84,4298,102.855
ONEQ,2026-09-10T19:05:00+00:00,2026-09-10T19:10:00+00:00,102.83,102.83,102.83,102.83,245,102.83
ONEQ,2026-09-10T19:10:00+00:00,2026-09-10T19:15:00+00:00,102.8542,102.86,102.8096,102.845,1571,102.8382
ONEQ,2026-09-10T19:15:00+00:00,2026-09-10T19:20:00+00:00,102.86,102.86,102.86,102.86,3261,102.86
ONEQ,2026-09-10T19:30:00+00:00,2026-09-10T19:35:00+00:00,102.8199,102.83,102.78,102.83,731,102.8133
ONEQ,2026-09-10T19:35:00+00:00,2026-09-10T19:40:00+00:00,102.86,102.86,102.82,102.82,3326,102.8333
ONEQ,2026-09-10T19:40:00+00:00,2026-09-10T19:45:00+00:00,102.84,102.86,102.84,102.86,948,102.8533
ONEQ,2026-09-10T19:45:00+00:00,2026-09-10T19:50:00+00:00,102.875,102.8899,102.79,102.79,854,102.8233
ONEQ,2026-09-10T19:50:00+00:00,2026-09-10T19:55:00+00:00,102.87,102.9,102.74,102.7773,3622,102.8058
ONEQ,2026-09-10T19:55:00+00:00,2026-09-10T20:00:00+00:00,102.815,102.8399,102.8,102.8,2919,102.8133
ONEQ,2026-09-11T13:30:00+00:00,2026-09-11T13:35:00+00:00,103.68,103.88,103.61,103.88,21373,103.79
ONEQ,2026-09-11T13:35:00+00:00,2026-09-11T13:40:00+00:00,103.98,103.98,103.98,103.98,1013,103.98
ONEQ,2026-09-11T13:40:00+00:00,2026-09-11T13:45:00+00:00,103.92,103.92,103.92,103.92,334,103.92
ONEQ,2026-09-11T13:45:00+00:00,2026-09-11T13:50:00+00:00,103.9,104.01,103.87,103.87,37948,103.9167
ONEQ,2026-09-11T13:50:00+00:00,2026-09-11T13:55:00+00:00,103.905,103.915,103.875,103.875,2517,103.8883
ONEQ,2026-09-11T13:55:00+00:00,2026-09-11T14:00:00+00:00,103.925,103.97,103.925,103.97,5456,103.955
ONEQ,2026-09-11T14:00:00+00:00,2026-09-11T14:05:00+00:00,104.0708,104.12,103.9401,103.9401,1124,104.0001
ONEQ,2026-09-11T14:05:00+00:00,2026-09-11T14:10:00+00:00,103.91,103.91,103.85,103.85,420,103.87
ONEQ,2026-09-11T14:10:00+00:00,2026-09-11T14:15:00+00:00,103.95,103.95,103.8501,103.8701,55672,103.8901
ONEQ,2026-09-11T14:15:00+00:00,2026-09-11T14:20:00+00:00,103.885,103.98,103.79,103.98,5795,103.9167
ONEQ,2026-09-11T14:20:00+00:00,2026-09-11T14:25:00+00:00,104.0999,104.0999,104.0399,104.0999,679,104.0799
ONEQ,2026-09-11T14:25:00+00:00,2026-09-11T14:30:00+00:00,104.08,104.0951,104.035,104.095,2335,104.075
ONEQ,2026-09-11T14:30:00+00:00,2026-09-11T14:35:00+00:00,104.0338,104.0338,103.95,103.96,2624,103.9813
ONEQ,2026-09-11T14:35:00+00:00,2026-09-11T14:40:00+00:00,103.92,103.92,103.77,103.77,2466,103.82
ONEQ,2026-09-11T14:40:00+00:00,2026-09-11T14:45:00+00:00,103.88,103.92,103.785,103.785,2923,103.83
ONEQ,2026-09-11T14:45:00+00:00,2026-09-11T14:50:00+00:00,103.86,103.95,103.78,103.95,5584,103.8933
ONEQ,2026-09-11T14:50:00+00:00,2026-09-11T14:55:00+00:00,103.8801,103.8801,103.85,103.85,4138,103.86
ONEQ,2026-09-11T14:55:00+00:00,2026-09-11T15:00:00+00:00,103.82,103.8649,103.8045,103.8649,2264,103.8448
ONEQ,2026-09-11T15:00:00+00:00,2026-09-11T15:05:00+00:00,103.89,103.97,103.89,103.97,9871,103.9433
ONEQ,2026-09-11T15:05:00+00:00,2026-09-11T15:10:00+00:00,104.02,104.04,104.02,104.04,1094,104.0333
ONEQ,2026-09-11T15:10:00+00:00,2026-09-11T15:15:00+00:00,104.02,104.03,103.8901,103.8901,4160,103.9367
ONEQ,2026-09-11T15:15:00+00:00,2026-09-11T15:20:00+00:00,104.0046,104.1,104.0046,104.1,3650,104.0682
ONEQ,2026-09-11T15:20:00+00:00,2026-09-11T15:25:00+00:00,104.05,104.12,104.05,104.09,4307,104.0867
ONEQ,2026-09-11T15:25:00+00:00,2026-09-11T15:30:00+00:00,104.13,104.21,104.105,104.21,925,104.175
ONEQ,2026-09-11T15:30:00+00:00,2026-09-11T15:35:00+00:00,104.185,104.19,104.16,104.16,5865,104.17
ONEQ,2026-09-11T15:35:00+00:00,2026-09-11T15:40:00+00:00,104.14,104.14,104.14,104.14,104,104.14
ONEQ,2026-09-11T15:40:00+00:00,2026-09-11T15:45:00+00:00,104.155,104.155,104.14,104.1451,1456,104.1467
ONEQ,2026-09-11T15:45:00+00:00,2026-09-11T15:50:00+00:00,104.11,104.11,104.08,104.08,561,104.09
ONEQ,2026-09-11T15:50:00+00:00,2026-09-11T15:55:00+00:00,104.1,104.11,104.04,104.07,2111,104.0733
ONEQ,2026-09-11T15:55:00+00:00,2026-09-11T16:00:00+00:00,104.0351,104.0811,104.0351,104.04,1017,104.0521
ONEQ,2026-09-11T16:00:00+00:00,2026-09-11T16:05:00+00:00,104.06,104.11,104.06,104.11,2085,104.0933
ONEQ,2026-09-11T16:05:00+00:00,2026-09-11T16:10:00+00:00,104.09,104.09,104.09,104.09,926,104.09
ONEQ,2026-09-11T16:10:00+00:00,2026-09-11T16:15:00+00:00,104.07,104.085,104.02,104.02,44287,104.0417
ONEQ,2026-09-11T16:15:00+00:00,2026-09-11T16:20:00+00:00,103.98,104.005,103.98,104.0,663,103.995
ONEQ,2026-09-11T16:20:00+00:00,2026-09-11T16:25:00+00:00,103.98,103.98,103.98,103.98,296,103.98
ONEQ,2026-09-11T16:25:00+00:00,2026-09-11T16:30:00+00:00,103.98,103.98,103.92,103.93,2883,103.9433
ONEQ,2026-09-11T16:30:00+00:00,2026-09-11T16:35:00+00:00,103.95,103.985,103.89,103.985,831,103.9533
ONEQ,2026-09-11T16:35:00+00:00,2026-09-11T16:40:00+00:00,103.87,103.87,103.87,103.87,958,103.87
ONEQ,2026-09-11T16:45:00+00:00,2026-09-11T16:50:00+00:00,103.93,103.93,103.93,103.93,250,103.93
ONEQ,2026-09-11T16:50:00+00:00,2026-09-11T16:55:00+00:00,103.94,103.94,103.94,103.94,450,103.94
ONEQ,2026-09-11T16:55:00+00:00,2026-09-11T17:00:00+00:00,103.9401,103.9401,103.9401,103.9401,86,103.9401
ONEQ,2026-09-11T17:00:00+00:00,2026-09-11T17:05:00+00:00,103.99,104.0,103.99,104.0,465,103.9967
ONEQ,2026-09-11T17:05:00+00:00,2026-09-11T17:10:00+00:00,103.9814,104.04,103.98,104.03,4138,104.0167
ONEQ,2026-09-11T17:10:00+00:00,2026-09-11T17:15:00+00:00,104.03,104.03,104.0,104.005,1074,104.0117
ONEQ,2026-09-11T17:15:00+00:00,2026-09-11T17:20:00+00:00,104.01,104.01,104.01,104.01,796,104.01
ONEQ,2026-09-11T17:25:00+00:00,2026-09-11T17:30:00+00:00,104.09,104.09,104.09,104.09,466,104.09
ONEQ,2026-09-11T17:35:00+00:00,2026-09-11T17:40:00+00:00,104.08,104.08,104.08,104.08,624,104.08
ONEQ,2026-09-11T17:40:00+00:00,2026-09-11T17:45:00+00:00,104.055,104.055,104.04,104.04,1286,104.045
ONEQ,2026-09-11T17:45:00+00:00,2026-09-11T17:50:00+00:00,104.04,104.04,104.01,104.01,1969,104.02
ONEQ,2026-09-11T17:55:00+00:00,2026-09-11T18:00:00+00:00,104.055,104.07,104.0,104.03,2818,104.0333
ONEQ,2026-09-11T18:00:00+00:00,2026-09-11T18:05:00+00:00,104.0153,104.045,104.01,104.045,2255,104.0333
ONEQ,2026-09-11T18:05:00+00:00,2026-09-11T18:10:00+00:00,104.06,104.06,104.06,104.06,400,104.06
ONEQ,2026-09-11T18:15:00+00:00,2026-09-11T18:20:00+00:00,103.95,103.99,103.95,103.98,3126,103.9733
ONEQ,2026-09-11T18:20:00+00:00,2026-09-11T18:25:00+00:00,103.94,103.94,103.94,103.94,1089,103.94
ONEQ,2026-09-11T18:25:00+00:00,2026-09-11T18:30:00+00:00,104.01,104.01,104.01,104.01,788,104.01
ONEQ,2026-09-11T18:40:00+00:00,2026-09-11T18:45:00+00:00,104.02,104.02,103.995,103.995,1377,104.0033
ONEQ,2026-09-11T18:45:00+00:00,2026-09-11T18:50:00+00:00,103.975,103.99,103.9401,103.97,2547,103.9667
ONEQ,2026-09-11T18:50:00+00:00,2026-09-11T18:55:00+00:00,103.9648,103.9648,103.9435,103.9435,722,103.9506
ONEQ,2026-09-11T18:55:00+00:00,2026-09-11T19:00:00+00:00,103.97,103.99,103.92,103.99,4911,103.9667
ONEQ,2026-09-11T19:00:00+00:00,2026-09-11T19:05:00+00:00,103.9688,104.0099,103.94,103.95,5844,103.9666
ONEQ,2026-09-11T19:10:00+00:00,2026-09-11T19:15:00+00:00,103.95,103.95,103.95,103.95,141,103.95
ONEQ,2026-09-11T19:15:00+00:00,2026-09-11T19:20:00+00:00,103.935,103.955,103.91,103.91,1637,103.925
ONEQ,2026-09-11T19:25:00+00:00,2026-09-11T19:30:00+00:00,103.97,103.97,103.9,103.915,1546,103.9283
ONEQ,2026-09-11T19:30:00+00:00,2026-09-11T19:35:00+00:00,103.94,103.96,103.8901,103.95,3427,103.9334
ONEQ,2026-09-11T19:35:00+00:00,2026-09-11T19:40:00+00:00,103.97,103.97,103.935,103.95,1545,103.9517
ONEQ,2026-09-11T19:40:00+00:00,2026-09-11T19:45:00+00:00,103.945,103.945,103.92,103.92,1294,103.9283
ONEQ,2026-09-11T19:45:00+00:00,2026-09-11T19:50:00+00:00,103.935,103.935,103.9,103.915,3025,103.9167
ONEQ,2026-09-11T19:50:00+00:00,2026-09-11T19:55:00+00:00,103.88,103.895,103.86,103.89,1570,103.8817
ONEQ,2026-09-11T19:55:00+00:00,2026-09-11T20:00:00+00:00,103.85,103.89,103.807,103.807,2336,103.8347
ONEQ,2026-09-14T13:30:00+00:00,2026-09-14T13:35:00+00:00,102.5198,102.5977,102.4501,102.555,26697,102.5343
ONEQ,2026-09-14T13:35:00+00:00,2026-09-14T13:40:00+00:00,102.53,102.565,102.53,102.565,1165,102.5533
ONEQ,2026-09-14T13:40:00+00:00,2026-09-14T13:45:00+00:00,102.535,102.75,102.535,102.75,5064,102.6783
ONEQ,2026-09-14T13:45:00+00:00,2026-09-14T13:50:00+00:00,102.75,103.04,102.66,103.04,16101,102.9133
ONEQ,2026-09-14T13:50:00+00:00,2026-09-14T13:55:00+00:00,102.99,103.0,102.9617,102.9617,2492,102.9745
ONEQ,2026-09-14T13:55:00+00:00,2026-09-14T14:00:00+00:00,102.97,102.97,102.97,102.97,566,102.97
ONEQ,2026-09-14T14:00:00+00:00,2026-09-14T14:05:00+00:00,102.9301,102.98,102.9301,102.98,1749,102.9634
ONEQ,2026-09-14T14:05:00+00:00,2026-09-14T14:10:00+00:00,102.96,103.105,102.92,103.105,4221,103.0433
ONEQ,2026-09-14T14:10:00+00:00,2026-09-14T14:15:00+00:00,103.05,103.05,103.05,103.05,548,103.05
ONEQ,2026-09-14T14:15:00+00:00,2026-09-14T14:20:00+00:00,102.8703,102.894,102.8101,102.8101,3503,102.8381
ONEQ,2026-09-14T14:20:00+00:00,2026-09-14T14:25:00+00:00,102.87,102.87,102.72,102.72,2487,102.77
ONEQ,2026-09-14T14:25:00+00:00,2026-09-14T14:30:00+00:00,102.7542,102.76,102.63,102.75,5518,102.7133
ONEQ,2026-09-14T14:30:00+00:00,2026-09-14T14:35:00+00:00,102.755,102.8,102.72,102.8,5066,102.7733
ONEQ,2026-09-14T14:35:00+00:00,2026-09-14T14:40:00+00:00,102.7825,102.7825,102.6649,102.6649,2872,102.7041
ONEQ,2026-09-14T14:40:00+00:00,2026-09-14T14:45:00+00:00,102.66,102.69,102.66,102.66,2182,102.67
ONEQ,2026-09-14T14:45:00+00:00,2026-09-14T14:50:00+00:00,102.81,102.84,102.76,102.8194,19054,102.8065
ONEQ,2026-09-14T14:50:00+00:00,2026-09-14T14:55:00+00:00,102.77,102.77,102.72,102.72,1708,102.7367
ONEQ,2026-09-14T14:55:00+00:00,2026-09-14T15:00:00+00:00,102.67,102.68,102.67,102.68,1177,102.6767
ONEQ,2026-09-14T15:00:00+00:00,2026-09-14T15:05:00+00:00,102.775,102.795,102.775,102.795,1119,102.7883
ONEQ,2026-09-14T15:05:00+00:00,2026-09-14T15:10:00+00:00,102.82,102.945,102.82,102.9,1725,102.8883
ONEQ,2026-09-14T15:10:00+00:00,2026-09-14T15:15:00+00:00,102.965,102.97,102.87,102.87,1879,102.9033
ONEQ,2026-09-14T15:15:00+00:00,2026-09-14T15:20:00+00:00,102.91,102.91,102.91,102.91,771,102.91
ONEQ,2026-09-14T15:20:00+00:00,2026-09-14T15:25:00+00:00,102.975,102.975,102.95,102.96,1687,102.9617
ONEQ,2026-09-14T15:25:00+00:00,2026-09-14T15:30:00+00:00,103.025,103.12,103.0,103.03,1362,103.05
ONEQ,2026-09-14T15:30:00+00:00,2026-09-14T15:35:00+00:00,103.09,103.1504,102.97,103.1504,4110,103.0903
ONEQ,2026-09-14T15:35:00+00:00,2026-09-14T15:40:00+00:00,103.26,103.29,103.26,103.29,673,103.28
ONEQ,2026-09-14T15:40:00+00:00,2026-09-14T15:45:00+00:00,103.41,103.47,103.36,103.47,2390,103.4333
ONEQ,2026-09-14T15:45:00+00:00,2026-09-14T15:50:00+00:00,103.37,103.39,103.37,103.3701,2225,103.3767
ONEQ,2026-09-14T15:50:00+00:00,2026-09-14T15:55:00+00:00,103.37,103.4199,103.3512,103.39,2019,103.387
ONEQ,2026-09-14T15:55:00+00:00,2026-09-14T16:00:00+00:00,103.36,103.43,103.36,103.43,1415,103.4067
ONEQ,2026-09-14T16:00:00+00:00,2026-09-14T16:05:00+00:00,103.39,103.39,103.29,103.303,885,103.3277
ONEQ,2026-09-14T16:05:00+00:00,2026-09-14T16:10:00+00:00,103.3,103.3,103.3,103.3,1561,103.3
ONEQ,2026-09-14T16:15:00+00:00,2026-09-14T16:20:00+00:00,103.37,103.57,103.37,103.57,1857,103.5033
ONEQ,2026-09-14T16:20:00+00:00,2026-09-14T16:25:00+00:00,103.505,103.55,103.4701,103.515,3090,103.5117
ONEQ,2026-09-14T16:25:00+00:00,2026-09-14T16:30:00+00:00,103.545,103.545,103.4101,103.46,1858,103.4717
ONEQ,2026-09-14T16:30:00+00:00,2026-09-14T16:35:00+00:00,103.495,103.495,103.495,103.495,2422,103.495
ONEQ,2026-09-14T16:35:00+00:00,2026-09-14T16:40:00+00:00,103.435,103.48,103.435,103.48,1439,103.465
ONEQ,2026-09-14T16:40:00+00:00,2026-09-14T16:45:00+00:00,103.59,103.59,103.59,103.59,508,103.59
ONEQ,2026-09-14T16:45:00+00:00,2026-09-14T16:50:00+00:00,103.5947,103.7,103.5947,103.7,2889,103.6649
ONEQ,2026-09-14T16:50:00+00:00,2026-09-14T16:55:00+00:00,103.7599,103.7599,103.712,103.712,459,103.728
ONEQ,2026-09-14T16:55:00+00:00,2026-09-14T17:00:00+00:00,103.6908,103.6908,103.63,103.6899,1143,103.6702
ONEQ,2026-09-14T17:05:00+00:00,2026-09-14T17:10:00+00:00,103.615,103.6199,103.615,103.6199,559,103.6183
ONEQ,2026-09-14T17:10:00+00:00,2026-09-14T17:15:00+00:00,103.7,103.7,103.7,103.7,935,103.7
ONEQ,2026-09-14T17:15:00+00:00,2026-09-14T17:20:00+00:00,103.6018,103.63,103.6018,103.63,780,103.6206
ONEQ,2026-09-14T17:20:00+00:00,2026-09-14T17:25:00+00:00,103.59,103.6131,103.59,103.6131,7269,103.6054
ONEQ,2026-09-14T17:30:00+00:00,2026-09-14T17:35:00+00:00,103.725,103.74,103.66,103.7,1984,103.7
ONEQ,2026-09-14T17:40:00+00:00,2026-09-14T17:45:00+00:00,103.73,103.73,103.73,103.73,442,103.73
ONEQ,2026-09-14T17:45:00+00:00,2026-09-14T17:50:00+00:00,103.76,103.76,103.76,103.76,1515,103.76
ONEQ,2026-09-14T17:50:00+00:00,2026-09-14T17:55:00+00:00,103.78,103.78,103.77,103.77,2918,103.7733
ONEQ,2026-09-14T17:55:00+00:00,2026-09-14T18:00:00+00:00,103.7429,103.7429,103.7429,103.7429,641,103.7429
ONEQ,2026-09-14T18:00:00+00:00,2026-09-14T18:05:00+00:00,103.7416,103.7416,103.7416,103.7416,443,103.7416
ONEQ,2026-09-14T18:05:00+00:00,2026-09-14T18:10:00+00:00,103.725,103.73,103.725,103.73,655,103.7283
ONEQ,2026-09-14T18:10:00+00:00,2026-09-14T18:15:00+00:00,103.745,103.745,103.7,103.71,2164,103.7183
ONEQ,2026-09-14T18:15:00+00:00,2026-09-14T18:20:00+00:00,103.7388,103.7499,103.65,103.68,3967,103.6933
ONEQ,2026-09-14T18:20:00+00:00,2026-09-14T18:25:00+00:00,103.65,103.665,103.61,103.665,903,103.6467
ONEQ,2026-09-14T18:25:00+00:00,2026-09-14T18:30:00+00:00,103.6718,103.6718,103.6,103.6,2600,103.6239
ONEQ,2026-09-14T18:30:00+00:00,2026-09-14T18:35:00+00:00,103.57,103.685,103.56,103.685,3092,103.6433
ONEQ,2026-09-14T18:35:00+00:00,2026-09-14T18:40:00+00:00,103.69,103.695,103.69,103.695,867,103.6933
ONEQ,2026-09-14T18:40:00+00:00,2026-09-14T18:45:00+00:00,103.65,103.655,103.65,103.655,614,103.6533
ONEQ,2026-09-14T18:45:00+00:00,2026-09-14T18:50:00+00:00,103.6484,103.6484,103.6484,103.6484,1911,103.6484
ONEQ,2026-09-14T18:50:00+00:00,2026-09-14T18:55:00+00:00,103.6291,103.6291,103.6291,103.6291,286,103.6291
ONEQ,2026-09-14T18:55:00+00:00,2026-09-14T19:00:00+00:00,103.57,103.615,103.57,103.615,1447,103.6
ONEQ,2026-09-14T19:00:00+00:00,2026-09-14T19:05:00+00:00,103.52,103.585,103.5,103.5,1289,103.5283
ONEQ,2026-09-14T19:05:00+00:00,2026-09-14T19:10:00+00:00,103.5,103.5,103.5,103.5,826,103.5
ONEQ,2026-09-14T19:10:00+00:00,2026-09-14T19:15:00+00:00,103.46,103.46,103.46,103.46,992,103.46
ONEQ,2026-09-14T19:20:00+00:00,2026-09-14T19:25:00+00:00,103.49,103.49,103.49,103.49,584,103.49
ONEQ,2026-09-14T19:25:00+00:00,2026-09-14T19:30:00+00:00,103.47,103.47,103.43,103.43,505,103.4433
ONEQ,2026-09-14T19:30:00+00:00,2026-09-14T19:35:00+00:00,103.4482,103.535,103.4482,103.535,6360,103.5061
ONEQ,2026-09-14T19:35:00+00:00,2026-09-14T19:40:00+00:00,103.55,103.55,103.46,103.4788,4318,103.4963
ONEQ,2026-09-14T19:40:00+00:00,2026-09-14T19:45:00+00:00,103.47,103.47,103.43,103.43,1790,103.4433
ONEQ,2026-09-14T19:45:00+00:00,2026-09-14T19:50:00+00:00,103.4551,103.4551,103.4551,103.4551,377,103.4551
ONEQ,2026-09-14T19:50:00+00:00,2026-09-14T19:55:00+00:00,103.46,103.46,103.38,103.38,2765,103.4067
ONEQ,2026-09-14T19:55:00+00:00,2026-09-14T20:00:00+00:00,103.22,103.31,103.22,103.31,3014,103.28
ONEQ,2026-09-15T13:30:00+00:00,2026-09-15T13:35:00+00:00,103.25,103.25,102.95,102.95,5010,103.05
ONEQ,2026-09-15T13:35:00+00:00,2026-09-15T13:40:00+00:00,103.01,103.13,103.01,103.13,4135,103.09
ONEQ,2026-09-15T13:40:00+00:00,2026-09-15T13:45:00+00:00,103.07,103.0801,103.07,103.0801,437,103.0767
ONEQ,2026-09-15T13:45:00+00:00,2026-09-15T13:50:00+00:00,103.13,103.13,103.07,103.07,2145,103.09
ONEQ,2026-09-15T13:50:00+00:00,2026-09-15T13:55:00+00:00,103.065,103.065,103.04,103.04,1156,103.0483
ONEQ,2026-09-15T13:55:00+00:00,2026-09-15T14:00:00+00:00,103.025,103.025,103.025,103.025,123,103.025
ONEQ,2026-09-15T14:00:00+00:00,2026-09-15T14:05:00+00:00,102.98,102.98,102.88,102.88,2218,102.9133
ONEQ,2026-09-15T14:05:00+00:00,2026-09-15T14:10:00+00:00,102.84,102.84,102.815,102.815,926,102.8233
ONEQ,2026-09-15T14:10:00+00:00,2026-09-15T14:15:00+00:00,102.77,102.77,102.71,102.71,4113,102.73
ONEQ,2026-09-15T14:15:00+00:00,2026-09-15T14:20:00+00:00,102.7494,102.7494,102.7494,102.7494,337,102.7494
ONEQ,2026-09-15T14:20:00+00:00,2026-09-15T14:25:00+00:00,102.72,102.72,102.59,102.59,4158,102.6333
ONEQ,2026-09-15T14:25:00+00:00,2026-09-15T14:30:00+00:00,102.67,102.68,102.64,102.68,1736,102.6667
ONEQ,2026-09-15T14:30:00+00:00,2026-09-15T14:35:00+00:00,102.59,102.59,102.59,102.59,994,102.59
ONEQ,2026-09-15T14:35:00+00:00,2026-09-15T14:40:00+00:00,102.63,102.68,102.555,102.555,4456,102.5967
ONEQ,2026-09-15T14:40:00+00:00,2026-09-15T14:45:00+00:00,102.54,102.54,102.51,102.5351,1015,102.5284
ONEQ,2026-09-15T14:45:00+00:00,2026-09-15T14:50:00+00:00,102.56,102.56,102.4835,102.4835,3077,102.509
ONEQ,2026-09-15T14:50:00+00:00,2026-09-15T14:55:00+00:00,102.39,102.405,102.3301,102.3301,4073,102.3551
ONEQ,2026-09-15T14:55:00+00:00,2026-09-15T15:00:00+00:00,102.385,102.4333,102.385,102.4333,2849,102.4172
ONEQ,2026-09-15T15:00:00+00:00,2026-09-15T15:05:00+00:00,102.44,102.56,102.4341,102.56,2315,102.518
ONEQ,2026-09-15T15:10:00+00:00,2026-09-15T15:15:00+00:00,102.56,102.56,102.5,102.5,2803,102.52
ONEQ,2026-09-15T15:15:00+00:00,2026-09-15T15:20:00+00:00,102.52,102.555,102.52,102.555,3389,102.5433
ONEQ,2026-09-15T15:20:00+00:00,2026-09-15T15:25:00+00:00,102.585,102.585,102.545,102.545,1533,102.5583
ONEQ,2026-09-15T15:25:00+00:00,2026-09-15T15:30:00+00:00,102.56,102.56,102.5301,102.5501,2137,102.5467
ONEQ,2026-09-15T15:30:00+00:00,2026-09-15T15:35:00+00:00,102.43,102.43,102.43,102.43,732,102.43
ONEQ,2026-09-15T15:35:00+00:00,2026-09-15T15:40:00+00:00,102.515,102.525,102.51,102.51,1893,102.515
ONEQ,2026-09-15T15:45:00+00:00,2026-09-15T15:50:00+00:00,102.55,102.55,102.5,102.5,1021,102.5167
ONEQ,2026-09-15T15:50:00+00:00,2026-09-15T15:55:00+00:00,102.51,102.57,102.505,102.525,3340,102.5333
ONEQ,2026-09-15T15:55:00+00:00,2026-09-15T16:00:00+00:00,102.52,102.59,102.52,102.55,4608,102.5533
ONEQ,2026-09-15T16:00:00+00:00,2026-09-15T16:05:00+00:00,102.58,102.58,102.565,102.575,2156,102.5733
ONEQ,2026-09-15T16:05:00+00:00,2026-09-15T16:10:00+00:00,102.58,102.58,102.4201,102.4201,2488,102.4734
ONEQ,2026-09-15T16:15:00+00:00,2026-09-15T16:20:00+00:00,102.5,102.5,102.5,102.5,906,102.5
ONEQ,2026-09-15T16:20:00+00:00,2026-09-15T16:25:00+00:00,102.58,102.58,102.58,102.58,567,102.58
ONEQ,2026-09-15T16:25:00+00:00,2026-09-15T16:30:00+00:00,102.615,102.615,102.615,102.615,1944,102.615
ONEQ,2026-09-15T16:30:00+00:00,2026-09-15T16:35:00+00:00,102.6,102.6,102.58,102.58,984,102.5867
ONEQ,2026-09-15T16:35:00+00:00,2026-09-15T16:40:00+00:00,102.56,102.56,102.56,102.56,1488,102.56
ONEQ,2026-09-15T16:45:00+00:00,2026-09-15T16:50:00+00:00,102.55,102.55,102.55,102.55,777,102.55
ONEQ,2026-09-15T16:50:00+00:00,2026-09-15T16:55:00+00:00,102.53,102.54,102.53,102.54,382,102.5367
ONEQ,2026-09-15T16:55:00+00:00,2026-09-15T17:00:00+00:00,102.58,102.58,102.525,102.525,1909,102.5433
ONEQ,2026-09-15T17:00:00+00:00,2026-09-15T17:05:00+00:00,102.56,102.56,102.48,102.48,1319,102.5067
ONEQ,2026-09-15T17:05:00+00:00,2026-09-15T17:10:00+00:00,102.44,102.5083,102.44,102.5083,1557,102.4855
ONEQ,2026-09-15T17:10:00+00:00,2026-09-15T17:15:00+00:00,102.5,102.5,102.5,102.5,835,102.5
ONEQ,2026-09-15T17:15:00+00:00,2026-09-15T17:20:00+00:00,102.4399,102.4399,102.4399,102.4399,554,102.4399
ONEQ,2026-09-15T17:20:00+00:00,2026-09-15T17:25:00+00:00,102.4,102.4,102.4,102.4,1138,102.4
ONEQ,2026-09-15T17:25:00+00:00,2026-09-15T17:30:00+00:00,102.39,102.39,102.39,102.39,319,102.39
ONEQ,2026-09-15T17:30:00+00:00,2026-09-15T17:35:00+00:00,102.4299,102.45,102.4299,102.445,3548,102.4416
ONEQ,2026-09-15T17:35:00+00:00,2026-09-15T17:40:00+00:00,102.4587,102.4587,102.4587,102.4587,364,102.4587
ONEQ,2026-09-15T17:40:00+00:00,2026-09-15T17:45:00+00:00,102.43,102.43,102.43,102.43,2636,102.43
ONEQ,2026-09-15T17:45:00+00:00,2026-09-15T17:50:00+00:00,102.435,102.435,102.4151,102.4151,1838,102.4217
ONEQ,2026-09-15T17:50:00+00:00,2026-09-15T17:55:00+00:00,102.43,102.455,102.4,102.44,12829,102.4317
ONEQ,2026-09-15T17:55:00+00:00,2026-09-15T18:00:00+00:00,102.47,102.51,102.4401,102.4401,2895,102.4634
ONEQ,2026-09-15T18:00:00+00:00,2026-09-15T18:05:00+00:00,102.48,102.49,102.48,102.49,1445,102.4867
ONEQ,2026-09-15T18:05:00+00:00,2026-09-15T18:10:00+00:00,102.5,102.51,102.4781,102.51,4216,102.4994
ONEQ,2026-09-15T18:10:00+00:00,2026-09-15T18:15:00+00:00,102.49,102.525,102.49,102.52,3837,102.5117
ONEQ,2026-09-15T18:15:00+00:00,2026-09-15T18:20:00+00:00,102.525,102.525,102.525,102.525,1121,102.525
ONEQ,2026-09-15T18:20:00+00:00,2026-09-15T18:25:00+00:00,102.52,102.52,102.52,102.52,1486,102.52
ONEQ,2026-09-15T18:25:00+00:00,2026-09-15T18:30:00+00:00,102.56,102.56,102.56,102.56,172,102.56
ONEQ,2026-09-15T18:30:00+00:00,2026-09-15T18:35:00+00:00,102.5101,102.515,102.5101,102.515,2540,102.5134
ONEQ,2026-09-15T18:35:00+00:00,2026-09-15T18:40:00+00:00,102.475,102.475,102.4501,102.4501,1968,102.4584
ONEQ,2026-09-15T18:40:00+00:00,2026-09-15T18:45:00+00:00,102.5,102.5,102.458,102.458,1017,102.472
ONEQ,2026-09-15T18:45:00+00:00,2026-09-15T18:50:00+00:00,102.4366,102.4366,102.43,102.43,2142,102.4322
ONEQ,2026-09-15T18:50:00+00:00,2026-09-15T18:55:00+00:00,102.385,102.395,102.385,102.39,40376,102.39
ONEQ,2026-09-15T18:55:00+00:00,2026-09-15T19:00:00+00:00,102.38,102.425,102.38,102.42,21983,102.4083
ONEQ,2026-09-15T19:00:00+00:00,2026-09-15T19:05:00+00:00,102.4301,102.48,102.4301,102.465,3447,102.4584
ONEQ,2026-09-15T19:05:00+00:00,2026-09-15T19:10:00+00:00,102.46,102.46,102.43,102.4512,2903,102.4471
ONEQ,2026-09-15T19:10:00+00:00,2026-09-15T19:15:00+00:00,102.45,102.45,102.41,102.42,2270,102.4267
ONEQ,2026-09-15T19:15:00+00:00,2026-09-15T19:20:00+00:00,102.4015,102.4015,102.4015,102.4015,1073,102.4015
ONEQ,2026-09-15T19:20:00+00:00,2026-09-15T19:25:00+00:00,102.38,102.4024,102.38,102.4,3961,102.3941
ONEQ,2026-09-15T19:25:00+00:00,2026-09-15T19:30:00+00:00,102.4,102.42,102.35,102.35,8943,102.3733
ONEQ,2026-09-15T19:30:00+00:00,2026-09-15T19:35:00+00:00,102.4199,102.4199,102.35,102.37,1687,102.38
ONEQ,2026-09-15T19:35:00+00:00,2026-09-15T19:40:00+00:00,102.35,102.37,102.3,102.3,7588,102.3233
ONEQ,2026-09-15T19:40:00+00:00,2026-09-15T19:45:00+00:00,102.3215,102.35,102.3153,102.35,1344,102.3384
ONEQ,2026-09-15T19:45:00+00:00,2026-09-15T19:50:00+00:00,102.335,102.3699,102.3267,102.34,3489,102.3455
ONEQ,2026-09-15T19:50:00+00:00,2026-09-15T19:55:00+00:00,102.355,102.4056,102.3,102.4056,7469,102.3704
ONEQ,2026-09-15T19:55:00+00:00,2026-09-15T20:00:00+00:00,102.41,102.44,102.4,102.4284,3097,102.4228
ONEQ,2026-09-16T13:30:00+00:00,2026-09-16T13:35:00+00:00,102.9,102.9,102.9,102.9,4178,102.9
ONEQ,2026-09-16T13:35:00+00:00,2026-09-16T13:40:00+00:00,102.825,102.9,102.825,102.9,1852,102.875
ONEQ,2026-09-16T13:40:00+00:00,2026-09-16T13:45:00+00:00,102.8963,102.98,102.8836,102.93,4786,102.9312
ONEQ,2026-09-16T13:45:00+00:00,2026-09-16T13:50:00+00:00,102.94,103.14,102.935,103.1,9906,103.0583
ONEQ,2026-09-16T13:50:00+00:00,2026-09-16T13:55:00+00:00,103.22,103.22,103.16,103.16,2167,103.18
ONEQ,2026-09-16T13:55:00+00:00,2026-09-16T14:00:00+00:00,103.12,103.2,103.12,103.12,4291,103.1467
ONEQ,2026-09-16T14:00:00+00:00,2026-09-16T14:05:00+00:00,103.22,103.22,103.05,103.07,4432,103.1133
ONEQ,2026-09-16T14:05:00+00:00,2026-09-16T14:10:00+00:00,103.05,103.13,103.05,103.13,1459,103.1033
ONEQ,2026-09-16T14:10:00+00:00,2026-09-16T14:15:00+00:00,103.145,103.145,103.03,103.03,1245,103.0683
ONEQ,2026-09-16T14:15:00+00:00,2026-09-16T14:20:00+00:00,103.1,103.145,103.1,103.13,6668,103.125
ONEQ,2026-09-16T14:20:00+00:00,2026-09-16T14:25:00+00:00,103.115,103.12,103.07,103.11,5846,103.1
ONEQ,2026-09-16T14:25:00+00:00,2026-09-16T14:30:00+00:00,103.105,103.14,103.055,103.11,2140,103.1017
ONEQ,2026-09-16T14:30:00+00:00,2026-09-16T14:35:00+00:00,103.09,103.09,103.04,103.09,31571,103.0733
ONEQ,2026-09-16T14:35:00+00:00,2026-09-16T14:40:00+00:00,103.055,103.055,103.0102,103.0102,3390,103.0251
ONEQ,2026-09-16T14:40:00+00:00,2026-09-16T14:45:00+00:00,103.05,103.05,103.05,103.05,2218,103.05
ONEQ,2026-09-16T14:45:00+00:00,2026-09-16T14:50:00+00:00,103.18,103.18,103.145,103.145,844,103.1567
ONEQ,2026-09-16T14:50:00+00:00,2026-09-16T14:55:00+00:00,103.13,103.13,103.13,103.13,738,103.13
ONEQ,2026-09-16T15:00:00+00:00,2026-09-16T15:05:00+00:00,103.27,103.27,103.27,103.27,249,103.27
ONEQ,2026-09-16T15:05:00+00:00,2026-09-16T15:10:00+00:00,103.285,103.39,103.285,103.39,5355,103.355
ONEQ,2026-09-16T15:10:00+00:00,2026-09-16T15:15:00+00:00,103.39,103.39,103.31,103.317,5737,103.339
ONEQ,2026-09-16T15:15:00+00:00,2026-09-16T15:20:00+00:00,103.35,103.35,103.28,103.31,1953,103.3133
ONEQ,2026-09-16T15:20:00+00:00,2026-09-16T15:25:00+00:00,103.31,103.34,103.31,103.34,411,103.33
ONEQ,2026-09-16T15:25:00+00:00,2026-09-16T15:30:00+00:00,103.3599,103.3599,103.3,103.3,2261,103.32
ONEQ,2026-09-16T15:30:00+00:00,2026-09-16T15:35:00+00:00,103.215,103.215,103.171,103.21,5936,103.1987
ONEQ,2026-09-16T15:35:00+00:00,2026-09-16T15:40:00+00:00,103.225,103.225,103.21,103.225,1798,103.22
ONEQ,2026-09-16T15:40:00+00:00,2026-09-16T15:45:00+00:00,103.235,103.235,103.235,103.235,713,103.235
ONEQ,2026-09-16T15:45:00+00:00,2026-09-16T15:50:00+00:00,103.265,103.405,103.265,103.31,3029,103.3267
ONEQ,2026-09-16T15:50:00+00:00,2026-09-16T15:55:00+00:00,103.34,103.34,103.34,103.34,1003,103.34
ONEQ,2026-09-16T15:55:00+00:00,2026-09-16T16:00:00+00:00,103.275,103.275,103.275,103.275,550,103.275
ONEQ,2026-09-16T16:00:00+00:00,2026-09-16T16:05:00+00:00,103.185,103.185,103.185,103.185,2157,103.185
ONEQ,2026-09-16T16:05:00+00:00,2026-09-16T16:10:00+00:00,103.18,103.21,103.15,103.21,6046,103.19
ONEQ,2026-09-16T16:10:00+00:00,2026-09-16T16:15:00+00:00,103.175,103.175,103.1606,103.1606,719,103.1654
ONEQ,2026-09-16T16:15:00+00:00,2026-09-16T16:20:00+00:00,103.212,103.212,103.212,103.212,877,103.212
ONEQ,2026-09-16T16:30:00+00:00,2026-09-16T16:35:00+00:00,103.2053,103.2053,103.1201,103.13,2979,103.1518
ONEQ,2026-09-16T16:35:00+00:00,2026-09-16T16:40:00+00:00,103.16,103.16,103.14,103.14,918,103.1467
ONEQ,2026-09-16T16:40:00+00:00,2026-09-16T16:45:00+00:00,103.18,103.18,103.16,103.175,1657,103.1717
ONEQ,2026-09-16T16:50:00+00:00,2026-09-16T16:55:00+00:00,103.22,103.22,103.22,103.22,339,103.22
ONEQ,2026-09-16T16:55:00+00:00,2026-09-16T17:00:00+00:00,103.185,103.185,103.1685,103.1685,582,103.174
ONEQ,2026-09-16T17:00:00+00:00,2026-09-16T17:05:00+00:00,103.12,103.135,103.1,103.1,10299,103.1117
ONEQ,2026-09-16T17:05:00+00:00,2026-09-16T17:10:00+00:00,103.105,103.105,103.08,103.1045,1125,103.0965
ONEQ,2026-09-16T17:10:00+00:00,2026-09-16T17:15:00+00:00,103.115,103.115,103.115,103.115,687,103.115
ONEQ,2026-09-16T17:15:00+00:00,2026-09-16T17:20:00+00:00,103.1,103.1,103.1,103.1,223,103.1
ONEQ,2026-09-16T17:20:00+00:00,2026-09-16T17:25:00+00:00,103.11,103.13,103.09,103.1199,1483,103.1133
ONEQ,2026-09-16T17:25:00+00:00,2026-09-16T17:30:00+00:00,103.08,103.14,103.07,103.14,4691,103.1167
ONEQ,2026-09-16T17:30:00+00:00,2026-09-16T17:35:00+00:00,103.08,103.115,103.08,103.115,4679,103.1033
ONEQ,2026-09-16T17:35:00+00:00,2026-09-16T17:40:00+00:00,103.115,103.115,103.095,103.095,678,103.1017
ONEQ,2026-09-16T17:40:00+00:00,2026-09-16T17:45:00+00:00,103.04,103.04,103.04,103.04,1233,103.04
ONEQ,2026-09-16T17:45:00+00:00,2026-09-16T17:50:00+00:00,103.055,103.055,103.045,103.045,1264,103.0483
ONEQ,2026-09-16T17:50:00+00:00,2026-09-16T17:55:00+00:00,103.02,103.02,103.02,103.02,337,103.02
ONEQ,2026-09-16T17:55:00+00:00,2026-09-16T18:00:00+00:00,103.06,103.12,103.06,103.12,1036,103.1
ONEQ,2026-09-16T18:00:00+00:00,2026-09-16T18:05:00+00:00,102.955,103.1699,102.925,103.07,5939,103.055
ONEQ,2026-09-16T18:05:00+00:00,2026-09-16T18:10:00+00:00,103.34,103.34,103.265,103.3,767,103.3017
ONEQ,2026-09-16T18:10:00+00:00,2026-09-16T18:15:00+00:00,103.28,103.28,103.19,103.19,1490,103.22
ONEQ,2026-09-16T18:15:00+00:00,2026-09-16T18:20:00+00:00,103.16,103.2,103.12,103.2,2129,103.1733
ONEQ,2026-09-16T18:20:00+00:00,2026-09-16T18:25:00+00:00,103.13,103.16,103.13,103.16,563,103.15
ONEQ,2026-09-16T18:25:00+00:00,2026-09-16T18:30:00+00:00,103.075,103.075,103.0,103.05,904,103.0417
ONEQ,2026-09-16T18:30:00+00:00,2026-09-16T18:35:00+00:00,103.155,103.155,102.92,102.93,2214,103.0017
ONEQ,2026-09-16T18:35:00+00:00,2026-09-16T18:40:00+00:00,102.8,102.8268,102.8,102.8268,1335,102.8179
ONEQ,2026-09-16T18:40:00+00:00,2026-09-16T18:45:00+00:00,102.99,103.215,102.99,103.1225,3621,103.1092
ONEQ,2026-09-16T18:45:00+00:00,2026-09-16T18:50:00+00:00,103.09,103.09,102.97,102.97,2844,103.01
ONEQ,2026-09-16T18:50:00+00:00,2026-09-16T18:55:00+00:00,102.9,102.9,102.7,102.7,6382,102.7667
ONEQ,2026-09-16T18:55:00+00:00,2026-09-16T19:00:00+00:00,102.55,102.55,102.35,102.4348,7376,102.4449
ONEQ,2026-09-16T19:00:00+00:00,2026-09-16T19:05:00+00:00,102.42,102.46,102.42,102.46,1875,102.4467
ONEQ,2026-09-16T19:05:00+00:00,2026-09-16T19:10:00+00:00,102.4,102.4,102.22,102.22,5506,102.28
ONEQ,2026-09-16T19:10:00+00:00,2026-09-16T19:15:00+00:00,102.26,102.26,101.97,101.99,8914,102.0733
ONEQ,2026-09-16T19:15:00+00:00,2026-09-16T19:20:00+00:00,102.03,102.03,101.86,101.86,3674,101.9167
ONEQ,2026-09-16T19:20:00+00:00,2026-09-16T19:25:00+00:00,101.91,101.96,101.83,101.91,11769,101.9
ONEQ,2026-09-16T19:25:00+00:00,2026-09-16T19:30:00+00:00,101.8295,101.94,101.75,101.94,8842,101.8767
ONEQ,2026-09-16T19:30:00+00:00,2026-09-16T19:35:00+00:00,102.0,102.17,102.0,102.12,1271,102.0967
ONEQ,2026-09-16T19:35:00+00:00,2026-09-16T19:40:00+00:00,102.205,102.205,102.0501,102.1299,5931,102.1283
ONEQ,2026-09-16T19:40:00+00:00,2026-09-16T19:45:00+00:00,102.23,102.24,102.1101,102.21,1832,102.1867
ONEQ,2026-09-16T19:45:00+00:00,2026-09-16T19:50:00+00:00,102.25,102.39,102.25,102.39,2328,102.3433
ONEQ,2026-09-16T19:50:00+00:00,2026-09-16T19:55:00+00:00,102.405,102.435,102.35,102.41,6900,102.3983
ONEQ,2026-09-16T19:55:00+00:00,2026-09-16T20:00:00+00:00,102.37,102.44,102.33,102.44,6062,102.4033
ONEQ,2026-09-17T13:30:00+00:00,2026-09-17T13:35:00+00:00,103.75,104.045,103.75,103.7799,19794,103.8583
ONEQ,2026-09-17T13:35:00+00:00,2026-09-17T13:40:00+00:00,103.741,103.785,103.705,103.705,9429,103.7317
ONEQ,2026-09-17T13:40:00+00:00,2026-09-17T13:45:00+00:00,103.6841,103.735,103.6841,103.695,2105,103.7047
ONEQ,2026-09-17T13:45:00+00:00,2026-09-17T13:50:00+00:00,103.693,103.77,103.62,103.74,3118,103.71
ONEQ,2026-09-17T13:50:00+00:00,2026-09-17T13:55:00+00:00,103.64,103.765,103.64,103.765,2764,103.7233
ONEQ,2026-09-17T13:55:00+00:00,2026-09-17T14:00:00+00:00,103.78,103.78,103.78,103.78,1484,103.78
ONEQ,2026-09-17T14:05:00+00:00,2026-09-17T14:10:00+00:00,103.85,103.91,103.8001,103.91,1488,103.8734
ONEQ,2026-09-17T14:10:00+00:00,2026-09-17T14:15:00+00:00,103.9,103.985,103.81,103.985,2714,103.9267
ONEQ,2026-09-17T14:15:00+00:00,2026-09-17T14:20:00+00:00,104.0125,104.03,103.99,104.0,4354,104.0067
ONEQ,2026-09-17T14:20:00+00:00,2026-09-17T14:25:00+00:00,104.03,104.1164,104.03,104.1164,3684,104.0876
ONEQ,2026-09-17T14:25:00+00:00,2026-09-17T14:30:00+00:00,104.08,104.14,104.08,104.14,6487,104.12
ONEQ,2026-09-17T14:30:00+00:00,2026-09-17T14:35:00+00:00,104.13,104.1704,104.11,104.11,27473,104.1301
ONEQ,2026-09-17T14:35:00+00:00,2026-09-17T14:40:00+00:00,104.15,104.15,104.115,104.115,3921,104.1267
ONEQ,2026-09-17T14:40:00+00:00,2026-09-17T14:45:00+00:00,104.11,104.1536,104.09,104.09,2347,104.1112
ONEQ,2026-09-17T14:45:00+00:00,2026-09-17T14:50:00+00:00,104.04,104.04,103.91,103.91,8541,103.9533
ONEQ,2026-09-17T14:50:00+00:00,2026-09-17T14:55:00+00:00,103.94,103.94,103.915,103.915,1326,103.9233
ONEQ,2026-09-17T14:55:00+00:00,2026-09-17T15:00:00+00:00,103.96,103.96,103.95,103.95,813,103.9533
ONEQ,2026-09-17T15:00:00+00:00,2026-09-17T15:05:00+00:00,103.9,103.9,103.8985,103.9,2022,103.8995
ONEQ,2026-09-17T15:05:00+00:00,2026-09-17T15:10:00+00:00,103.89,103.89,103.89,103.89,203,103.89
ONEQ,2026-09-17T15:10:00+00:00,2026-09-17T15:15:00+00:00,103.9,103.9299,103.9,103.9299,1204,103.9199
ONEQ,2026-09-17T15:20:00+00:00,2026-09-17T15:25:00+00:00,103.93,103.96,103.92,103.92,2669,103.9333
ONEQ,2026-09-17T15:25:00+00:00,2026-09-17T15:30:00+00:00,103.995,104.005,103.9501,103.985,2466,103.98
ONEQ,2026-09-17T15:30:00+00:00,2026-09-17T15:35:00+00:00,104.005,104.005,103.98,103.98,751,103.9883
ONEQ,2026-09-17T15:35:00+00:00,2026-09-17T15:40:00+00:00,104.04,104.04,104.01,104.01,993,104.02
ONEQ,2026-09-17T15:40:00+00:00,2026-09-17T15:45:00+00:00,104.055,104.1,104.055,104.1,1005,104.085
ONEQ,2026-09-17T15:45:00+00:00,2026-09-17T15:50:00+00:00,104.1,104.1,104.0601,104.0951,3083,104.0851
ONEQ,2026-09-17T15:50:00+00:00,2026-09-17T15:55:00+00:00,104.08,104.08,104.06,104.08,3161,104.0733
ONEQ,2026-09-17T15:55:00+00:00,2026-09-17T16:00:00+00:00,104.07,104.0912,104.07,104.07,1327,104.0771
ONEQ,2026-09-17T16:00:00+00:00,2026-09-17T16:05:00+00:00,104.1,104.1,104.1,104.1,1052,104.1
ONEQ,2026-09-17T16:05:00+00:00,2026-09-17T16:10:00+00:00,104.0,104.035,104.0,104.035,423,104.0233
ONEQ,2026-09-17T16:10:00+00:00,2026-09-17T16:15:00+00:00,104.095,104.095,104.065,104.065,2322,104.075
ONEQ,2026-09-17T16:15:00+00:00,2026-09-17T16:20:00+00:00,104.075,104.075,104.075,104.075,1153,104.075
ONEQ,2026-09-17T16:20:00+00:00,2026-09-17T16:25:00+00:00,104.08,104.1699,104.08,104.1259,2058,104.1253
ONEQ,2026-09-17T16:25:00+00:00,2026-09-17T16:30:00+00:00,104.12,104.14,104.1,104.1,1643,104.1133
ONEQ,2026-09-17T16:30:00+00:00,2026-09-17T16:35:00+00:00,104.11,104.11,104.015,104.02,849,104.0483
ONEQ,2026-09-17T16:35:00+00:00,2026-09-17T16:40:00+00:00,104.05,104.05,104.05,104.05,394,104.05
ONEQ,2026-09-17T16:40:00+00:00,2026-09-17T16:45:00+00:00,104.089,104.089,104.055,104.055,2125,104.0663
ONEQ,2026-09-17T16:45:00+00:00,2026-09-17T16:50:00+00:00,104.1,104.1,104.1,104.1,903,104.1
ONEQ,2026-09-17T16:55:00+00:00,2026-09-17T17:00:00+00:00,104.03,104.03,104.03,104.03,465,104.03
ONEQ,2026-09-17T17:00:00+00:00,2026-09-17T17:05:00+00:00,104.075,104.125,104.075,104.11,1410,104.1033
ONEQ,2026-09-17T17:05:00+00:00,2026-09-17T17:10:00+00:00,104.16,104.16,104.13,104.13,1383,104.14
ONEQ,2026-09-17T17:10:00+00:00,2026-09-17T17:15:00+00:00,104.085,104.085,104.085,104.085,622,104.085
ONEQ,2026-09-17T17:15:00+00:00,2026-09-17T17:20:00+00:00,104.0745,104.0745,104.07,104.07,420,104.0715
ONEQ,2026-09-17T17:20:00+00:00,2026-09-17T17:25:00+00:00,104.04,104.045,104.03,104.03,937,104.035
ONEQ,2026-09-17T17:25:00+00:00,2026-09-17T17:30:00+00:00,104.02,104.02,103.99,103.9901,3227,104.0
ONEQ,2026-09-17T17:30:00+00:00,2026-09-17T17:35:00+00:00,103.99,104.0,103.99,104.0,1418,103.9967
ONEQ,2026-09-17T17:35:00+00:00,2026-09-17T17:40:00+00:00,104.06,104.065,104.03,104.03,2674,104.0417
ONEQ,2026-09-17T17:40:00+00:00,2026-09-17T17:45:00+00:00,104.0899,104.0899,104.0899,104.0899,436,104.0899
ONEQ,2026-09-17T17:45:00+00:00,2026-09-17T17:50:00+00:00,104.09,104.11,104.06,104.06,3905,104.0767
ONEQ,2026-09-17T18:00:00+00:00,2026-09-17T18:05:00+00:00,104.085,104.085,104.085,104.085,203,104.085
ONEQ,2026-09-17T18:05:00+00:00,2026-09-17T18:10:00+00:00,104.09,104.09,104.09,104.09,663,104.09
ONEQ,2026-09-17T18:10:00+00:00,2026-09-17T18:15:00+00:00,104.07,104.0897,104.07,104.0897,2066,104.0831
ONEQ,2026-09-17T18:15:00+00:00,2026-09-17T18:20:00+00:00,104.11,104.11,104.055,104.066,1684,104.077
ONEQ,2026-09-17T18:20:00+00:00,2026-09-17T18:25:00+00:00,104.09,104.1,104.05,104.05,2662,104.0667
ONEQ,2026-09-17T18:25:00+00:00,2026-09-17T18:30:00+00:00,104.065,104.11,104.065,104.08,1054,104.085
ONEQ,2026-09-17T18:30:00+00:00,2026-09-17T18:35:00+00:00,104.1,104.1,104.021,104.021,2237,104.0473
ONEQ,2026-09-17T18:35:00+00:00,2026-09-17T18:40:00+00:00,104.07,104.07,104.025,104.025,1536,104.04
ONEQ,2026-09-17T18:40:00+00:00,2026-09-17T18:45:00+00:00,104.0,104.025,104.0,104.025,1357,104.0167
ONEQ,2026-09-17T18:45:00+00:00,2026-09-17T18:50:00+00:00,104.055,104.055,104.055,104.055,1263,104.055
ONEQ,2026-09-17T18:50:00+00:00,2026-09-17T18:55:00+00:00,104.065,104.0899,104.05,104.06,2439,104.0666
ONEQ,2026-09-17T18:55:00+00:00,2026-09-17T19:00:00+00:00,104.05,104.0899,104.05,104.0899,1423,104.0766
ONEQ,2026-09-17T19:05:00+00:00,2026-09-17T19:10:00+00:00,104.155,104.165,104.13,104.16,3738,104.1517
ONEQ,2026-09-17T19:10:00+00:00,2026-09-17T19:15:00+00:00,104.13,104.155,104.13,104.155,873,104.1467
ONEQ,2026-09-17T19:15:00+00:00,2026-09-17T19:20:00+00:00,104.16,104.16,104.16,104.16,638,104.16
ONEQ,2026-09-17T19:20:00+00:00,2026-09-17T19:25:00+00:00,104.145,104.148,104.1301,104.1301,1266,104.1361
ONEQ,2026-09-17T19:25:00+00:00,2026-09-17T19:30:00+00:00,104.1599,104.1599,104.13,104.13,1375,104.14
ONEQ,2026-09-17T19:30:00+00:00,2026-09-17T19:35:00+00:00,104.16,104.18,104.16,104.18,3766,104.1733
ONEQ,2026-09-17T19:35:00+00:00,2026-09-17T19:40:00+00:00,104.2,104.2299,104.18,104.22,18199,104.21
ONEQ,2026-09-17T19:40:00+00:00,2026-09-17T19:45:00+00:00,104.205,104.23,104.16,104.23,4465,104.2067
ONEQ,2026-09-17T19:45:00+00:00,2026-09-17T19:50:00+00:00,104.25,104.25,104.15,104.2,3396,104.2
ONEQ,2026-09-17T19:50:00+00:00,2026-09-17T19:55:00+00:00,104.25,104.32,104.23,104.28,4180,104.2767
ONEQ,2026-09-17T19:55:00+00:00,2026-09-17T20:00:00+00:00,104.26,104.26,104.1024,104.1024,3827,104.1549
ONEQ,2026-09-18T13:30:00+00:00,2026-09-18T13:35:00+00:00,104.33,104.5146,104.23,104.35,10102,104.3649
ONEQ,2026-09-18T13:35:00+00:00,2026-09-18T13:40:00+00:00,104.4383,104.4383,104.35,104.38,2915,104.3894
ONEQ,2026-09-18T13:40:00+00:00,2026-09-18T13:45:00+00:00,104.39,104.49,104.39,104.49,1214,104.4567
ONEQ,2026-09-18T13:45:00+00:00,2026-09-18T13:50:00+00:00,104.37,104.37,104.24,104.32,2872,104.31
ONEQ,2026-09-18T13:50:00+00:00,2026-09-18T13:55:00+00:00,104.235,104.235,104.235,104.235,878,104.235
ONEQ,2026-09-18T13:55:00+00:00,2026-09-18T14:00:00+00:00,104.17,104.2022,104.1501,104.1506,7042,104.1676
ONEQ,2026-09-18T14:00:00+00:00,2026-09-18T14:05:00+00:00,104.1298,104.1298,104.0,104.0,2961,104.0433
ONEQ,2026-09-18T14:05:00+00:00,2026-09-18T14:10:00+00:00,103.99,104.0,103.97,103.97,1160,103.98
ONEQ,2026-09-18T14:10:00+00:00,2026-09-18T14:15:00+00:00,104.065,104.11,103.95,103.95,2084,104.0033
ONEQ,2026-09-18T14:20:00+00:00,2026-09-18T14:25:00+00:00,103.935,103.935,103.935,103.935,1839,103.935
ONEQ,2026-09-18T14:35:00+00:00,2026-09-18T14:40:00+00:00,103.9181,103.93,103.8993,103.93,955,103.9198
ONEQ,2026-09-18T14:40:00+00:00,2026-09-18T14:45:00+00:00,103.935,103.935,103.91,103.91,1649,103.9183
ONEQ,2026-09-18T14:45:00+00:00,2026-09-18T14:50:00+00:00,103.94,104.01,103.94,104.01,785,103.9867
ONEQ,2026-09-18T14:50:00+00:00,2026-09-18T14:55:00+00:00,104.0,104.0,104.0,104.0,171,104.0
ONEQ,2026-09-18T14:55:00+00:00,2026-09-18T15:00:00+00:00,104.0799,104.0799,104.03,104.03,822,104.0466
ONEQ,2026-09-18T15:00:00+00:00,2026-09-18T15:05:00+00:00,104.045,104.045,104.03,104.03,939,104.035
ONEQ,2026-09-18T15:05:00+00:00,2026-09-18T15:10:00+00:00,104.1,104.13,104.1,104.13,1474,104.12
ONEQ,2026-09-18T15:10:00+00:00,2026-09-18T15:15:00+00:00,104.039,104.039,103.94,103.9658,1306,103.9816
ONEQ,2026-09-18T15:15:00+00:00,2026-09-18T15:20:00+00:00,103.9882,103.9882,103.9882,103.9882,242,103.9882
ONEQ,2026-09-18T15:20:00+00:00,2026-09-18T15:25:00+00:00,103.985,103.995,103.985,103.995,525,103.9917
ONEQ,2026-09-18T15:25:00+00:00,2026-09-18T15:30:00+00:00,104.07,104.07,103.99,104.004,1774,104.0213
ONEQ,2026-09-18T15:30:00+00:00,2026-09-18T15:35:00+00:00,103.99,104.0,103.91,103.91,2271,103.94
ONEQ,2026-09-18T15:35:00+00:00,2026-09-18T15:40:00+00:00,103.94,103.94,103.925,103.925,1314,103.93
ONEQ,2026-09-18T15:40:00+00:00,2026-09-18T15:45:00+00:00,103.9,103.91,103.895,103.91,3548,103.905
ONEQ,2026-09-18T15:50:00+00:00,2026-09-18T15:55:00+00:00,103.95,103.95,103.92,103.93,1108,103.9333
ONEQ,2026-09-18T15:55:00+00:00,2026-09-18T16:00:00+00:00,103.895,103.895,103.866,103.895,4815,103.8853
ONEQ,2026-09-18T16:00:00+00:00,2026-09-18T16:05:00+00:00,103.86,103.86,103.8301,103.8301,486,103.8401
ONEQ,2026-09-18T16:05:00+00:00,2026-09-18T16:10:00+00:00,103.9,103.9,103.9,103.9,640,103.9
ONEQ,2026-09-18T16:10:00+00:00,2026-09-18T16:15:00+00:00,103.925,103.925,103.905,103.905,572,103.9117
ONEQ,2026-09-18T16:15:00+00:00,2026-09-18T16:20:00+00:00,103.885,103.9199,103.885,103.91,1294,103.905
ONEQ,2026-09-18T16:20:00+00:00,2026-09-18T16:25:00+00:00,103.905,103.905,103.905,103.905,812,103.905
ONEQ,2026-09-18T16:25:00+00:00,2026-09-18T16:30:00+00:00,103.7301,103.85,103.7301,103.85,1400,103.81
ONEQ,2026-09-18T16:35:00+00:00,2026-09-18T16:40:00+00:00,103.86,103.86,103.86,103.86,563,103.86
ONEQ,2026-09-18T16:40:00+00:00,2026-09-18T16:45:00+00:00,103.87,103.87,103.87,103.87,231,103.87
ONEQ,2026-09-18T16:45:00+00:00,2026-09-18T16:50:00+00:00,103.915,103.915,103.91,103.91,1365,103.9117
ONEQ,2026-09-18T16:50:00+00:00,2026-09-18T16:55:00+00:00,103.93,103.93,103.93,103.93,424,103.93
ONEQ,2026-09-18T16:55:00+00:00,2026-09-18T17:00:00+00:00,103.96,103.96,103.96,103.96,4503,103.96
ONEQ,2026-09-18T17:00:00+00:00,2026-09-18T17:05:00+00:00,103.9389,103.9389,103.9,103.9,2501,103.913
ONEQ,2026-09-18T17:05:00+00:00,2026-09-18T17:10:00+00:00,103.94,103.94,103.94,103.94,493,103.94
ONEQ,2026-09-18T17:10:00+00:00,2026-09-18T17:15:00+00:00,103.94,104.01,103.94,104.01,1309,103.9867
ONEQ,2026-09-18T17:15:00+00:00,2026-09-18T17:20:00+00:00,103.9866,103.9866,103.97,103.97,632,103.9755
ONEQ,2026-09-18T17:20:00+00:00,2026-09-18T17:25:00+00:00,103.9501,104.0031,103.9501,103.985,2133,103.9794
ONEQ,2026-09-18T17:25:00+00:00,2026-09-18T17:30:00+00:00,103.9895,104.0104,103.97,103.97,1474,103.9835
ONEQ,2026-09-18T17:30:00+00:00,2026-09-18T17:35:00+00:00,103.96,103.96,103.96,103.96,473,103.96
ONEQ,2026-09-18T17:35:00+00:00,2026-09-18T17:40:00+00:00,103.9799,103.9799,103.9799,103.9799,665,103.9799
ONEQ,2026-09-18T17:40:00+00:00,2026-09-18T17:45:00+00:00,104.01,104.01,104.0016,104.0016,1571,104.0044
ONEQ,2026-09-18T17:45:00+00:00,2026-09-18T17:50:00+00:00,104.06,104.06,104.03,104.03,1629,104.04
ONEQ,2026-09-18T17:55:00+00:00,2026-09-18T18:00:00+00:00,104.02,104.04,104.02,104.04,1303,104.0333
ONEQ,2026-09-18T18:00:00+00:00,2026-09-18T18:05:00+00:00,104.05,104.05,104.05,104.05,1432,104.05
ONEQ,2026-09-18T18:05:00+00:00,2026-09-18T18:10:00+00:00,104.04,104.0437,104.01,104.02,3624,104.0246
ONEQ,2026-09-18T18:10:00+00:00,2026-09-18T18:15:00+00:00,104.01,104.0212,104.0,104.0212,1110,104.0141
ONEQ,2026-09-18T18:15:00+00:00,2026-09-18T18:20:00+00:00,104.025,104.025,104.025,104.025,928,104.025
ONEQ,2026-09-18T18:20:00+00:00,2026-09-18T18:25:00+00:00,104.07,104.07,104.07,104.07,1282,104.07
ONEQ,2026-09-18T18:35:00+00:00,2026-09-18T18:40:00+00:00,104.09,104.09,104.09,104.09,101,104.09
ONEQ,2026-09-18T18:40:00+00:00,2026-09-18T18:45:00+00:00,104.06,104.06,104.05,104.0501,1319,104.0534
ONEQ,2026-09-18T18:45:00+00:00,2026-09-18T18:50:00+00:00,104.21,104.21,104.21,104.21,1233,104.21
ONEQ,2026-09-18T18:50:00+00:00,2026-09-18T18:55:00+00:00,104.22,104.22,104.215,104.215,1147,104.2167
ONEQ,2026-09-18T18:55:00+00:00,2026-09-18T19:00:00+00:00,104.26,104.26,104.26,104.26,468,104.26
ONEQ,2026-09-18T19:00:00+00:00,2026-09-18T19:05:00+00:00,104.25,104.25,104.25,104.25,461,104.25
ONEQ,2026-09-18T19:05:00+00:00,2026-09-18T19:10:00+00:00,104.27,104.27,104.27,104.27,359,104.27
ONEQ,2026-09-18T19:10:00+00:00,2026-09-18T19:15:00+00:00,104.24,104.2799,104.24,104.265,2348,104.2616
ONEQ,2026-09-18T19:15:00+00:00,2026-09-18T19:20:00+00:00,104.26,104.26,104.26,104.26,1214,104.26
ONEQ,2026-09-18T19:20:00+00:00,2026-09-18T19:25:00+00:00,104.275,104.3,104.275,104.3,2219,104.2917
ONEQ,2026-09-18T19:25:00+00:00,2026-09-18T19:30:00+00:00,104.27,104.3,104.27,104.3,3630,104.29
ONEQ,2026-09-18T19:30:00+00:00,2026-09-18T19:35:00+00:00,104.2205,104.238,104.22,104.22,3262,104.226
ONEQ,2026-09-18T19:35:00+00:00,2026-09-18T19:40:00+00:00,104.24,104.24,104.24,104.24,646,104.24
ONEQ,2026-09-18T19:40:00+00:00,2026-09-18T19:45:00+00:00,104.28,104.28,104.28,104.28,309,104.28
ONEQ,2026-09-18T19:45:00+00:00,2026-09-18T19:50:00+00:00,104.29,104.33,104.29,104.33,2117,104.3167
ONEQ,2026-09-18T19:50:00+00:00,2026-09-18T19:55:00+00:00,104.3,104.3087,104.295,104.295,1723,104.2996
ONEQ,2026-09-18T19:55:00+00:00,2026-09-18T20:00:00+00:00,104.385,104.4765,104.35,104.41,11906,104.4122
ONEQ,2026-09-21T13:30:00+00:00,2026-09-21T13:35:00+00:00,105.05,105.34,105.03,105.32,27602,105.23
ONEQ,2026-09-21T13:35:00+00:00,2026-09-21T13:40:00+00:00,105.33,105.459,105.3211,105.42,6714,105.4
ONEQ,2026-09-21T13:40:00+00:00,2026-09-21T13:45:00+00:00,105.48,105.525,105.425,105.525,8004,105.4917
ONEQ,2026-09-21T13:45:00+00:00,2026-09-21T13:50:00+00:00,105.55,105.66,105.55,105.605,7045,105.605
ONEQ,2026-09-21T13:50:00+00:00,2026-09-21T13:55:00+00:00,105.6,105.71,105.6,105.705,1703,105.6717
ONEQ,2026-09-21T13:55:00+00:00,2026-09-21T14:00:00+00:00,105.75,105.76,105.6816,105.76,9293,105.7339
ONEQ,2026-09-21T14:00:00+00:00,2026-09-21T14:05:00+00:00,105.771,105.7872,105.72,105.765,4168,105.7574
ONEQ,2026-09-21T14:05:00+00:00,2026-09-21T14:10:00+00:00,105.75,105.825,105.73,105.81,5780,105.7883
ONEQ,2026-09-21T14:10:00+00:00,2026-09-21T14:15:00+00:00,105.7875,105.87,105.7875,105.81,11496,105.8225
ONEQ,2026-09-21T14:15:00+00:00,2026-09-21T14:20:00+00:00,105.875,105.91,105.875,105.91,2256,105.8983
ONEQ,2026-09-21T14:20:00+00:00,2026-09-21T14:25:00+00:00,105.93,106.04,105.91,106.03,8328,105.9933
ONEQ,2026-09-21T14:25:00+00:00,2026-09-21T14:30:00+00:00,106.02,106.0607,106.02,106.052,3144,106.0442
ONEQ,2026-09-21T14:30:00+00:00,2026-09-21T14:35:00+00:00,106.0999,106.125,106.05,106.08,9410,106.085
ONEQ,2026-09-21T14:35:00+00:00,2026-09-21T14:40:00+00:00,106.1,106.1,106.1,106.1,2927,106.1
ONEQ,2026-09-21T14:40:00+00:00,2026-09-21T14:45:00+00:00,106.08,106.08,105.97,105.97,1459,106.0067
ONEQ,2026-09-21T14:45:00+00:00,2026-09-21T14:50:00+00:00,105.9857,105.9857,105.9857,105.9857,2112,105.9857
ONEQ,2026-09-21T14:50:00+00:00,2026-09-21T14:55:00+00:00,106.015,106.015,106.015,106.015,714,106.015
ONEQ,2026-09-21T14:55:00+00:00,2026-09-21T15:00:00+00:00,106.115,106.115,106.115,106.115,850,106.115
ONEQ,2026-09-21T15:00:00+00:00,2026-09-21T15:05:00+00:00,106.085,106.111,106.08,106.111,1315,106.1007
ONEQ,2026-09-21T15:05:00+00:00,2026-09-21T15:10:00+00:00,106.115,106.14,106.115,106.135,2340,106.13
ONEQ,2026-09-21T15:10:00+00:00,2026-09-21T15:15:00+00:00,106.18,106.18,106.18,106.18,2827,106.18
ONEQ,2026-09-21T15:15:00+00:00,2026-09-21T15:20:00+00:00,106.165,106.19,106.12,106.19,2776,106.1667
ONEQ,2026-09-21T15:20:00+00:00,2026-09-21T15:25:00+00:00,106.17,106.19,106.12,106.13,4530,106.1467
ONEQ,2026-09-21T15:25:00+00:00,2026-09-21T15:30:00+00:00,106.155,106.155,106.15,106.15,1016,106.1517
ONEQ,2026-09-21T15:30:00+00:00,2026-09-21T15:35:00+00:00,106.15,106.16,106.15,106.16,2091,106.1567
ONEQ,2026-09-21T15:35:00+00:00,2026-09-21T15:40:00+00:00,106.15,106.2497,106.15,106.2497,3655,106.2165
ONEQ,2026-09-21T15:40:00+00:00,2026-09-21T15:45:00+00:00,106.23,106.23,106.23,106.23,2185,106.23
ONEQ,2026-09-21T15:45:00+00:00,2026-09-21T15:50:00+00:00,106.26,106.315,106.26,106.315,3161,106.2967
ONEQ,2026-09-21T15:50:00+00:00,2026-09-21T15:55:00+00:00,106.3,106.305,106.295,106.305,1893,106.3017
ONEQ,2026-09-21T15:55:00+00:00,2026-09-21T16:00:00+00:00,106.285,106.29,106.2401,106.25,3610,106.26
ONEQ,2026-09-21T16:05:00+00:00,2026-09-21T16:10:00+00:00,106.315,106.38,106.315,106.38,1532,106.3583
ONEQ,2026-09-21T16:10:00+00:00,2026-09-21T16:15:00+00:00,106.38,106.4299,106.38,106.4,2076,106.4033
ONEQ,2026-09-21T16:15:00+00:00,2026-09-21T16:20:00+00:00,106.405,106.405,106.405,106.405,1230,106.405
ONEQ,2026-09-21T16:25:00+00:00,2026-09-21T16:30:00+00:00,106.4601,106.5,106.45,106.5,2369,106.4833
ONEQ,2026-09-21T16:30:00+00:00,2026-09-21T16:35:00+00:00,106.51,106.54,106.51,106.54,2013,106.53
ONEQ,2026-09-21T16:35:00+00:00,2026-09-21T16:40:00+00:00,106.54,106.54,106.54,106.54,1398,106.54
ONEQ,2026-09-21T16:40:00+00:00,2026-09-21T16:45:00+00:00,106.495,106.495,106.495,106.495,257,106.495
ONEQ,2026-09-21T16:45:00+00:00,2026-09-21T16:50:00+00:00,106.52,106.52,106.51,106.515,2760,106.515
ONEQ,2026-09-21T16:50:00+00:00,2026-09-21T16:55:00+00:00,106.52,106.525,106.46,106.46,1381,106.4817
ONEQ,2026-09-21T16:55:00+00:00,2026-09-21T17:00:00+00:00,106.52,106.52,106.49,106.49,1701,106.5
ONEQ,2026-09-21T17:00:00+00:00,2026-09-21T17:05:00+00:00,106.53,106.54,106.53,106.54,3360,106.5367
ONEQ,2026-09-21T17:05:00+00:00,2026-09-21T17:10:00+00:00,106.55,106.57,106.52,106.56,2151,106.55
ONEQ,2026-09-21T17:10:00+00:00,2026-09-21T17:15:00+00:00,106.545,106.59,106.53,106.59,4987,106.57
ONEQ,2026-09-21T17:15:00+00:00,2026-09-21T17:20:00+00:00,106.57,106.6,106.57,106.6,1313,106.59
ONEQ,2026-09-21T17:20:00+00:00,2026-09-21T17:25:00+00:00,106.565,106.565,106.565,106.565,892,106.565
ONEQ,2026-09-21T17:30:00+00:00,2026-09-21T17:35:00+00:00,106.5964,106.5964,106.52,106.545,1766,106.5538
ONEQ,2026-09-21T17:35:00+00:00,2026-09-21T17:40:00+00:00,106.525,106.59,106.525,106.59,4030,106.5683
ONEQ,2026-09-21T17:40:00+00:00,2026-09-21T17:45:00+00:00,106.555,106.64,106.555,106.63,3704,106.6083
ONEQ,2026-09-21T17:45:00+00:00,2026-09-21T17:50:00+00:00,106.675,106.685,106.63,106.65,5636,106.655
ONEQ,2026-09-21T17:50:00+00:00,2026-09-21T17:55:00+00:00,106.6804,106.6804,106.675,106.68,1098,106.6785
ONEQ,2026-09-21T17:55:00+00:00,2026-09-21T18:00:00+00:00,106.66,106.66,106.64,106.64,2519,106.6467
ONEQ,2026-09-21T18:00:00+00:00,2026-09-21T18:05:00+00:00,106.655,106.67,106.655,106.67,2051,106.665
ONEQ,2026-09-21T18:05:00+00:00,2026-09-21T18:10:00+00:00,106.67,106.685,106.67,106.68,2985,106.6783
ONEQ,2026-09-21T18:10:00+00:00,2026-09-21T18:15:00+00:00,106.68,106.7,106.68,106.7,9177,106.6933
ONEQ,2026-09-21T18:15:00+00:00,2026-09-21T18:20:00+00:00,106.69,106.69,106.69,106.69,384,106.69
ONEQ,2026-09-21T18:20:00+00:00,2026-09-21T18:25:00+00:00,106.73,106.78,106.73,106.78,1585,106.7633
ONEQ,2026-09-21T18:25:00+00:00,2026-09-21T18:30:00+00:00,106.7501,106.7628,106.7501,106.7628,1411,106.7586
ONEQ,2026-09-21T18:30:00+00:00,2026-09-21T18:35:00+00:00,106.74,106.74,106.72,106.725,1008,106.7283
ONEQ,2026-09-21T18:35:00+00:00,2026-09-21T18:40:00+00:00,106.725,106.755,106.725,106.755,580,106.745
ONEQ,2026-09-21T18:40:00+00:00,2026-09-21T18:45:00+00:00,106.775,106.79,106.775,106.79,1039,106.785
ONEQ,2026-09-21T18:45:00+00:00,2026-09-21T18:50:00+00:00,106.795,106.835,106.7801,106.835,3259,106.8167
ONEQ,2026-09-21T18:50:00+00:00,2026-09-21T18:55:00+00:00,106.81,106.9,106.81,106.9,3542,106.87
ONEQ,2026-09-21T18:55:00+00:00,2026-09-21T19:00:00+00:00,106.9,106.9,106.845,106.845,1277,106.8633
ONEQ,2026-09-21T19:00:00+00:00,2026-09-21T19:05:00+00:00,106.82,106.835,106.82,106.825,657,106.8267
ONEQ,2026-09-21T19:05:00+00:00,2026-09-21T19:10:00+00:00,106.805,106.8422,106.8,106.8422,2625,106.8281
ONEQ,2026-09-21T19:10:00+00:00,2026-09-21T19:15:00+00:00,106.84,106.89,106.817,106.89,3248,106.8657
ONEQ,2026-09-21T19:15:00+00:00,2026-09-21T19:20:00+00:00,106.87,106.895,106.87,106.895,2244,106.8867
ONEQ,2026-09-21T19:20:00+00:00,2026-09-21T19:25:00+00:00,106.895,106.915,106.86,106.905,6419,106.8933
ONEQ,2026-09-21T19:25:00+00:00,2026-09-21T19:30:00+00:00,106.9,106.92,106.885,106.91,7285,106.905
ONEQ,2026-09-21T19:30:00+00:00,2026-09-21T19:35:00+00:00,106.915,107.015,106.915,107.015,13859,106.9817
ONEQ,2026-09-21T19:35:00+00:00,2026-09-21T19:40:00+00:00,107.04,107.1,106.99,107.04,11484,107.0433
ONEQ,2026-09-21T19:40:00+00:00,2026-09-21T19:45:00+00:00,106.99,106.99,106.9601,106.9601,3253,106.9701
ONEQ,2026-09-21T19:45:00+00:00,2026-09-21T19:50:00+00:00,106.98,106.99,106.93,106.955,22803,106.9583
ONEQ,2026-09-21T19:50:00+00:00,2026-09-21T19:55:00+00:00,106.9,106.92,106.86,106.88,6099,106.8867
ONEQ,2026-09-21T19:55:00+00:00,2026-09-21T20:00:00+00:00,106.815,106.8899,106.79,106.79,10909,106.8233
ONEQ,2026-09-22T13:30:00+00:00,2026-09-22T13:35:00+00:00,106.99,107.23,106.99,107.16,17231,107.1267
ONEQ,2026-09-22T13:35:00+00:00,2026-09-22T13:40:00+00:00,107.21,107.35,107.21,107.35,4974,107.3033
ONEQ,2026-09-22T13:40:00+00:00,2026-09-22T13:45:00+00:00,107.33,107.3445,107.3,107.3,1751,107.3148
ONEQ,2026-09-22T13:45:00+00:00,2026-09-22T13:50:00+00:00,107.302,107.302,107.24,107.3,3807,107.2807
ONEQ,2026-09-22T13:50:00+00:00,2026-09-22T13:55:00+00:00,107.31,107.3495,107.31,107.32,2232,107.3265
ONEQ,2026-09-22T13:55:00+00:00,2026-09-22T14:00:00+00:00,107.3,107.32,107.23,107.23,2554,107.26
ONEQ,2026-09-22T14:00:00+00:00,2026-09-22T14:05:00+00:00,107.3099,107.3099,107.22,107.22,10226,107.25
ONEQ,2026-09-22T14:05:00+00:00,2026-09-22T14:10:00+00:00,107.23,107.235,107.188,107.188,8324,107.2037
ONEQ,2026-09-22T14:10:00+00:00,2026-09-22T14:15:00+00:00,107.3469,107.43,107.3469,107.35,1821,107.3756
ONEQ,2026-09-22T14:15:00+00:00,2026-09-22T14:20:00+00:00,107.36,107.37,107.27,107.27,1909,107.3033
ONEQ,2026-09-22T14:20:00+00:00,2026-09-22T14:25:00+00:00,107.305,107.31,107.27,107.29,2332,107.29
ONEQ,2026-09-22T14:25:00+00:00,2026-09-22T14:30:00+00:00,107.33,107.33,107.2701,107.33,2498,107.31
ONEQ,2026-09-22T14:30:00+00:00,2026-09-22T14:35:00+00:00,107.345,107.4499,107.345,107.4499,2166,107.4149
ONEQ,2026-09-22T14:35:00+00:00,2026-09-22T14:40:00+00:00,107.41,107.41,107.3399,107.39,1630,107.38
ONEQ,2026-09-22T14:40:00+00:00,2026-09-22T14:45:00+00:00,107.2993,107.2993,107.16,107.23,2992,107.2298
ONEQ,2026-09-22T14:45:00+00:00,2026-09-22T14:50:00+00:00,107.2199,107.3399,107.17,107.3399,5315,107.2833
ONEQ,2026-09-22T14:50:00+00:00,2026-09-22T14:55:00+00:00,107.31,107.31,107.275,107.2899,1623,107.2916
ONEQ,2026-09-22T14:55:00+00:00,2026-09-22T15:00:00+00:00,107.305,107.305,107.305,107.305,1181,107.305
ONEQ,2026-09-22T15:00:00+00:00,2026-09-22T15:05:00+00:00,107.24,107.27,107.23,107.24,2421,107.2467
ONEQ,2026-09-22T15:05:00+00:00,2026-09-22T15:10:00+00:00,107.245,107.29,107.245,107.26,1069,107.265
ONEQ,2026-09-22T15:10:00+00:00,2026-09-22T15:15:00+00:00,107.27,107.27,107.2,107.2,981,107.2233
ONEQ,2026-09-22T15:15:00+00:00,2026-09-22T15:20:00+00:00,107.255,107.279,107.255,107.265,5078,107.2663
ONEQ,2026-09-22T15:20:00+00:00,2026-09-22T15:25:00+00:00,107.2101,107.3,107.2101,107.255,3664,107.255
ONEQ,2026-09-22T15:25:00+00:00,2026-09-22T15:30:00+00:00,107.2401,107.3,107.2401,107.269,3394,107.2697
ONEQ,2026-09-22T15:30:00+00:00,2026-09-22T15:35:00+00:00,107.225,107.2389,107.1601,107.22,5635,107.2063
ONEQ,2026-09-22T15:35:00+00:00,2026-09-22T15:40:00+00:00,107.17,107.17,107.09,107.09,2095,107.1167
ONEQ,2026-09-22T15:40:00+00:00,2026-09-22T15:45:00+00:00,107.091,107.12,107.09,107.1,2462,107.1033
ONEQ,2026-09-22T15:45:00+00:00,2026-09-22T15:50:00+00:00,107.14,107.155,107.14,107.14,2333,107.145
ONEQ,2026-09-22T15:50:00+00:00,2026-09-22T15:55:00+00:00,107.135,107.135,107.11,107.11,853,107.1183
ONEQ,2026-09-22T15:55:00+00:00,2026-09-22T16:00:00+00:00,107.07,107.13,107.07,107.13,2518,107.11
ONEQ,2026-09-22T16:00:00+00:00,2026-09-22T16:05:00+00:00,107.145,107.17,107.05,107.102,2415,107.1073
ONEQ,2026-09-22T16:05:00+00:00,2026-09-22T16:10:00+00:00,107.1101,107.115,107.1,107.115,1804,107.11
ONEQ,2026-09-22T16:10:00+00:00,2026-09-22T16:15:00+00:00,107.16,107.16,107.16,107.16,667,107.16
ONEQ,2026-09-22T16:15:00+00:00,2026-09-22T16:20:00+00:00,107.135,107.135,107.095,107.095,1995,107.1083
ONEQ,2026-09-22T16:20:00+00:00,2026-09-22T16:25:00+00:00,107.1299,107.1299,107.03,107.03,2124,107.0633
ONEQ,2026-09-22T16:25:00+00:00,2026-09-22T16:30:00+00:00,107.06,107.07,107.011,107.011,3677,107.0307
ONEQ,2026-09-22T16:30:00+00:00,2026-09-22T16:35:00+00:00,107.01,107.1,107.01,107.1,1367,107.07
ONEQ,2026-09-22T16:35:00+00:00,2026-09-22T16:40:00+00:00,107.09,107.09,107.055,107.06,1249,107.0683
ONEQ,2026-09-22T16:40:00+00:00,2026-09-22T16:45:00+00:00,107.06,107.07,107.06,107.07,949,107.0667
ONEQ,2026-09-22T16:45:00+00:00,2026-09-22T16:50:00+00:00,107.1,107.15,107.1,107.15,2052,107.1333
ONEQ,2026-09-22T16:50:00+00:00,2026-09-22T16:55:00+00:00,107.18,107.18,107.18,107.18,517,107.18
ONEQ,2026-09-22T16:55:00+00:00,2026-09-22T17:00:00+00:00,107.1501,107.18,107.1501,107.18,394,107.17
ONEQ,2026-09-22T17:00:00+00:00,2026-09-22T17:05:00+00:00,107.175,107.195,107.17,107.195,1581,107.1867
ONEQ,2026-09-22T17:05:00+00:00,2026-09-22T17:10:00+00:00,107.22,107.22,107.185,107.185,774,107.1967
ONEQ,2026-09-22T17:10:00+00:00,2026-09-22T17:15:00+00:00,107.19,107.19,107.17,107.18,1740,107.18
ONEQ,2026-09-22T17:15:00+00:00,2026-09-22T17:20:00+00:00,107.205,107.205,107.18,107.2,5265,107.195
ONEQ,2026-09-22T17:20:00+00:00,2026-09-22T17:25:00+00:00,107.1855,107.19,107.17,107.19,1649,107.1833
ONEQ,2026-09-22T17:25:00+00:00,2026-09-22T17:30:00+00:00,107.195,107.25,107.195,107.23,1889,107.225
ONEQ,2026-09-22T17:30:00+00:00,2026-09-22T17:35:00+00:00,107.22,107.22,107.16,107.175,2040,107.185
ONEQ,2026-09-22T17:35:00+00:00,2026-09-22T17:40:00+00:00,107.169,107.17,107.14,107.16,2808,107.1567
ONEQ,2026-09-22T17:40:00+00:00,2026-09-22T17:45:00+00:00,107.155,107.21,107.14,107.19,1457,107.18
ONEQ,2026-09-22T17:45:00+00:00,2026-09-22T17:50:00+00:00,107.19,107.1951,107.18,107.19,2564,107.1884
ONEQ,2026-09-22T17:50:00+00:00,2026-09-22T17:55:00+00:00,107.1901,107.32,107.17,107.32,7785,107.27
ONEQ,2026-09-22T17:55:00+00:00,2026-09-22T18:00:00+00:00,107.29,107.3499,107.29,107.3499,616,107.3299
ONEQ,2026-09-22T18:00:00+00:00,2026-09-22T18:05:00+00:00,107.33,107.33,107.27,107.27,2825,107.29
ONEQ,2026-09-22T18:05:00+00:00,2026-09-22T18:10:00+00:00,107.29,107.3204,107.28,107.31,10853,107.3035
ONEQ,2026-09-22T18:10:00+00:00,2026-09-22T18:15:00+00:00,107.325,107.325,107.31,107.3184,2277,107.3178
ONEQ,2026-09-22T18:15:00+00:00,2026-09-22T18:20:00+00:00,107.325,107.3625,107.325,107.36,2102,107.3492
ONEQ,2026-09-22T18:20:00+00:00,2026-09-22T18:25:00+00:00,107.35,107.37,107.35,107.37,1833,107.3633
ONEQ,2026-09-22T18:25:00+00:00,2026-09-22T18:30:00+00:00,107.38,107.38,107.375,107.375,1028,107.3767
ONEQ,2026-09-22T18:30:00+00:00,2026-09-22T18:35:00+00:00,107.36,107.36,107.36,107.36,1119,107.36
ONEQ,2026-09-22T18:35:00+00:00,2026-09-22T18:40:00+00:00,107.34,107.34,107.285,107.285,1479,107.3033
ONEQ,2026-09-22T18:40:00+00:00,2026-09-22T18:45:00+00:00,107.2901,107.335,107.2901,107.335,585,107.32
ONEQ,2026-09-22T18:45:00+00:00,2026-09-22T18:50:00+00:00,107.35,107.35,107.31,107.35,899,107.3367
ONEQ,2026-09-22T18:50:00+00:00,2026-09-22T18:55:00+00:00,107.34,107.355,107.32,107.34,7617,107.3383
ONEQ,2026-09-22T18:55:00+00:00,2026-09-22T19:00:00+00:00,107.335,107.335,107.29,107.29,3365,107.305
ONEQ,2026-09-22T19:00:00+00:00,2026-09-22T19:05:00+00:00,107.28,107.305,107.28,107.295,1917,107.2933
ONEQ,2026-09-22T19:05:00+00:00,2026-09-22T19:10:00+00:00,107.29,107.33,107.28,107.33,5579,107.3133
ONEQ,2026-09-22T19:10:00+00:00,2026-09-22T19:15:00+00:00,107.3332,107.3665,107.3332,107.36,5063,107.3532
ONEQ,2026-09-22T19:15:00+00:00,2026-09-22T19:20:00+00:00,107.35,107.389,107.35,107.38,3185,107.373
ONEQ,2026-09-22T19:20:00+00:00,2026-09-22T19:25:00+00:00,107.38,107.3989,107.34,107.37,8070,107.3696
ONEQ,2026-09-22T19:25:00+00:00,2026-09-22T19:30:00+00:00,107.4,107.44,107.37,107.435,5103,107.415
ONEQ,2026-09-22T19:30:00+00:00,2026-09-22T19:35:00+00:00,107.43,107.49,107.4201,107.49,4047,107.4667
ONEQ,2026-09-22T19:35:00+00:00,2026-09-22T19:40:00+00:00,107.51,107.51,107.51,107.51,2236,107.51
ONEQ,2026-09-22T19:40:00+00:00,2026-09-22T19:45:00+00:00,107.43,107.435,107.43,107.435,1754,107.4333
ONEQ,2026-09-22T19:45:00+00:00,2026-09-22T19:50:00+00:00,107.45,107.5,107.44,107.5,5541,107.48
ONEQ,2026-09-22T19:50:00+00:00,2026-09-22T19:55:00+00:00,107.47,107.5,107.41,107.43,8343,107.4467
ONEQ,2026-09-22T19:55:00+00:00,2026-09-22T20:00:00+00:00,107.4,107.4,107.26,107.32,12577,107.3267
ONEQ,2026-09-23T13:30:00+00:00,2026-09-23T13:35:00+00:00,107.3773,107.3773,107.03,107.1,10516,107.1691
ONEQ,2026-09-23T13:35:00+00:00,2026-09-23T13:40:00+00:00,107.02,107.02,106.95,106.97,3555,106.98
ONEQ,2026-09-23T13:40:00+00:00,2026-09-23T13:45:00+00:00,106.97,107.01,106.94,107.01,8799,106.9867
ONEQ,2026-09-23T13:45:00+00:00,2026-09-23T13:50:00+00:00,106.95,106.95,106.7935,106.835,8039,106.8595
ONEQ,2026-09-23T13:50:00+00:00,2026-09-23T13:55:00+00:00,106.875,106.875,106.73,106.742,3068,106.7823
ONEQ,2026-09-23T13:55:00+00:00,2026-09-23T14:00:00+00:00,106.75,106.84,106.67,106.71,1585,106.74
ONEQ,2026-09-23T14:00:00+00:00,2026-09-23T14:05:00+00:00,106.7499,106.7499,106.59,106.59,1473,106.6433
ONEQ,2026-09-23T14:05:00+00:00,2026-09-23T14:10:00+00:00,106.53,106.53,106.4583,106.465,2047,106.4844
ONEQ,2026-09-23T14:10:00+00:00,2026-09-23T14:15:00+00:00,106.3,106.335,106.18,106.18,6828,106.2317
ONEQ,2026-09-23T14:15:00+00:00,2026-09-23T14:20:00+00:00,106.28,106.28,106.03,106.03,3216,106.1133
ONEQ,2026-09-23T14:20:00+00:00,2026-09-23T14:25:00+00:00,106.065,106.065,105.9739,106.01,2268,106.0163
ONEQ,2026-09-23T14:25:00+00:00,2026-09-23T14:30:00+00:00,105.9815,106.0955,105.9815,106.075,3098,106.0507
ONEQ,2026-09-23T14:30:00+00:00,2026-09-23T14:35:00+00:00,106.13,106.21,106.04,106.13,2533,106.1267
ONEQ,2026-09-23T14:35:00+00:00,2026-09-23T14:40:00+00:00,106.225,106.225,106.115,106.115,2257,106.1517
ONEQ,2026-09-23T14:40:00+00:00,2026-09-23T14:45:00+00:00,106.115,106.185,106.115,106.14,1793,106.1467
ONEQ,2026-09-23T14:45:00+00:00,2026-09-23T14:50:00+00:00,106.19,106.245,106.19,106.245,1298,106.2267
ONEQ,2026-09-23T14:50:00+00:00,2026-09-23T14:55:00+00:00,106.23,106.27,106.23,106.27,1539,106.2567
ONEQ,2026-09-23T14:55:00+00:00,2026-09-23T15:00:00+00:00,106.5299,106.5299,106.48,106.48,1370,106.4966
ONEQ,2026-09-23T15:00:00+00:00,2026-09-23T15:05:00+00:00,106.5099,106.5099,106.455,106.455,514,106.4733
ONEQ,2026-09-23T15:05:00+00:00,2026-09-23T15:10:00+00:00,106.455,106.47,106.4356,106.47,559,106.4585
ONEQ,2026-09-23T15:10:00+00:00,2026-09-23T15:15:00+00:00,106.4,106.45,106.4,106.41,1595,106.42
ONEQ,2026-09-23T15:15:00+00:00,2026-09-23T15:20:00+00:00,106.355,106.3652,106.355,106.3652,347,106.3618
ONEQ,2026-09-23T15:20:00+00:00,2026-09-23T15:25:00+00:00,106.38,106.48,106.375,106.48,1730,106.445
ONEQ,2026-09-23T15:25:00+00:00,2026-09-23T15:30:00+00:00,106.44,106.47,106.41,106.41,1478,106.43
ONEQ,2026-09-23T15:35:00+00:00,2026-09-23T15:40:00+00:00,106.36,106.36,106.285,106.285,998,106.31
ONEQ,2026-09-23T15:40:00+00:00,2026-09-23T15:45:00+00:00,106.29,106.31,106.23,106.31,1111,106.2833
ONEQ,2026-09-23T15:45:00+00:00,2026-09-23T15:50:00+00:00,106.3074,106.34,106.215,106.215,6016,106.2567
ONEQ,2026-09-23T15:50:00+00:00,2026-09-23T15:55:00+00:00,106.2,106.3,106.2,106.3,3641,106.2667
ONEQ,2026-09-23T15:55:00+00:00,2026-09-23T16:00:00+00:00,106.22,106.22,106.22,106.22,378,106.22
ONEQ,2026-09-23T16:00:00+00:00,2026-09-23T16:05:00+00:00,106.21,106.21,106.21,106.21,454,106.21
ONEQ,2026-09-23T16:05:00+00:00,2026-09-23T16:10:00+00:00,106.205,106.23,106.205,106.23,659,106.2217
ONEQ,2026-09-23T16:10:00+00:00,2026-09-23T16:15:00+00:00,106.235,106.26,106.2201,106.2201,2645,106.2334
ONEQ,2026-09-23T16:15:00+00:00,2026-09-23T16:20:00+00:00,106.235,106.24,106.2,106.21,1524,106.2167
ONEQ,2026-09-23T16:20:00+00:00,2026-09-23T16:25:00+00:00,106.181,106.1899,106.1536,106.1536,8617,106.1657
ONEQ,2026-09-23T16:25:00+00:00,2026-09-23T16:30:00+00:00,106.18,106.18,106.18,106.18,1889,106.18
ONEQ,2026-09-23T16:30:00+00:00,2026-09-23T16:35:00+00:00,106.16,106.2008,106.16,106.178,604,106.1796
ONEQ,2026-09-23T16:35:00+00:00,2026-09-23T16:40:00+00:00,106.2,106.2,106.14,106.1999,482,106.18
ONEQ,2026-09-23T16:40:00+00:00,2026-09-23T16:45:00+00:00,106.14,106.14,106.048,106.048,3210,106.0787
ONEQ,2026-09-23T16:45:00+00:00,2026-09-23T16:50:00+00:00,106.03,106.0951,106.02,106.0212,3233,106.0454
ONEQ,2026-09-23T16:50:00+00:00,2026-09-23T16:55:00+00:00,105.97,105.9899,105.94,105.96,1943,105.9633
ONEQ,2026-09-23T16:55:00+00:00,2026-09-23T17:00:00+00:00,105.97,106.015,105.945,106.015,1847,105.9917
ONEQ,2026-09-23T17:00:00+00:00,2026-09-23T17:05:00+00:00,106.02,106.05,105.9,105.9,7050,105.95
ONEQ,2026-09-23T17:05:00+00:00,2026-09-23T17:10:00+00:00,105.9,105.9,105.89,105.895,938,105.895
ONEQ,2026-09-23T17:10:00+00:00,2026-09-23T17:15:00+00:00,105.88,105.915,105.86,105.915,13891,105.8967
ONEQ,2026-09-23T17:15:00+00:00,2026-09-23T17:20:00+00:00,105.9,106.0299,105.9,106.0,860,105.9766
ONEQ,2026-09-23T17:20:00+00:00,2026-09-23T17:25:00+00:00,106.02,106.02,105.9516,105.9516,1097,105.9744
ONEQ,2026-09-23T17:25:00+00:00,2026-09-23T17:30:00+00:00,105.95,105.95,105.95,105.95,273,105.95
ONEQ,2026-09-23T17:30:00+00:00,2026-09-23T17:35:00+00:00,105.905,105.905,105.905,105.905,1334,105.905
ONEQ,2026-09-23T17:35:00+00:00,2026-09-23T17:40:00+00:00,105.94,106.0299,105.94,106.0132,5378,105.9944
ONEQ,2026-09-23T17:40:00+00:00,2026-09-23T17:45:00+00:00,105.97,106.14,105.97,106.14,2858,106.0833
ONEQ,2026-09-23T17:45:00+00:00,2026-09-23T17:50:00+00:00,106.23,106.23,106.165,106.1999,2049,106.1983
ONEQ,2026-09-23T17:50:00+00:00,2026-09-23T17:55:00+00:00,106.21,106.21,106.1601,106.19,1638,106.1867
ONEQ,2026-09-23T17:55:00+00:00,2026-09-23T18:00:00+00:00,106.2,106.215,106.2,106.215,1302,106.21
ONEQ,2026-09-23T18:00:00+00:00,2026-09-23T18:05:00+00:00,106.215,106.215,106.17,106.17,1550,106.185
ONEQ,2026-09-23T18:05:00+00:00,2026-09-23T18:10:00+00:00,106.1101,106.15,106.1101,106.15,1543,106.1367
ONEQ,2026-09-23T18:10:00+00:00,2026-09-23T18:15:00+00:00,106.1899,106.1899,106.16,106.16,1285,106.17
ONEQ,2026-09-23T18:15:00+00:00,2026-09-23T18:20:00+00:00,106.19,106.225,106.19,106.225,1917,106.2133
ONEQ,2026-09-23T18:20:00+00:00,2026-09-23T18:25:00+00:00,106.1927,106.1927,106.1927,106.1927,255,106.1927
ONEQ,2026-09-23T18:25:00+00:00,2026-09-23T18:30:00+00:00,106.2016,106.2016,106.2016,106.2016,416,106.2016
ONEQ,2026-09-23T18:30:00+00:00,2026-09-23T18:35:00+00:00,106.185,106.185,106.12,106.14,1264,106.1483
ONEQ,2026-09-23T18:35:00+00:00,2026-09-23T18:40:00+00:00,106.13,106.135,106.13,106.135,1072,106.1333
ONEQ,2026-09-23T18:40:00+00:00,2026-09-23T18:45:00+00:00,106.14,106.14,106.14,106.14,966,106.14
ONEQ,2026-09-23T18:45:00+00:00,2026-09-23T18:50:00+00:00,106.1,106.1601,106.1,106.1601,1574,106.1401
ONEQ,2026-09-23T18:50:00+00:00,2026-09-23T18:55:00+00:00,106.1501,106.18,106.13,106.13,9024,106.1467
ONEQ,2026-09-23T18:55:00+00:00,2026-09-23T19:00:00+00:00,106.17,106.17,106.17,106.17,439,106.17
ONEQ,2026-09-23T19:00:00+00:00,2026-09-23T19:05:00+00:00,106.165,106.17,106.1298,106.1298,3110,106.1432
ONEQ,2026-09-23T19:05:00+00:00,2026-09-23T19:10:00+00:00,106.16,106.16,106.16,106.16,1309,106.16
ONEQ,2026-09-23T19:15:00+00:00,2026-09-23T19:20:00+00:00,106.16,106.16,106.11,106.11,2118,106.1267
ONEQ,2026-09-23T19:20:00+00:00,2026-09-23T19:25:00+00:00,106.12,106.125,106.12,106.125,2281,106.1233
ONEQ,2026-09-23T19:30:00+00:00,2026-09-23T19:35:00+00:00,106.13,106.15,106.13,106.14,1009,106.14
ONEQ,2026-09-23T19:35:00+00:00,2026-09-23T19:40:00+00:00,106.155,106.155,106.12,106.135,636,106.1367
ONEQ,2026-09-23T19:40:00+00:00,2026-09-23T19:45:00+00:00,106.12,106.12,106.025,106.025,1779,106.0567
ONEQ,2026-09-23T19:45:00+00:00,2026-09-23T19:50:00+00:00,106.06,106.11,106.06,106.11,737,106.0933
ONEQ,2026-09-23T19:50:00+00:00,2026-09-23T19:55:00+00:00,106.06,106.06,105.96,106.03,3817,106.0167
ONEQ,2026-09-23T19:55:00+00:00,2026-09-23T20:00:00+00:00,105.98,106.13,105.98,106.13,9715,106.08
ONEQ,2026-09-24T13:30:00+00:00,2026-09-24T13:35:00+00:00,105.3,105.4,105.28,105.4,11150,105.36
ONEQ,2026-09-24T13:35:00+00:00,2026-09-24T13:40:00+00:00,105.45,105.54,105.4388,105.515,12448,105.4979
ONEQ,2026-09-24T13:40:00+00:00,2026-09-24T13:45:00+00:00,105.495,105.495,105.37,105.37,1937,105.4117
ONEQ,2026-09-24T13:45:00+00:00,2026-09-24T13:50:00+00:00,105.39,105.45,105.37,105.37,4283,105.3967
ONEQ,2026-09-24T13:50:00+00:00,2026-09-24T13:55:00+00:00,105.36,105.38,105.31,105.355,12550,105.3483
ONEQ,2026-09-24T13:55:00+00:00,2026-09-24T14:00:00+00:00,105.3,105.46,105.29,105.46,2974,105.4033
ONEQ,2026-09-24T14:00:00+00:00,2026-09-24T14:05:00+00:00,105.49,105.5101,105.46,105.46,3815,105.4767
ONEQ,2026-09-24T14:05:00+00:00,2026-09-24T14:10:00+00:00,105.5,105.5607,105.5,105.5607,813,105.5405
ONEQ,2026-09-24T14:10:00+00:00,2026-09-24T14:15:00+00:00,105.51,105.51,105.45,105.45,2100,105.47
ONEQ,2026-09-24T14:15:00+00:00,2026-09-24T14:20:00+00:00,105.49,105.49,105.49,105.49,356,105.49
ONEQ,2026-09-24T14:20:00+00:00,2026-09-24T14:25:00+00:00,105.53,105.53,105.5245,105.53,2055,105.5282
ONEQ,2026-09-24T14:25:00+00:00,2026-09-24T14:30:00+00:00,105.53,105.58,105.53,105.58,748,105.5633
ONEQ,2026-09-24T14:30:00+00:00,2026-09-24T14:35:00+00:00,105.5699,105.5823,105.56,105.58,1353,105.5741
ONEQ,2026-09-24T14:35:00+00:00,2026-09-24T14:40:00+00:00,105.61,105.61,105.545,105.545,1229,105.5667
ONEQ,2026-09-24T14:40:00+00:00,2026-09-24T14:45:00+00:00,105.5699,105.5699,105.4955,105.4955,2588,105.5203
ONEQ,2026-09-24T14:45:00+00:00,2026-09-24T14:50:00+00:00,105.43,105.53,105.43,105.53,2288,105.4967
ONEQ,2026-09-24T14:50:00+00:00,2026-09-24T14:55:00+00:00,105.51,105.53,105.418,105.44,3062,105.4627
ONEQ,2026-09-24T14:55:00+00:00,2026-09-24T15:00:00+00:00,105.36,105.36,105.285,105.3,3488,105.315
ONEQ,2026-09-24T15:00:00+00:00,2026-09-24T15:05:00+00:00,105.3451,105.39,105.34,105.39,878,105.3733
ONEQ,2026-09-24T15:05:00+00:00,2026-09-24T15:10:00+00:00,105.285,105.285,105.23,105.2301,2333,105.2484
ONEQ,2026-09-24T15:10:00+00:00,2026-09-24T15:15:00+00:00,105.26,105.28,105.225,105.225,1620,105.2433
ONEQ,2026-09-24T15:15:00+00:00,2026-09-24T15:20:00+00:00,105.2899,105.2899,105.2899,105.2899,588,105.2899
ONEQ,2026-09-24T15:20:00+00:00,2026-09-24T15:25:00+00:00,105.23,105.36,105.23,105.36,1257,105.3167
ONEQ,2026-09-24T15:25:00+00:00,2026-09-24T15:30:00+00:00,105.33,105.33,105.23,105.2663,691,105.2754
ONEQ,2026-09-24T15:30:00+00:00,2026-09-24T15:35:00+00:00,105.25,105.26,105.2101,105.26,1076,105.2434
ONEQ,2026-09-24T15:35:00+00:00,2026-09-24T15:40:00+00:00,105.2298,105.3,105.2298,105.3,1998,105.2766
ONEQ,2026-09-24T15:40:00+00:00,2026-09-24T15:45:00+00:00,105.25,105.25,105.25,105.25,887,105.25
ONEQ,2026-09-24T15:45:00+00:00,2026-09-24T15:50:00+00:00,105.3452,105.3452,105.22,105.245,2808,105.2701
ONEQ,2026-09-24T15:50:00+00:00,2026-09-24T15:55:00+00:00,105.375,105.395,105.3604,105.39,2664,105.3818
ONEQ,2026-09-24T15:55:00+00:00,2026-09-24T16:00:00+00:00,105.34,105.37,105.34,105.355,1314,105.355
ONEQ,2026-09-24T16:00:00+00:00,2026-09-24T16:05:00+00:00,105.32,105.32,105.32,105.32,309,105.32
ONEQ,2026-09-24T16:05:00+00:00,2026-09-24T16:10:00+00:00,105.3,105.31,105.28,105.28,1200,105.29
ONEQ,2026-09-24T16:10:00+00:00,2026-09-24T16:15:00+00:00,105.21,105.41,105.21,105.39,3315,105.3367
ONEQ,2026-09-24T16:15:00+00:00,2026-09-24T16:20:00+00:00,105.46,105.98,105.45,105.86,5308,105.7633
ONEQ,2026-09-24T16:20:00+00:00,2026-09-24T16:25:00+00:00,105.83,105.83,105.7901,105.8001,2022,105.8067
ONEQ,2026-09-24T16:30:00+00:00,2026-09-24T16:35:00+00:00,105.8001,105.8001,105.8001,105.8001,826,105.8001
ONEQ,2026-09-24T16:35:00+00:00,2026-09-24T16:40:00+00:00,105.97,105.99,105.965,105.99,2312,105.9817
ONEQ,2026-09-24T16:40:00+00:00,2026-09-24T16:45:00+00:00,106.05,106.195,106.05,106.195,1996,106.1467
ONEQ,2026-09-24T16:45:00+00:00,2026-09-24T16:50:00+00:00,105.97,106.03,105.97,106.03,457,106.01
ONEQ,2026-09-24T16:50:00+00:00,2026-09-24T16:55:00+00:00,106.12,106.1499,106.07,106.075,1911,106.0983
ONEQ,2026-09-24T16:55:00+00:00,2026-09-24T17:00:00+00:00,106.031,106.15,106.031,106.15,2482,106.1103
ONEQ,2026-09-24T17:00:00+00:00,2026-09-24T17:05:00+00:00,106.04,106.12,106.04,106.11,2755,106.09
ONEQ,2026-09-24T17:05:00+00:00,2026-09-24T17:10:00+00:00,106.18,106.1899,106.17,106.18,3426,106.18
ONEQ,2026-09-24T17:10:00+00:00,2026-09-24T17:15:00+00:00,106.115,106.165,106.09,106.165,2882,106.14
ONEQ,2026-09-24T17:15:00+00:00,2026-09-24T17:20:00+00:00,106.11,106.11,106.03,106.03,1270,106.0567
ONEQ,2026-09-24T17:20:00+00:00,2026-09-24T17:25:00+00:00,106.03,106.03,105.99,106.016,1503,106.012
ONEQ,2026-09-24T17:25:00+00:00,2026-09-24T17:30:00+00:00,105.965,105.965,105.86,105.96,1275,105.9283
ONEQ,2026-09-24T17:30:00+00:00,2026-09-24T17:35:00+00:00,105.988,105.988,105.988,105.988,445,105.988
ONEQ,2026-09-24T17:34:11+00:00,2026-09-24T17:39:11+00:00,105.94,105.94,105.94,105.94,0,105.94
